{
 "type": "FeatureCollection",
 "metadatos": {
  "fuente": "OpenStreetMap via Overpass API",
  "licencia": "ODbL 1.0 - (c) colaboradores de OpenStreetMap",
  "descargado": "2026-08-16T15:54:07Z",
  "bbox": [
   40.4853,
   -3.698,
   40.4895,
   -3.69
  ],
  "origen_proyeccion": {
   "lat": 40.4874,
   "lon": -3.694
  },
  "generado_por": "scripts/fetch_recinto.py"
 },
 "features": [
  {
   "type": "Feature",
   "properties": {
    "osm": "node/1439699518",
    "bench": "yes",
    "bus": "yes",
    "highway": "bus_stop",
    "name": "Fermín Caballero-Alfredo Marqueríe",
    "network": "Empresa Municipal de Transportes de Madrid",
    "network:short": "EMT Madrid",
    "network:wikidata": "Q1094755",
    "operator": "Empresa Municipal de Transportes de Madrid",
    "operator:short": "EMT Madrid",
    "operator:wikidata": "Q1094755",
    "public_transport": "platform",
    "ref": "1638",
    "shelter": "yes",
    "source": "https://navegapormadrid.emtmadrid.es/app/",
    "tactile_paving": "yes",
    "xy": [
     -276.84,
     31.14
    ]
   },
   "geometry": {
    "type": "Point",
    "coordinates": [
     -3.6972699,
     40.4871203
    ]
   }
  },
  {
   "type": "Feature",
   "properties": {
    "osm": "node/1439699965",
    "bus": "yes",
    "highway": "bus_stop",
    "name": "Antonio Robles-Hospital Ramón y Cajal",
    "network": "Empresa Municipal de Transportes de Madrid",
    "network:short": "EMT Madrid",
    "network:wikidata": "Q1094755",
    "operator": "Empresa Municipal de Transportes de Madrid",
    "operator:short": "EMT Madrid",
    "operator:wikidata": "Q1094755",
    "public_transport": "platform",
    "ref": "3271",
    "source": "https://navegapormadrid.emtmadrid.es/app/",
    "xy": [
     58.53,
     125.93
    ]
   },
   "geometry": {
    "type": "Point",
    "coordinates": [
     -3.6933087,
     40.4862688
    ]
   }
  },
  {
   "type": "Feature",
   "properties": {
    "osm": "node/1439703752",
    "bench": "yes",
    "bin": "no",
    "bus": "yes",
    "highway": "bus_stop",
    "name": "Hospital Ramón y Cajal",
    "network": "Empresa Municipal de Transportes de Madrid",
    "network:short": "EMT Madrid",
    "network:wikidata": "Q1094755",
    "operator": "Empresa Municipal de Transportes de Madrid",
    "operator:short": "EMT Madrid",
    "operator:wikidata": "Q1094755",
    "public_transport": "platform",
    "ref": "955",
    "shelter": "yes",
    "source": "https://navegapormadrid.emtmadrid.es/app/",
    "tactile_paving": "yes",
    "url": "https://www.crtm.es/widgets/#/stop/8_955",
    "xy": [
     -253.43,
     34.23
    ]
   },
   "geometry": {
    "type": "Point",
    "coordinates": [
     -3.6969934,
     40.4870925
    ]
   }
  },
  {
   "type": "Feature",
   "properties": {
    "osm": "node/1439705605",
    "bus": "yes",
    "highway": "bus_stop",
    "name": "Hospital Ramón y Cajal-Consultas",
    "network": "Empresa Municipal de Transportes de Madrid",
    "network:short": "EMT Madrid",
    "network:wikidata": "Q1094755",
    "operator": "Empresa Municipal de Transportes de Madrid",
    "operator:short": "EMT Madrid",
    "operator:wikidata": "Q1094755",
    "public_transport": "platform",
    "ref": "4932",
    "source": "https://navegapormadrid.emtmadrid.es/app/",
    "xy": [
     -146.75,
     -97.25
    ]
   },
   "geometry": {
    "type": "Point",
    "coordinates": [
     -3.6957333,
     40.4882736
    ]
   }
  },
  {
   "type": "Feature",
   "properties": {
    "osm": "node/1439705609",
    "bench": "yes",
    "bus": "yes",
    "highway": "bus_stop",
    "lit": "yes",
    "name": "Hospital Ramón y Cajal",
    "network": "Empresa Municipal de Transportes de Madrid",
    "network:short": "EMT Madrid",
    "network:wikidata": "Q1094755",
    "operator": "Empresa Municipal de Transportes de Madrid",
    "operator:short": "EMT Madrid",
    "operator:wikidata": "Q1094755",
    "public_transport": "platform",
    "ref": "3270",
    "shelter": "yes",
    "source": "https://navegapormadrid.emtmadrid.es/app/",
    "tactile_paving": "yes",
    "xy": [
     25.7,
     -41.19
    ]
   },
   "geometry": {
    "type": "Point",
    "coordinates": [
     -3.6936965,
     40.48777
    ]
   }
  },
  {
   "type": "Feature",
   "properties": {
    "osm": "node/1439711348",
    "bus": "yes",
    "highway": "bus_stop",
    "name": "Antonio Robles-Hospital Ramón y Cajal",
    "network": "Empresa Municipal de Transportes de Madrid",
    "network:short": "EMT Madrid",
    "network:wikidata": "Q1094755",
    "operator": "Empresa Municipal de Transportes de Madrid",
    "operator:short": "EMT Madrid",
    "operator:wikidata": "Q1094755",
    "public_transport": "platform",
    "ref": "3269",
    "source": "https://navegapormadrid.emtmadrid.es/app/",
    "xy": [
     72.73,
     166.79
    ]
   },
   "geometry": {
    "type": "Point",
    "coordinates": [
     -3.693141,
     40.4859017
    ]
   }
  },
  {
   "type": "Feature",
   "properties": {
    "osm": "node/1439711350",
    "bus": "yes",
    "highway": "bus_stop",
    "name": "Hospital Ramón y Cajal-Consultas",
    "network": "Empresa Municipal de Transportes de Madrid",
    "network:short": "EMT Madrid",
    "network:wikidata": "Q1094755",
    "operator": "Empresa Municipal de Transportes de Madrid",
    "operator:short": "EMT Madrid",
    "operator:wikidata": "Q1094755",
    "public_transport": "platform",
    "ref": "4934",
    "shelter": "yes",
    "source": "https://navegapormadrid.emtmadrid.es/app/",
    "tactile_paving": "yes",
    "xy": [
     -194.2,
     -27.59
    ]
   },
   "geometry": {
    "type": "Point",
    "coordinates": [
     -3.6962938,
     40.4876478
    ]
   }
  },
  {
   "type": "Feature",
   "properties": {
    "osm": "node/1439712103",
    "bench": "yes",
    "bin": "no",
    "bus": "yes",
    "highway": "bus_stop",
    "lit": "yes",
    "name": "Virgen de Aranzazu-San Dacio",
    "network": "Empresa Municipal de Transportes de Madrid",
    "network:short": "EMT Madrid",
    "network:wikidata": "Q1094755",
    "operator": "Empresa Municipal de Transportes de Madrid",
    "operator:short": "EMT Madrid",
    "operator:wikidata": "Q1094755",
    "public_transport": "platform",
    "ref": "3236",
    "shelter": "yes",
    "source": "https://navegapormadrid.emtmadrid.es/app/",
    "tactile_paving": "yes",
    "xy": [
     329.29,
     164.13
    ]
   },
   "geometry": {
    "type": "Point",
    "coordinates": [
     -3.6901106,
     40.4859256
    ]
   }
  },
  {
   "type": "Feature",
   "properties": {
    "osm": "node/3028863008",
    "bench": "yes",
    "bus": "yes",
    "highway": "bus_stop",
    "name": "Hospital Ramón y Cajal",
    "network": "Empresa Municipal de Transportes de Madrid",
    "network:short": "EMT Madrid",
    "network:wikidata": "Q1094755",
    "operator": "Empresa Municipal de Transportes de Madrid",
    "operator:short": "EMT Madrid",
    "operator:wikidata": "Q1094755",
    "public_transport": "platform",
    "ref": "3670",
    "shelter": "yes",
    "tactile_paving": "yes",
    "wheelchair": "yes",
    "xy": [
     -257.18,
     -54.39
    ]
   },
   "geometry": {
    "type": "Point",
    "coordinates": [
     -3.6970377,
     40.4878886
    ]
   }
  },
  {
   "type": "Feature",
   "properties": {
    "osm": "node/8930983448",
    "bench": "yes",
    "bus": "yes",
    "highway": "bus_stop",
    "name": "Hospital Ramón y Cajal",
    "public_transport": "platform",
    "ref": "3670",
    "shelter": "yes",
    "url": "https://www.crtm.es/widgets/#/stop/8_3670",
    "xy": [
     -275.68,
     -89.87
    ]
   },
   "geometry": {
    "type": "Point",
    "coordinates": [
     -3.6972562,
     40.4882073
    ]
   }
  },
  {
   "type": "Feature",
   "properties": {
    "osm": "node/12252032597",
    "bus": "yes",
    "highway": "bus_stop",
    "name": "Alfredo Marqueríe - Fermín Caballero",
    "network": "Empresa Municipal de Transportes de Madrid",
    "network:short": "EMT Madrid",
    "network:wikidata": "Q1094755",
    "operator": "Empresa Municipal de Transportes de Madrid",
    "operator:short": "EMT Madrid",
    "operator:wikidata": "Q1094755",
    "public_transport": "platform",
    "ref": "51008",
    "source": "https://mobilitylabs.emtmadrid.es/",
    "source:date": "2024-10-14",
    "xy": [
     -308.12,
     -28.51
    ]
   },
   "geometry": {
    "type": "Point",
    "coordinates": [
     -3.6976393,
     40.4876561
    ]
   }
  },
  {
   "type": "Feature",
   "properties": {
    "osm": "node/12252228504",
    "bus": "yes",
    "highway": "bus_stop",
    "name": "Hospital Ramón Y Cajal",
    "network": "Empresa Municipal de Transportes de Madrid",
    "network:short": "EMT Madrid",
    "network:wikidata": "Q1094755",
    "operator": "Empresa Municipal de Transportes de Madrid",
    "operator:short": "EMT Madrid",
    "operator:wikidata": "Q1094755",
    "public_transport": "platform",
    "ref": "5929",
    "source": "https://mobilitylabs.emtmadrid.es/",
    "source:date": "2024-10-14",
    "xy": [
     -122.67,
     59.93
    ]
   },
   "geometry": {
    "type": "Point",
    "coordinates": [
     -3.6954489,
     40.4868616
    ]
   }
  },
  {
   "type": "Feature",
   "properties": {
    "osm": "way/4083879",
    "highway": "motorway",
    "lanes": "3",
    "maxspeed": "50",
    "name": "Calle 30",
    "oneway": "yes",
    "ref": "M-30",
    "ref:colour": "blue",
    "surface": "asphalt",
    "xy": [
     [
      -55.28,
      189.88
     ],
     [
      -78.18,
      194.01
     ],
     [
      -100.29,
      200.22
     ],
     [
      -141.74,
      217.41
     ],
     [
      -177.93,
      234.79
     ],
     [
      -210.53,
      251.66
     ],
     [
      -238.76,
      264.81
     ]
    ]
   },
   "geometry": {
    "type": "LineString",
    "coordinates": [
     [
      -3.6946529,
      40.4856943
     ],
     [
      -3.6949234,
      40.4856572
     ],
     [
      -3.6951846,
      40.4856014
     ],
     [
      -3.6956742,
      40.485447
     ],
     [
      -3.6961016,
      40.4852909
     ],
     [
      -3.6964867,
      40.4851393
     ],
     [
      -3.6968201,
      40.4850212
     ]
    ]
   }
  },
  {
   "type": "Feature",
   "properties": {
    "osm": "way/4292691",
    "highway": "residential",
    "lanes": "1",
    "lit": "yes",
    "maxspeed": "50",
    "name": "Calle de Alfredo Marqueríe",
    "oneway": "yes",
    "postal_code": "28034",
    "sidewalk:both": "separate",
    "surface": "asphalt",
    "xy": [
     [
      -297.98,
      -14.66
     ],
     [
      -286.76,
      6.81
     ],
     [
      -279.81,
      17.88
     ],
     [
      -272.76,
      28.25
     ],
     [
      -235.98,
      81.34
     ],
     [
      -222.21,
      101.55
     ],
     [
      -196.51,
      139.26
     ],
     [
      -192.87,
      147.5
     ],
     [
      -191.33,
      156.3
     ],
     [
      -193.15,
      171.11
     ]
    ]
   },
   "geometry": {
    "type": "LineString",
    "coordinates": [
     [
      -3.6975196,
      40.4875317
     ],
     [
      -3.697387,
      40.4873388
     ],
     [
      -3.6973049,
      40.4872394
     ],
     [
      -3.6972217,
      40.4871462
     ],
     [
      -3.6967873,
      40.4866693
     ],
     [
      -3.6966246,
      40.4864878
     ],
     [
      -3.696321,
      40.486149
     ],
     [
      -3.6962781,
      40.486075
     ],
     [
      -3.6962599,
      40.4859959
     ],
     [
      -3.6962814,
      40.4858629
     ]
    ]
   }
  },
  {
   "type": "Feature",
   "properties": {
    "osm": "way/4681039",
    "highway": "residential",
    "lanes": "1",
    "lit": "yes",
    "maxspeed": "50",
    "name": "Calle de Fermín Caballero",
    "oneway": "yes",
    "postal_code": "28034",
    "sidewalk:both": "separate",
    "surface": "asphalt",
    "xy": [
     [
      -297.98,
      -14.66
     ],
     [
      -299.72,
      -8.54
     ],
     [
      -303.0,
      -3.25
     ],
     [
      -306.27,
      0.12
     ],
     [
      -310.04,
      2.73
     ],
     [
      -312.57,
      3.78
     ],
     [
      -338.83,
      9.07
     ],
     [
      -359.02,
      14.14
     ],
     [
      -389.23,
      19.21
     ],
     [
      -393.16,
      19.78
     ],
     [
      -397.25,
      20.48
     ]
    ]
   },
   "geometry": {
    "type": "LineString",
    "coordinates": [
     [
      -3.6975196,
      40.4875317
     ],
     [
      -3.6975401,
      40.4874767
     ],
     [
      -3.6975788,
      40.4874292
     ],
     [
      -3.6976175,
      40.4873989
     ],
     [
      -3.697662,
      40.4873755
     ],
     [
      -3.6976919,
      40.487366
     ],
     [
      -3.6980021,
      40.4873185
     ],
     [
      -3.6982405,
      40.487273
     ],
     [
      -3.6985973,
      40.4872274
     ],
     [
      -3.6986437,
      40.4872223
     ],
     [
      -3.6986921,
      40.487216
     ]
    ]
   }
  },
  {
   "type": "Feature",
   "properties": {
    "osm": "way/4873024",
    "crossing": "uncontrolled",
    "crossing:markings": "yes",
    "footway": "crossing",
    "highway": "footway",
    "name": "Calle de Antoniorrobles",
    "postal_code": "28034",
    "surface": "asphalt",
    "xy": [
     [
      255.23,
      -46.41
     ],
     [
      257.82,
      -43.2
     ],
     [
      260.33,
      -41.02
     ]
    ]
   },
   "geometry": {
    "type": "LineString",
    "coordinates": [
     [
      -3.6909854,
      40.4878169
     ],
     [
      -3.6909548,
      40.4877881
     ],
     [
      -3.6909251,
      40.4877685
     ]
    ]
   }
  },
  {
   "type": "Feature",
   "properties": {
    "osm": "way/4873030",
    "highway": "residential",
    "lanes": "1",
    "name": "Calle de Antoniorrobles",
    "oneway": "yes",
    "postal_code": "28034",
    "sidewalk:both": "separate",
    "surface": "asphalt",
    "xy": [
     [
      72.19,
      120.52
     ],
     [
      61.02,
      128.33
     ],
     [
      46.9,
      140.25
     ],
     [
      43.25,
      143.35
     ],
     [
      33.08,
      150.33
     ],
     [
      30.86,
      154.91
     ]
    ]
   },
   "geometry": {
    "type": "LineString",
    "coordinates": [
     [
      -3.6931473,
      40.4863174
     ],
     [
      -3.6932793,
      40.4862472
     ],
     [
      -3.693446,
      40.4861401
     ],
     [
      -3.6934892,
      40.4861123
     ],
     [
      -3.6936093,
      40.4860496
     ],
     [
      -3.6936355,
      40.4860084
     ]
    ]
   }
  },
  {
   "type": "Feature",
   "properties": {
    "osm": "way/4873032",
    "access": "emergency",
    "highway": "service",
    "lanes": "1",
    "oneway": "yes",
    "surface": "asphalt",
    "xy": [
     [
      -52.36,
      115.59
     ],
     [
      -47.78,
      110.41
     ],
     [
      -39.06,
      106.3
     ],
     [
      -8.98,
      108.51
     ],
     [
      -4.11,
      109.52
     ],
     [
      -0.09,
      111.92
     ],
     [
      2.34,
      115.0
     ],
     [
      3.49,
      117.83
     ],
     [
      3.95,
      121.84
     ],
     [
      2.67,
      126.52
     ],
     [
      0.2,
      133.06
     ],
     [
      -3.51,
      139.78
     ]
    ]
   },
   "geometry": {
    "type": "LineString",
    "coordinates": [
     [
      -3.6946184,
      40.4863616
     ],
     [
      -3.6945644,
      40.4864082
     ],
     [
      -3.6944614,
      40.4864451
     ],
     [
      -3.6941061,
      40.4864252
     ],
     [
      -3.6940486,
      40.4864162
     ],
     [
      -3.6940011,
      40.4863946
     ],
     [
      -3.6939724,
      40.4863669
     ],
     [
      -3.6939588,
      40.4863415
     ],
     [
      -3.6939533,
      40.4863055
     ],
     [
      -3.6939685,
      40.4862635
     ],
     [
      -3.6939976,
      40.4862047
     ],
     [
      -3.6940414,
      40.4861443
     ]
    ]
   }
  },
  {
   "type": "Feature",
   "properties": {
    "osm": "way/4875048",
    "highway": "motorway",
    "lanes": "3",
    "maxspeed": "50",
    "name": "Calle 30",
    "oneway": "yes",
    "ref": "M-30",
    "ref:colour": "blue",
    "surface": "asphalt",
    "xy": [
     [
      26.97,
      187.64
     ],
     [
      6.24,
      186.31
     ],
     [
      -11.11,
      186.02
     ],
     [
      -33.71,
      187.55
     ],
     [
      -55.28,
      189.88
     ]
    ]
   },
   "geometry": {
    "type": "LineString",
    "coordinates": [
     [
      -3.6936814,
      40.4857144
     ],
     [
      -3.6939263,
      40.4857264
     ],
     [
      -3.6941312,
      40.485729
     ],
     [
      -3.6943982,
      40.4857152
     ],
     [
      -3.6946529,
      40.4856943
     ]
    ]
   }
  },
  {
   "type": "Feature",
   "properties": {
    "osm": "way/9799500",
    "electrified": "contact_line",
    "frequency": "0",
    "gauge": "1668",
    "maxspeed": "90",
    "name": "Línea Madrid-Hendaya",
    "railway": "rail",
    "railway:etcs": "2",
    "ref": "100",
    "usage": "main",
    "voltage": "3000",
    "xy": [
     [
      803.55,
      213.27
     ],
     [
      410.82,
      -22.99
     ],
     [
      343.61,
      -57.01
     ],
     [
      309.88,
      -67.1
     ],
     [
      281.91,
      -73.34
     ],
     [
      250.26,
      -78.34
     ],
     [
      225.87,
      -79.86
     ],
     [
      195.46,
      -80.43
     ]
    ]
   },
   "geometry": {
    "type": "LineString",
    "coordinates": [
     [
      -3.684509,
      40.4854842
     ],
     [
      -3.6891477,
      40.4876065
     ],
     [
      -3.6899415,
      40.4879121
     ],
     [
      -3.6903399,
      40.4880028
     ],
     [
      -3.6906703,
      40.4880588
     ],
     [
      -3.6910441,
      40.4881037
     ],
     [
      -3.6913322,
      40.4881174
     ],
     [
      -3.6916913,
      40.4881225
     ]
    ]
   }
  },
  {
   "type": "Feature",
   "properties": {
    "osm": "way/9802767",
    "cycleway:both": "separate",
    "highway": "pedestrian",
    "lit": "yes",
    "name": "Calle de Antoniorrobles",
    "oneway": "no",
    "postal_code": "28034",
    "sidewalk": "no",
    "smoothness": "good",
    "surface": "paving_stones",
    "xy": [
     [
      253.49,
      -48.11
     ],
     [
      245.71,
      -74.73
     ]
    ]
   },
   "geometry": {
    "type": "LineString",
    "coordinates": [
     [
      -3.6910059,
      40.4878322
     ],
     [
      -3.6910978,
      40.4880713
     ]
    ]
   }
  },
  {
   "type": "Feature",
   "properties": {
    "osm": "way/9853678",
    "cycleway:both": "no",
    "highway": "service",
    "lanes": "1",
    "name": "Calle de Francisco Sancha",
    "oneway": "yes",
    "postal_code": "28034",
    "sidewalk:both": "separate",
    "surface": "asphalt",
    "xy": [
     [
      26.53,
      -110.87
     ],
     [
      27.17,
      -107.32
     ],
     [
      28.23,
      -104.6
     ],
     [
      30.32,
      -102.39
     ],
     [
      33.77,
      -100.4
     ],
     [
      38.25,
      -99.61
     ],
     [
      138.4,
      -99.98
     ],
     [
      151.23,
      -100.02
     ],
     [
      226.38,
      -101.26
     ],
     [
      242.11,
      -101.62
     ],
     [
      266.55,
      -101.81
     ]
    ]
   },
   "geometry": {
    "type": "LineString",
    "coordinates": [
     [
      -3.6936867,
      40.488396
     ],
     [
      -3.6936791,
      40.4883641
     ],
     [
      -3.6936666,
      40.4883396
     ],
     [
      -3.6936419,
      40.4883198
     ],
     [
      -3.6936011,
      40.4883019
     ],
     [
      -3.6935482,
      40.4882948
     ],
     [
      -3.6923653,
      40.4882981
     ],
     [
      -3.6922138,
      40.4882985
     ],
     [
      -3.6913261,
      40.4883096
     ],
     [
      -3.6911404,
      40.4883129
     ],
     [
      -3.6908517,
      40.4883146
     ]
    ]
   }
  },
  {
   "type": "Feature",
   "properties": {
    "osm": "way/9855291",
    "highway": "service",
    "lit": "yes",
    "maxspeed": "30",
    "name": "Calle de Manuel Tovar",
    "oneway": "yes",
    "postal_code": "28034",
    "sidewalk:both": "separate",
    "smoothness": "excellent",
    "surface": "asphalt",
    "xy": [
     [
      451.64,
      -163.24
     ],
     [
      446.49,
      -163.18
     ],
     [
      437.75,
      -163.08
     ],
     [
      343.13,
      -161.68
     ],
     [
      241.48,
      -160.73
     ],
     [
      158.64,
      -159.83
     ],
     [
      153.56,
      -159.66
     ],
     [
      150.74,
      -159.59
     ],
     [
      137.77,
      -160.33
     ],
     [
      31.99,
      -160.07
     ],
     [
      25.21,
      -160.04
     ]
    ]
   },
   "geometry": {
    "type": "LineString",
    "coordinates": [
     [
      -3.6886655,
      40.4888664
     ],
     [
      -3.6887264,
      40.4888659
     ],
     [
      -3.6888296,
      40.488865
     ],
     [
      -3.6899472,
      40.4888524
     ],
     [
      -3.6911478,
      40.4888439
     ],
     [
      -3.6921262,
      40.4888358
     ],
     [
      -3.6921862,
      40.4888342
     ],
     [
      -3.6922195,
      40.4888336
     ],
     [
      -3.6923727,
      40.4888403
     ],
     [
      -3.6936222,
      40.4888379
     ],
     [
      -3.6937022,
      40.4888377
     ]
    ]
   }
  },
  {
   "type": "Feature",
   "properties": {
    "osm": "way/9855392",
    "highway": "service",
    "lanes": "1",
    "name": "Calle de Salcedo",
    "oneway": "yes",
    "postal_code": "28034",
    "sidewalk:both": "separate",
    "surface": "asphalt",
    "xy": [
     [
      151.23,
      -100.02
     ],
     [
      152.01,
      -106.53
     ],
     [
      150.98,
      -149.06
     ],
     [
      150.74,
      -159.59
     ],
     [
      150.65,
      -217.41
     ],
     [
      150.21,
      -228.78
     ],
     [
      149.14,
      -283.21
     ],
     [
      149.01,
      -295.22
     ],
     [
      148.17,
      -350.16
     ],
     [
      148.12,
      -353.77
     ],
     [
      148.37,
      -359.91
     ]
    ]
   },
   "geometry": {
    "type": "LineString",
    "coordinates": [
     [
      -3.6922138,
      40.4882985
     ],
     [
      -3.6922045,
      40.488357
     ],
     [
      -3.6922167,
      40.488739
     ],
     [
      -3.6922195,
      40.4888336
     ],
     [
      -3.6922206,
      40.489353
     ],
     [
      -3.6922258,
      40.4894552
     ],
     [
      -3.6922384,
      40.4899441
     ],
     [
      -3.69224,
      40.490052
     ],
     [
      -3.6922499,
      40.4905455
     ],
     [
      -3.6922505,
      40.490578
     ],
     [
      -3.6922475,
      40.4906331
     ]
    ]
   }
  },
  {
   "type": "Feature",
   "properties": {
    "osm": "way/9855417",
    "covered": "no",
    "cycleway": "no",
    "foot": "no",
    "highway": "residential",
    "lane_markings": "yes",
    "lanes": "1",
    "lit": "yes",
    "name": "Calle de Llodio",
    "oneway": "yes",
    "parking:both": "separate",
    "postal_code": "28034",
    "smoothness": "excellent",
    "surface": "asphalt",
    "traffic_calming": "no",
    "xy": [
     [
      311.94,
      -361.91
     ],
     [
      312.06,
      -351.65
     ],
     [
      312.56,
      -307.1
     ],
     [
      312.67,
      -297.66
     ],
     [
      313.78,
      -242.78
     ],
     [
      313.85,
      -236.92
     ],
     [
      313.96,
      -232.61
     ]
    ]
   },
   "geometry": {
    "type": "LineString",
    "coordinates": [
     [
      -3.6903156,
      40.4906511
     ],
     [
      -3.6903141,
      40.4905589
     ],
     [
      -3.6903082,
      40.4901587
     ],
     [
      -3.690307,
      40.4900739
     ],
     [
      -3.6902938,
      40.4895809
     ],
     [
      -3.690293,
      40.4895283
     ],
     [
      -3.6902917,
      40.4894896
     ]
    ]
   }
  },
  {
   "type": "Feature",
   "properties": {
    "osm": "way/13278423",
    "highway": "service",
    "lanes": "1",
    "name": "Calle de San Modesto",
    "oneway": "yes",
    "surface": "asphalt",
    "xy": [
     [
      146.18,
      208.58
     ],
     [
      149.64,
      201.26
     ],
     [
      160.32,
      178.33
     ],
     [
      160.26,
      177.22
     ],
     [
      159.74,
      176.1
     ],
     [
      135.93,
      162.78
     ],
     [
      134.15,
      172.33
     ],
     [
      134.45,
      173.85
     ],
     [
      135.45,
      175.47
     ],
     [
      149.32,
      184.65
     ],
     [
      150.73,
      186.48
     ],
     [
      150.85,
      188.95
     ],
     [
      146.09,
      199.69
     ],
     [
      142.68,
      207.07
     ]
    ]
   },
   "geometry": {
    "type": "LineString",
    "coordinates": [
     [
      -3.6922734,
      40.4855263
     ],
     [
      -3.6922326,
      40.4855921
     ],
     [
      -3.6921064,
      40.485798
     ],
     [
      -3.6921071,
      40.485808
     ],
     [
      -3.6921133,
      40.4858181
     ],
     [
      -3.6923945,
      40.4859377
     ],
     [
      -3.6924155,
      40.4858519
     ],
     [
      -3.692412,
      40.4858383
     ],
     [
      -3.6924002,
      40.4858237
     ],
     [
      -3.6922363,
      40.4857413
     ],
     [
      -3.6922197,
      40.4857248
     ],
     [
      -3.6922182,
      40.4857026
     ],
     [
      -3.6922745,
      40.4856062
     ],
     [
      -3.6923147,
      40.4855399
     ]
    ]
   }
  },
  {
   "type": "Feature",
   "properties": {
    "osm": "way/13278820",
    "highway": "residential",
    "lanes": "1",
    "name": "Calle de Antoniorrobles",
    "oneway": "yes",
    "postal_code": "28034",
    "sidewalk:both": "separate",
    "surface": "asphalt",
    "xy": [
     [
      64.23,
      170.81
     ],
     [
      60.16,
      165.19
     ],
     [
      57.11,
      159.37
     ],
     [
      55.14,
      152.06
     ],
     [
      55.14,
      143.67
     ],
     [
      58.66,
      135.84
     ],
     [
      63.34,
      129.94
     ],
     [
      72.19,
      120.52
     ]
    ]
   },
   "geometry": {
    "type": "LineString",
    "coordinates": [
     [
      -3.6932414,
      40.4858656
     ],
     [
      -3.6932894,
      40.4859161
     ],
     [
      -3.6933255,
      40.4859684
     ],
     [
      -3.6933487,
      40.486034
     ],
     [
      -3.6933487,
      40.4861094
     ],
     [
      -3.6933071,
      40.4861797
     ],
     [
      -3.6932519,
      40.4862327
     ],
     [
      -3.6931473,
      40.4863174
     ]
    ]
   }
  },
  {
   "type": "Feature",
   "properties": {
    "osm": "way/13857426",
    "cycleway:both": "no",
    "highway": "residential",
    "lane_markings": "no",
    "lit": "yes",
    "maxspeed:type": "ES:urban",
    "name": "Calle de Virgen de Aránzazu",
    "oneway": "yes",
    "parking:both": "separate",
    "postal_code": "28034",
    "sidewalk:both": "separate",
    "surface": "asphalt",
    "xy": [
     [
      325.94,
      197.89
     ],
     [
      319.49,
      201.0
     ],
     [
      316.79,
      200.58
     ],
     [
      313.38,
      199.45
     ],
     [
      310.1,
      198.32
     ],
     [
      264.87,
      172.0
     ],
     [
      261.4,
      169.82
     ],
     [
      260.33,
      175.89
     ],
     [
      262.09,
      178.38
     ],
     [
      264.0,
      181.11
     ],
     [
      272.34,
      185.02
     ],
     [
      298.9,
      201.07
     ],
     [
      302.41,
      203.18
     ],
     [
      304.01,
      203.74
     ],
     [
      311.83,
      205.25
     ],
     [
      320.56,
      205.07
     ],
     [
      336.21,
      203.87
     ]
    ]
   },
   "geometry": {
    "type": "LineString",
    "coordinates": [
     [
      -3.6901502,
      40.4856223
     ],
     [
      -3.6902264,
      40.4855944
     ],
     [
      -3.6902583,
      40.4855982
     ],
     [
      -3.6902986,
      40.4856083
     ],
     [
      -3.6903373,
      40.4856185
     ],
     [
      -3.6908715,
      40.4858549
     ],
     [
      -3.6909125,
      40.4858745
     ],
     [
      -3.6909251,
      40.48582
     ],
     [
      -3.6909044,
      40.4857976
     ],
     [
      -3.6908818,
      40.4857731
     ],
     [
      -3.6907833,
      40.4857379
     ],
     [
      -3.6904696,
      40.4855938
     ],
     [
      -3.6904281,
      40.4855748
     ],
     [
      -3.6904092,
      40.4855698
     ],
     [
      -3.6903169,
      40.4855562
     ],
     [
      -3.6902137,
      40.4855578
     ],
     [
      -3.6900289,
      40.4855686
     ]
    ]
   }
  },
  {
   "type": "Feature",
   "properties": {
    "osm": "way/13857448",
    "cycleway:both": "no",
    "highway": "residential",
    "name": "Calle de Antoniorrobles",
    "oneway": "no",
    "postal_code": "28034",
    "sidewalk:left": "separate",
    "sidewalk:right": "no",
    "surface": "asphalt",
    "xy": [
     [
      271.49,
      -92.6
     ],
     [
      270.17,
      -83.95
     ]
    ]
   },
   "geometry": {
    "type": "LineString",
    "coordinates": [
     [
      -3.6907933,
      40.4882318
     ],
     [
      -3.6908089,
      40.4881541
     ]
    ]
   }
  },
  {
   "type": "Feature",
   "properties": {
    "osm": "way/14202740",
    "cycleway:both": "no",
    "highway": "residential",
    "lanes": "2",
    "lit": "yes",
    "name": "Calle de San Modesto",
    "oneway": "no",
    "postal_code": "28034",
    "sidewalk:both": "separate",
    "smoothness": "excellent",
    "surface": "asphalt",
    "xy": [
     [
      268.2,
      265.02
     ],
     [
      156.0,
      211.67
     ],
     [
      146.18,
      208.58
     ],
     [
      142.68,
      207.07
     ],
     [
      70.47,
      173.7
     ],
     [
      64.23,
      170.81
     ],
     [
      30.86,
      154.91
     ]
    ]
   },
   "geometry": {
    "type": "LineString",
    "coordinates": [
     [
      -3.6908322,
      40.4850193
     ],
     [
      -3.6921574,
      40.4854985
     ],
     [
      -3.6922734,
      40.4855263
     ],
     [
      -3.6923147,
      40.4855399
     ],
     [
      -3.6931676,
      40.4858396
     ],
     [
      -3.6932414,
      40.4858656
     ],
     [
      -3.6936355,
      40.4860084
     ]
    ]
   }
  },
  {
   "type": "Feature",
   "properties": {
    "osm": "way/14485255",
    "highway": "service",
    "lit": "yes",
    "name": "Calle de Virgen de Aránzazu",
    "oneway": "no",
    "parking:both": "separate",
    "smoothness": "excellent",
    "surface": "asphalt",
    "xy": [
     [
      335.63,
      165.67
     ],
     [
      340.67,
      168.1
     ],
     [
      343.25,
      169.27
     ],
     [
      360.03,
      179.35
     ],
     [
      362.85,
      177.15
     ],
     [
      390.96,
      193.75
     ]
    ]
   },
   "geometry": {
    "type": "LineString",
    "coordinates": [
     [
      -3.6900357,
      40.4859118
     ],
     [
      -3.6899762,
      40.4858899
     ],
     [
      -3.6899457,
      40.4858794
     ],
     [
      -3.6897475,
      40.4857889
     ],
     [
      -3.6897143,
      40.4858086
     ],
     [
      -3.6893822,
      40.4856595
     ]
    ]
   }
  },
  {
   "type": "Feature",
   "properties": {
    "osm": "way/14485256",
    "highway": "service",
    "name": "Calle de Virgen de Aránzazu",
    "oneway": "no",
    "smoothness": "excellent",
    "surface": "asphalt",
    "xy": [
     [
      331.73,
      176.13
     ],
     [
      327.46,
      173.97
     ],
     [
      323.39,
      171.42
     ],
     [
      297.99,
      154.69
     ],
     [
      288.28,
      151.63
     ],
     [
      279.43,
      146.96
     ]
    ]
   },
   "geometry": {
    "type": "LineString",
    "coordinates": [
     [
      -3.6900818,
      40.4858178
     ],
     [
      -3.6901322,
      40.4858372
     ],
     [
      -3.6901803,
      40.4858601
     ],
     [
      -3.6904803,
      40.4860104
     ],
     [
      -3.690595,
      40.4860379
     ],
     [
      -3.6906996,
      40.4860798
     ]
    ]
   }
  },
  {
   "type": "Feature",
   "properties": {
    "osm": "way/14520560",
    "highway": "service",
    "name": "Calle de Virgen de Aránzazu",
    "oneway": "no",
    "smoothness": "excellent",
    "surface": "asphalt",
    "xy": [
     [
      291.07,
      126.09
     ],
     [
      303.31,
      130.69
     ],
     [
      333.31,
      148.67
     ],
     [
      336.35,
      150.56
     ],
     [
      340.49,
      153.33
     ]
    ]
   },
   "geometry": {
    "type": "LineString",
    "coordinates": [
     [
      -3.6905621,
      40.4862673
     ],
     [
      -3.6904175,
      40.486226
     ],
     [
      -3.6900632,
      40.4860645
     ],
     [
      -3.6900272,
      40.4860475
     ],
     [
      -3.6899783,
      40.4860226
     ]
    ]
   }
  },
  {
   "type": "Feature",
   "properties": {
    "osm": "way/14665984",
    "addr:city": "Madrid",
    "addr:housenumber": "50",
    "addr:postcode": "28034",
    "addr:street": "Calle de San Modesto",
    "building": "train_station",
    "name": "Ramón y Cajal",
    "network": "Cercanías Madrid",
    "network:wikidata": "Q1054785",
    "operator": "Renfe",
    "operator:wikidata": "Q2476154",
    "owner": "Adif",
    "owner:wikidata": "Q358752",
    "public_transport": "station",
    "railway": "station",
    "ref": "97201",
    "ref:EU:PLC": "ES97201",
    "train": "yes",
    "website": "https://www.adif.es/-/97201-ram%C3%B3n-y-cajal",
    "wikidata": "Q5847026",
    "wikipedia": "es:Estación de Ramón y Cajal",
    "id": "apeadero",
    "nombre": "Apeadero de Cercanías Ramón y Cajal",
    "categoria": "transporte",
    "rotular": true,
    "xy": [
     [
      [
       44.86,
       -68.88
      ],
      [
       44.77,
       -59.93
      ],
      [
       43.13,
       -57.37
      ],
      [
       21.88,
       -57.79
      ],
      [
       20.18,
       -60.56
      ],
      [
       14.23,
       -60.59
      ],
      [
       13.12,
       -57.83
      ],
      [
       4.07,
       -58.11
      ],
      [
       2.23,
       -61.0
      ],
      [
       -3.71,
       -61.05
      ],
      [
       -3.67,
       -56.47
      ],
      [
       -52.15,
       -58.58
      ],
      [
       -52.13,
       -59.91
      ],
      [
       -55.33,
       -60.65
      ],
      [
       -59.81,
       -61.68
      ],
      [
       -60.36,
       -59.8
      ],
      [
       -73.61,
       -63.88
      ],
      [
       -72.92,
       -66.06
      ],
      [
       -80.53,
       -68.27
      ],
      [
       -81.15,
       -67.06
      ],
      [
       -92.38,
       -73.04
      ],
      [
       -111.22,
       -86.95
      ],
      [
       -114.3,
       -85.37
      ],
      [
       -132.18,
       -98.16
      ],
      [
       -128.16,
       -104.16
      ],
      [
       -125.58,
       -108.02
      ],
      [
       -115.63,
       -101.52
      ],
      [
       -114.16,
       -103.53
      ],
      [
       -104.36,
       -96.56
      ],
      [
       -102.54,
       -99.63
      ],
      [
       -92.54,
       -91.71
      ],
      [
       -91.45,
       -93.8
      ],
      [
       -48.86,
       -81.71
      ],
      [
       -27.13,
       -75.61
      ],
      [
       -27.11,
       -73.98
      ],
      [
       -3.12,
       -73.45
      ],
      [
       -3.17,
       -71.78
      ],
      [
       20.96,
       -71.22
      ],
      [
       21.06,
       -69.36
      ],
      [
       44.86,
       -68.88
      ]
     ]
    ]
   },
   "geometry": {
    "type": "Polygon",
    "coordinates": [
     [
      [
       -3.6934701,
       40.4880188
      ],
      [
       -3.6934712,
       40.4879384
      ],
      [
       -3.6934906,
       40.4879154
      ],
      [
       -3.6937416,
       40.4879191
      ],
      [
       -3.6937617,
       40.487944
      ],
      [
       -3.6938319,
       40.4879443
      ],
      [
       -3.693845,
       40.4879195
      ],
      [
       -3.6939519,
       40.487922
      ],
      [
       -3.6939737,
       40.487948
      ],
      [
       -3.6940438,
       40.4879484
      ],
      [
       -3.6940434,
       40.4879073
      ],
      [
       -3.694616,
       40.4879262
      ],
      [
       -3.6946157,
       40.4879382
      ],
      [
       -3.6946535,
       40.4879448
      ],
      [
       -3.6947064,
       40.4879541
      ],
      [
       -3.6947129,
       40.4879372
      ],
      [
       -3.6948694,
       40.4879738
      ],
      [
       -3.6948613,
       40.4879934
      ],
      [
       -3.6949512,
       40.4880133
      ],
      [
       -3.6949585,
       40.4880024
      ],
      [
       -3.6950911,
       40.4880561
      ],
      [
       -3.6953137,
       40.4881811
      ],
      [
       -3.69535,
       40.4881669
      ],
      [
       -3.6955612,
       40.4882818
      ],
      [
       -3.6955138,
       40.4883357
      ],
      [
       -3.6954833,
       40.4883704
      ],
      [
       -3.6953657,
       40.488312
      ],
      [
       -3.6953484,
       40.48833
      ],
      [
       -3.6952326,
       40.4882674
      ],
      [
       -3.6952111,
       40.488295
      ],
      [
       -3.695093,
       40.4882238
      ],
      [
       -3.6950801,
       40.4882426
      ],
      [
       -3.6945771,
       40.488134
      ],
      [
       -3.6943205,
       40.4880792
      ],
      [
       -3.6943202,
       40.4880646
      ],
      [
       -3.6940368,
       40.4880598
      ],
      [
       -3.6940375,
       40.4880448
      ],
      [
       -3.6937524,
       40.4880398
      ],
      [
       -3.6937512,
       40.4880231
      ],
      [
       -3.6934701,
       40.4880188
      ]
     ]
    ]
   }
  },
  {
   "type": "Feature",
   "properties": {
    "osm": "way/14951733",
    "addr:housenumber": "44",
    "addr:postcode": "28034",
    "addr:street": "Calle de San Modesto",
    "building": "yes",
    "building:levels": "12",
    "building:use": "residential",
    "xy": [
     [
      [
       120.16,
       186.31
      ],
      [
       128.94,
       168.81
      ],
      [
       112.36,
       159.82
      ],
      [
       102.86,
       177.56
      ],
      [
       120.16,
       186.31
      ]
     ]
    ]
   },
   "geometry": {
    "type": "Polygon",
    "coordinates": [
     [
      [
       -3.6925808,
       40.4857264
      ],
      [
       -3.6924771,
       40.4858836
      ],
      [
       -3.6926729,
       40.4859643
      ],
      [
       -3.6927851,
       40.485805
      ],
      [
       -3.6925808,
       40.4857264
      ]
     ]
    ]
   }
  },
  {
   "type": "Feature",
   "properties": {
    "osm": "way/15259367",
    "cycleway:both": "no",
    "highway": "residential",
    "lane_markings": "no",
    "lit": "yes",
    "name": "Calle de Virgen de Aránzazu",
    "oneway": "yes",
    "postal_code": "28034",
    "sidewalk:both": "separate",
    "smoothness": "excellent",
    "surface": "asphalt",
    "xy": [
     [
      371.84,
      18.08
     ],
     [
      367.73,
      16.97
     ],
     [
      363.76,
      16.66
     ],
     [
      359.76,
      17.41
     ],
     [
      355.67,
      18.21
     ],
     [
      352.08,
      18.66
     ],
     [
      348.29,
      18.22
     ],
     [
      345.48,
      16.79
     ],
     [
      311.78,
      -2.71
     ],
     [
      308.97,
      -3.02
     ],
     [
      306.49,
      -1.94
     ],
     [
      304.18,
      2.13
     ],
     [
      276.76,
      49.34
     ],
     [
      274.74,
      60.81
     ],
     [
      276.42,
      74.47
     ],
     [
      275.11,
      111.41
     ],
     [
      272.04,
      140.27
     ],
     [
      269.11,
      150.15
     ],
     [
      264.8,
      162.06
     ],
     [
      262.87,
      167.16
     ],
     [
      261.4,
      169.82
     ]
    ]
   },
   "geometry": {
    "type": "LineString",
    "coordinates": [
     [
      -3.6896081,
      40.4872376
     ],
     [
      -3.6896566,
      40.4872476
     ],
     [
      -3.6897035,
      40.4872503
     ],
     [
      -3.6897507,
      40.4872436
     ],
     [
      -3.6897991,
      40.4872364
     ],
     [
      -3.6898414,
      40.4872324
     ],
     [
      -3.6898862,
      40.4872363
     ],
     [
      -3.6899194,
      40.4872492
     ],
     [
      -3.6903175,
      40.4874243
     ],
     [
      -3.6903506,
      40.4874271
     ],
     [
      -3.6903799,
      40.4874174
     ],
     [
      -3.6904072,
      40.4873809
     ],
     [
      -3.6907311,
      40.4869568
     ],
     [
      -3.6907549,
      40.4868537
     ],
     [
      -3.6907351,
      40.486731
     ],
     [
      -3.6907506,
      40.4863992
     ],
     [
      -3.6907868,
      40.4861399
     ],
     [
      -3.6908215,
      40.4860512
     ],
     [
      -3.6908723,
      40.4859442
     ],
     [
      -3.6908952,
      40.4858984
     ],
     [
      -3.6909125,
      40.4858745
     ]
    ]
   }
  },
  {
   "type": "Feature",
   "properties": {
    "osm": "way/15469489",
    "highway": "residential",
    "lanes": "1",
    "name": "Calle de Santiago de Compostela",
    "oneway": "yes",
    "surface": "asphalt",
    "xy": [
     [
      -193.15,
      171.11
     ],
     [
      -196.92,
      183.12
     ],
     [
      -203.07,
      195.7
     ],
     [
      -214.25,
      209.39
     ],
     [
      -215.51,
      210.84
     ],
     [
      -223.05,
      219.46
     ],
     [
      -237.44,
      229.09
     ],
     [
      -247.08,
      233.65
     ],
     [
      -285.41,
      253.6
     ],
     [
      -321.34,
      272.09
     ],
     [
      -339.06,
      282.22
     ],
     [
      -360.31,
      293.34
     ],
     [
      -383.77,
      305.21
     ],
     [
      -410.85,
      318.91
     ],
     [
      -427.08,
      327.11
     ],
     [
      -457.15,
      342.33
     ],
     [
      -461.78,
      344.35
     ],
     [
      -468.89,
      348.01
     ],
     [
      -470.96,
      348.98
     ],
     [
      -488.06,
      357.96
     ]
    ]
   },
   "geometry": {
    "type": "LineString",
    "coordinates": [
     [
      -3.6962814,
      40.4858629
     ],
     [
      -3.6963259,
      40.485755
     ],
     [
      -3.6963985,
      40.485642
     ],
     [
      -3.6965306,
      40.485519
     ],
     [
      -3.6965455,
      40.485506
     ],
     [
      -3.6966345,
      40.4854286
     ],
     [
      -3.6968045,
      40.4853421
     ],
     [
      -3.6969184,
      40.4853011
     ],
     [
      -3.6973711,
      40.4851219
     ],
     [
      -3.6977955,
      40.4849558
     ],
     [
      -3.6980047,
      40.4848648
     ],
     [
      -3.6982558,
      40.4847649
     ],
     [
      -3.6985329,
      40.4846583
     ],
     [
      -3.6988527,
      40.4845352
     ],
     [
      -3.6990444,
      40.4844615
     ],
     [
      -3.6993996,
      40.4843248
     ],
     [
      -3.6994543,
      40.4843067
     ],
     [
      -3.6995382,
      40.4842738
     ],
     [
      -3.6995627,
      40.4842651
     ],
     [
      -3.6997646,
      40.4841844
     ]
    ]
   }
  },
  {
   "type": "Feature",
   "properties": {
    "osm": "way/15469491",
    "bicycle": "dismount",
    "bridge": "yes",
    "highway": "footway",
    "layer": "2",
    "lit": "yes",
    "motor_vehicle": "no",
    "surface": "concrete",
    "xy": [
     [
      -270.97,
      12.39
     ],
     [
      -227.85,
      -18.81
     ],
     [
      -211.56,
      -30.62
     ]
    ]
   },
   "geometry": {
    "type": "LineString",
    "coordinates": [
     [
      -3.6972005,
      40.4872887
     ],
     [
      -3.6966912,
      40.487569
     ],
     [
      -3.6964988,
      40.4876751
     ]
    ]
   }
  },
  {
   "type": "Feature",
   "properties": {
    "osm": "way/15472273",
    "emergency": "yes",
    "highway": "service",
    "hov": "yes",
    "lanes": "1",
    "oneway": "yes",
    "psv": "yes",
    "surface": "asphalt",
    "vehicle": "no",
    "xy": [
     [
      -267.71,
      -89.39
     ],
     [
      -269.6,
      -105.64
     ],
     [
      -269.16,
      -112.23
     ],
     [
      -268.18,
      -119.21
     ],
     [
      -265.75,
      -124.8
     ],
     [
      -262.61,
      -130.18
     ],
     [
      -256.77,
      -134.8
     ]
    ]
   },
   "geometry": {
    "type": "LineString",
    "coordinates": [
     [
      -3.697162,
      40.488203
     ],
     [
      -3.6971843,
      40.488349
     ],
     [
      -3.6971791,
      40.4884082
     ],
     [
      -3.6971676,
      40.4884709
     ],
     [
      -3.6971389,
      40.4885211
     ],
     [
      -3.6971018,
      40.4885694
     ],
     [
      -3.6970328,
      40.4886109
     ]
    ]
   }
  },
  {
   "type": "Feature",
   "properties": {
    "osm": "way/15472274",
    "emergency": "yes",
    "highway": "service",
    "hov": "yes",
    "lanes": "1",
    "layer": "-1",
    "oneway": "yes",
    "psv": "yes",
    "surface": "asphalt",
    "tunnel": "yes",
    "vehicle": "no",
    "xy": [
     [
      -256.77,
      -134.8
     ],
     [
      -252.13,
      -137.46
     ],
     [
      -245.51,
      -140.59
     ],
     [
      -236.69,
      -143.77
     ]
    ]
   },
   "geometry": {
    "type": "LineString",
    "coordinates": [
     [
      -3.6970328,
      40.4886109
     ],
     [
      -3.696978,
      40.4886348
     ],
     [
      -3.6968998,
      40.4886629
     ],
     [
      -3.6967956,
      40.4886915
     ]
    ]
   }
  },
  {
   "type": "Feature",
   "properties": {
    "osm": "way/15472275",
    "emergency": "yes",
    "highway": "service",
    "hov": "yes",
    "lanes": "1",
    "oneway": "yes",
    "psv": "yes",
    "surface": "asphalt",
    "vehicle": "no",
    "xy": [
     [
      -236.69,
      -143.77
     ],
     [
      -231.49,
      -145.16
     ],
     [
      -224.66,
      -145.44
     ],
     [
      -216.7,
      -144.56
     ],
     [
      -208.91,
      -142.99
     ],
     [
      -202.26,
      -140.41
     ],
     [
      -195.09,
      -136.33
     ]
    ]
   },
   "geometry": {
    "type": "LineString",
    "coordinates": [
     [
      -3.6967956,
      40.4886915
     ],
     [
      -3.6967342,
      40.488704
     ],
     [
      -3.6966535,
      40.4887065
     ],
     [
      -3.6965595,
      40.4886986
     ],
     [
      -3.6964675,
      40.4886845
     ],
     [
      -3.696389,
      40.4886613
     ],
     [
      -3.6963043,
      40.4886247
     ]
    ]
   }
  },
  {
   "type": "Feature",
   "properties": {
    "osm": "way/15472276",
    "highway": "service",
    "lanes": "1",
    "oneway": "yes",
    "surface": "asphalt",
    "xy": [
     [
      -232.99,
      -100.35
     ],
     [
      -231.84,
      -106.37
     ],
     [
      -230.81,
      -109.65
     ],
     [
      -228.64,
      -115.8
     ],
     [
      -226.11,
      -121.19
     ],
     [
      -217.56,
      -129.49
     ],
     [
      -211.22,
      -132.34
     ],
     [
      -199.4,
      -135.68
     ],
     [
      -195.09,
      -136.33
     ]
    ]
   },
   "geometry": {
    "type": "LineString",
    "coordinates": [
     [
      -3.6967519,
      40.4883015
     ],
     [
      -3.6967383,
      40.4883555
     ],
     [
      -3.6967262,
      40.488385
     ],
     [
      -3.6967005,
      40.4884402
     ],
     [
      -3.6966707,
      40.4884887
     ],
     [
      -3.6965697,
      40.4885632
     ],
     [
      -3.6964948,
      40.4885888
     ],
     [
      -3.6963552,
      40.4886188
     ],
     [
      -3.6963043,
      40.4886247
     ]
    ]
   }
  },
  {
   "type": "Feature",
   "properties": {
    "osm": "way/15472278",
    "highway": "service",
    "lanes": "1",
    "name": "Calle de San Modesto",
    "oneway": "yes",
    "surface": "asphalt",
    "xy": [
     [
      -151.52,
      12.12
     ],
     [
      -146.81,
      10.59
     ],
     [
      -117.59,
      -20.36
     ],
     [
      -111.66,
      -26.47
     ],
     [
      -103.63,
      -34.73
     ],
     [
      -91.75,
      -45.49
     ],
     [
      -89.43,
      -50.29
     ]
    ]
   },
   "geometry": {
    "type": "LineString",
    "coordinates": [
     [
      -3.6957896,
      40.4872911
     ],
     [
      -3.695734,
      40.4873049
     ],
     [
      -3.6953889,
      40.4875829
     ],
     [
      -3.6953189,
      40.4876378
     ],
     [
      -3.695224,
      40.487712
     ],
     [
      -3.6950837,
      40.4878086
     ],
     [
      -3.6950563,
      40.4878518
     ]
    ]
   }
  },
  {
   "type": "Feature",
   "properties": {
    "osm": "way/15472279",
    "access": "yes",
    "amenity": "parking",
    "fee": "yes",
    "layer": "-1",
    "parking": "underground",
    "surface": "asphalt",
    "xy": [
     [
      [
       -195.33,
       -50.78
      ],
      [
       -192.67,
       -48.25
      ],
      [
       -188.83,
       -44.58
      ],
      [
       -149.8,
       -8.78
      ],
      [
       -132.06,
       -28.01
      ],
      [
       -121.43,
       -39.54
      ],
      [
       -105.13,
       -57.21
      ],
      [
       -150.65,
       -99.21
      ],
      [
       -195.33,
       -50.78
      ]
     ]
    ]
   },
   "geometry": {
    "type": "Polygon",
    "coordinates": [
     [
      [
       -3.6963071,
       40.4878562
      ],
      [
       -3.6962757,
       40.4878334
      ],
      [
       -3.6962303,
       40.4878005
      ],
      [
       -3.6957693,
       40.4874789
      ],
      [
       -3.6955598,
       40.4876516
      ],
      [
       -3.6954342,
       40.4877552
      ],
      [
       -3.6952417,
       40.4879139
      ],
      [
       -3.6957794,
       40.4882912
      ],
      [
       -3.6963071,
       40.4878562
      ]
     ]
    ]
   }
  },
  {
   "type": "Feature",
   "properties": {
    "osm": "way/15472281",
    "highway": "service",
    "lanes": "1",
    "name": "Calle de San Modesto",
    "oneway": "yes",
    "surface": "asphalt",
    "xy": [
     [
      -95.27,
      -56.58
     ],
     [
      -110.41,
      -40.78
     ],
     [
      -115.33,
      -35.39
     ],
     [
      -126.95,
      -23.41
     ],
     [
      -129.58,
      -20.69
     ],
     [
      -147.61,
      -1.29
     ]
    ]
   },
   "geometry": {
    "type": "LineString",
    "coordinates": [
     [
      -3.6951253,
      40.4879083
     ],
     [
      -3.6953041,
      40.4877663
     ],
     [
      -3.6953622,
      40.4877179
     ],
     [
      -3.6954994,
      40.4876103
     ],
     [
      -3.6955305,
      40.4875859
     ],
     [
      -3.6957435,
      40.4874116
     ]
    ]
   }
  },
  {
   "type": "Feature",
   "properties": {
    "osm": "way/15576262",
    "highway": "residential",
    "lanes": "1",
    "name": "Calle de San Modesto",
    "oneway": "yes",
    "postal_code": "28034",
    "sidewalk:left": "no",
    "sidewalk:right": "separate",
    "surface": "asphalt",
    "xy": [
     [
      -259.94,
      -189.43
     ],
     [
      -267.45,
      -197.05
     ],
     [
      -274.67,
      -208.18
     ],
     [
      -297.07,
      -247.26
     ],
     [
      -319.24,
      -287.92
     ]
    ]
   },
   "geometry": {
    "type": "LineString",
    "coordinates": [
     [
      -3.6970703,
      40.4891017
     ],
     [
      -3.6971589,
      40.4891701
     ],
     [
      -3.6972442,
      40.4892701
     ],
     [
      -3.6975088,
      40.4896212
     ],
     [
      -3.6977706,
      40.4899864
     ]
    ]
   }
  },
  {
   "type": "Feature",
   "properties": {
    "osm": "way/15576264",
    "highway": "residential",
    "lanes": "1",
    "name": "Calle de San Modesto",
    "oneway": "yes",
    "postal_code": "28034",
    "sidewalk": "no",
    "surface": "asphalt",
    "xy": [
     [
      -326.18,
      -283.81
     ],
     [
      -312.66,
      -262.47
     ],
     [
      -301.91,
      -244.36
     ],
     [
      -281.09,
      -207.72
     ]
    ]
   },
   "geometry": {
    "type": "LineString",
    "coordinates": [
     [
      -3.6978526,
      40.4899495
     ],
     [
      -3.6976929,
      40.4897578
     ],
     [
      -3.697566,
      40.4895951
     ],
     [
      -3.6973201,
      40.489266
     ]
    ]
   }
  },
  {
   "type": "Feature",
   "properties": {
    "osm": "way/15808332",
    "addr:city": "Madrid",
    "addr:housenumber": "38",
    "addr:postcode": "28034",
    "addr:street": "Calle de Sangenjo",
    "amenity": "library",
    "building": "yes",
    "building:levels": "3",
    "name": "Biblioteca Pública Rafael Alberti",
    "wikidata": "Q48985598",
    "xy": [
     [
      [
       -373.9,
       -73.14
      ],
      [
       -341.21,
       -85.44
      ],
      [
       -321.77,
       -48.84
      ],
      [
       -373.84,
       -44.41
      ],
      [
       -373.84,
       -44.97
      ],
      [
       -373.84,
       -47.13
      ],
      [
       -373.84,
       -49.72
      ],
      [
       -373.88,
       -61.39
      ],
      [
       -373.9,
       -73.14
      ]
     ]
    ]
   },
   "geometry": {
    "type": "Polygon",
    "coordinates": [
     [
      [
       -3.6984163,
       40.488057
      ],
      [
       -3.6980301,
       40.4881675
      ],
      [
       -3.6978005,
       40.4878387
      ],
      [
       -3.6984155,
       40.4877989
      ],
      [
       -3.6984155,
       40.487804
      ],
      [
       -3.6984156,
       40.4878234
      ],
      [
       -3.6984156,
       40.4878466
      ],
      [
       -3.698416,
       40.4879515
      ],
      [
       -3.6984163,
       40.488057
      ]
     ]
    ]
   }
  },
  {
   "type": "Feature",
   "properties": {
    "osm": "way/23699677",
    "highway": "service",
    "lanes": "1",
    "surface": "asphalt",
    "xy": [
     [
      135.93,
      162.78
     ],
     [
      128.77,
      158.04
     ],
     [
      127.81,
      155.19
     ],
     [
      127.68,
      152.4
     ],
     [
      131.95,
      143.17
     ]
    ]
   },
   "geometry": {
    "type": "LineString",
    "coordinates": [
     [
      -3.6923945,
      40.4859377
     ],
     [
      -3.6924791,
      40.4859803
     ],
     [
      -3.6924904,
      40.4860059
     ],
     [
      -3.6924919,
      40.486031
     ],
     [
      -3.6924415,
      40.4861139
     ]
    ]
   }
  },
  {
   "type": "Feature",
   "properties": {
    "osm": "way/23699679",
    "addr:housenumber": "42",
    "addr:postcode": "28034",
    "addr:street": "Calle de San Modesto",
    "building": "apartments",
    "building:levels": "12",
    "building:use": "residential",
    "xy": [
     [
      [
       112.36,
       159.82
      ],
      [
       121.31,
       141.9
      ],
      [
       105.06,
       133.01
      ],
      [
       95.45,
       150.42
      ],
      [
       112.36,
       159.82
      ]
     ]
    ]
   },
   "geometry": {
    "type": "Polygon",
    "coordinates": [
     [
      [
       -3.6926729,
       40.4859643
      ],
      [
       -3.6925672,
       40.4861253
      ],
      [
       -3.6927591,
       40.4862052
      ],
      [
       -3.6928726,
       40.4860488
      ],
      [
       -3.6926729,
       40.4859643
      ]
     ]
    ]
   }
  },
  {
   "type": "Feature",
   "properties": {
    "osm": "way/23699680",
    "addr:housenumber": "36",
    "addr:postcode": "28034",
    "addr:street": "Calle de San Modesto",
    "building": "yes",
    "building:levels": "11",
    "building:use": "residential",
    "xy": [
     [
      [
       155.13,
       163.38
      ],
      [
       164.33,
       145.75
      ],
      [
       147.98,
       136.85
      ],
      [
       138.79,
       154.66
      ],
      [
       155.13,
       163.38
      ]
     ]
    ]
   },
   "geometry": {
    "type": "Polygon",
    "coordinates": [
     [
      [
       -3.6921677,
       40.4859323
      ],
      [
       -3.692059,
       40.4860907
      ],
      [
       -3.6922521,
       40.4861707
      ],
      [
       -3.6923607,
       40.4860107
      ],
      [
       -3.6921677,
       40.4859323
      ]
     ]
    ]
   }
  },
  {
   "type": "Feature",
   "properties": {
    "osm": "way/23699681",
    "addr:housenumber": "38",
    "addr:postcode": "28034",
    "addr:street": "Calle de San Modesto",
    "building": "apartments",
    "building:levels": "11",
    "building:use": "residential",
    "xy": [
     [
      [
       147.98,
       136.85
      ],
      [
       156.82,
       119.3
      ],
      [
       139.96,
       110.07
      ],
      [
       130.77,
       128.04
      ],
      [
       147.98,
       136.85
      ]
     ]
    ]
   },
   "geometry": {
    "type": "Polygon",
    "coordinates": [
     [
      [
       -3.6922521,
       40.4861707
      ],
      [
       -3.6921477,
       40.4863283
      ],
      [
       -3.6923469,
       40.4864112
      ],
      [
       -3.6924554,
       40.4862498
      ],
      [
       -3.6922521,
       40.4861707
      ]
     ]
    ]
   }
  },
  {
   "type": "Feature",
   "properties": {
    "osm": "way/23699682",
    "addr:housenumber": "4",
    "addr:postcode": "28034",
    "addr:street": "Calle de Antoniorrobles",
    "building": "apartments",
    "building:use": "residential",
    "xy": [
     [
      [
       141.13,
       110.65
      ],
      [
       150.33,
       93.02
      ],
      [
       133.21,
       84.12
      ],
      [
       124.28,
       100.92
      ],
      [
       141.13,
       110.65
      ]
     ]
    ]
   },
   "geometry": {
    "type": "Polygon",
    "coordinates": [
     [
      [
       -3.6923331,
       40.486406
      ],
      [
       -3.6922244,
       40.4865644
      ],
      [
       -3.6924266,
       40.4866443
      ],
      [
       -3.6925321,
       40.4864934
      ],
      [
       -3.6923331,
       40.486406
      ]
     ]
    ]
   }
  },
  {
   "type": "Feature",
   "properties": {
    "osm": "way/23699683",
    "addr:housenumber": "34",
    "addr:postcode": "28034",
    "addr:street": "Calle de San Modesto",
    "building": "apartments",
    "building:use": "residential",
    "xy": [
     [
      [
       174.13,
       211.01
      ],
      [
       183.43,
       192.8
      ],
      [
       166.69,
       184.33
      ],
      [
       157.06,
       202.93
      ],
      [
       174.13,
       211.01
      ]
     ]
    ]
   },
   "geometry": {
    "type": "Polygon",
    "coordinates": [
     [
      [
       -3.6919433,
       40.4855045
      ],
      [
       -3.6918334,
       40.4856681
      ],
      [
       -3.6920312,
       40.4857441
      ],
      [
       -3.6921449,
       40.4855771
      ],
      [
       -3.6919433,
       40.4855045
      ]
     ]
    ]
   }
  },
  {
   "type": "Feature",
   "properties": {
    "osm": "way/23699684",
    "area": "yes",
    "highway": "pedestrian",
    "surface": "paving_stones",
    "xy": [
     [
      [
       125.96,
       136.27
      ],
      [
       128.38,
       132.13
      ],
      [
       130.22,
       128.99
      ],
      [
       130.77,
       128.04
      ],
      [
       139.96,
       110.07
      ],
      [
       121.81,
       99.58
      ],
      [
       119.1,
       97.98
      ],
      [
       116.71,
       101.95
      ],
      [
       115.31,
       101.53
      ],
      [
       112.16,
       102.99
      ],
      [
       110.94,
       101.38
      ],
      [
       107.9,
       103.43
      ],
      [
       106.24,
       100.67
      ],
      [
       101.73,
       104.69
      ],
      [
       97.6,
       108.37
      ],
      [
       86.15,
       130.91
      ],
      [
       85.12,
       132.94
      ],
      [
       84.43,
       134.26
      ],
      [
       76.66,
       149.32
      ],
      [
       75.8,
       153.54
      ],
      [
       82.0,
       155.22
      ],
      [
       87.93,
       160.02
      ],
      [
       87.47,
       170.53
      ],
      [
       100.67,
       176.63
      ],
      [
       101.81,
       177.11
      ],
      [
       102.86,
       177.56
      ],
      [
       112.36,
       159.82
      ],
      [
       95.45,
       150.42
      ],
      [
       105.06,
       133.01
      ],
      [
       99.79,
       129.95
      ],
      [
       102.88,
       124.17
      ],
      [
       118.14,
       132.35
      ],
      [
       119.81,
       129.25
      ],
      [
       122.57,
       130.88
      ],
      [
       121.15,
       133.67
      ],
      [
       125.96,
       136.27
      ]
     ]
    ]
   },
   "geometry": {
    "type": "Polygon",
    "coordinates": [
     [
      [
       -3.6925122,
       40.4861759
      ],
      [
       -3.6924836,
       40.4862131
      ],
      [
       -3.6924619,
       40.4862413
      ],
      [
       -3.6924554,
       40.4862498
      ],
      [
       -3.6923469,
       40.4864112
      ],
      [
       -3.6925612,
       40.4865055
      ],
      [
       -3.6925933,
       40.4865198
      ],
      [
       -3.6926215,
       40.4864842
      ],
      [
       -3.692638,
       40.4864879
      ],
      [
       -3.6926752,
       40.4864748
      ],
      [
       -3.6926897,
       40.4864893
      ],
      [
       -3.6927255,
       40.4864709
      ],
      [
       -3.6927452,
       40.4864957
      ],
      [
       -3.6927984,
       40.4864596
      ],
      [
       -3.6928472,
       40.4864265
      ],
      [
       -3.6929825,
       40.486224
      ],
      [
       -3.6929946,
       40.4862058
      ],
      [
       -3.6930028,
       40.4861939
      ],
      [
       -3.6930946,
       40.4860586
      ],
      [
       -3.6931047,
       40.4860207
      ],
      [
       -3.6930315,
       40.4860056
      ],
      [
       -3.6929614,
       40.4859625
      ],
      [
       -3.6929669,
       40.4858681
      ],
      [
       -3.6928109,
       40.4858133
      ],
      [
       -3.6927975,
       40.485809
      ],
      [
       -3.6927851,
       40.485805
      ],
      [
       -3.6926729,
       40.4859643
      ],
      [
       -3.6928726,
       40.4860488
      ],
      [
       -3.6927591,
       40.4862052
      ],
      [
       -3.6928213,
       40.4862326
      ],
      [
       -3.6927848,
       40.4862846
      ],
      [
       -3.6926046,
       40.4862111
      ],
      [
       -3.6925849,
       40.4862389
      ],
      [
       -3.6925523,
       40.4862243
      ],
      [
       -3.6925691,
       40.4861992
      ],
      [
       -3.6925122,
       40.4861759
      ]
     ]
    ]
   }
  },
  {
   "type": "Feature",
   "properties": {
    "osm": "way/23699685",
    "addr:housenumber": "7D",
    "addr:street": "Calle de Virgen de Aránzazu",
    "building": "apartments",
    "building:levels": "12",
    "building:use": "residential",
    "roof:levels": "1",
    "roof:shape": "hipped",
    "xy": [
     [
      [
       260.68,
       82.2
      ],
      [
       269.63,
       65.57
      ],
      [
       244.23,
       53.16
      ],
      [
       236.19,
       69.12
      ],
      [
       260.68,
       82.2
      ]
     ]
    ]
   },
   "geometry": {
    "type": "Polygon",
    "coordinates": [
     [
      [
       -3.690921,
       40.4866616
      ],
      [
       -3.6908153,
       40.486811
      ],
      [
       -3.6911153,
       40.4869225
      ],
      [
       -3.6912103,
       40.4867791
      ],
      [
       -3.690921,
       40.4866616
      ]
     ]
    ]
   }
  },
  {
   "type": "Feature",
   "properties": {
    "osm": "way/23699687",
    "addr:housenumber": "7C",
    "addr:street": "Calle de Virgen de Aránzazu",
    "building": "apartments",
    "building:levels": "12",
    "building:use": "residential",
    "roof:levels": "1",
    "roof:shape": "hipped",
    "xy": [
     [
      [
       224.62,
       102.1
      ],
      [
       225.27,
       100.82
      ],
      [
       230.35,
       90.81
      ],
      [
       229.2,
       90.24
      ],
      [
       232.89,
       82.98
      ],
      [
       234.15,
       83.62
      ],
      [
       240.28,
       71.55
      ],
      [
       223.62,
       63.1
      ],
      [
       217.61,
       74.92
      ],
      [
       218.74,
       75.5
      ],
      [
       215.1,
       82.67
      ],
      [
       213.73,
       81.98
      ],
      [
       207.84,
       93.59
      ],
      [
       224.62,
       102.1
      ]
     ]
    ]
   },
   "geometry": {
    "type": "Polygon",
    "coordinates": [
     [
      [
       -3.6913469,
       40.4864828
      ],
      [
       -3.6913393,
       40.4864943
      ],
      [
       -3.6912793,
       40.4865842
      ],
      [
       -3.6912928,
       40.4865894
      ],
      [
       -3.6912493,
       40.4866546
      ],
      [
       -3.6912344,
       40.4866488
      ],
      [
       -3.691162,
       40.4867573
      ],
      [
       -3.6913588,
       40.4868332
      ],
      [
       -3.6914297,
       40.486727
      ],
      [
       -3.6914164,
       40.4867218
      ],
      [
       -3.6914594,
       40.4866574
      ],
      [
       -3.6914755,
       40.4866636
      ],
      [
       -3.6915451,
       40.4865593
      ],
      [
       -3.6913469,
       40.4864828
      ]
     ]
    ]
   }
  },
  {
   "type": "Feature",
   "properties": {
    "osm": "way/23699688",
    "addr:housenumber": "7B",
    "addr:street": "Calle de Virgen de Aránzazu",
    "building": "apartments",
    "building:levels": "12",
    "building:use": "residential",
    "roof:levels": "1",
    "roof:shape": "hipped",
    "xy": [
     [
      [
       228.11,
       134.4
      ],
      [
       230.04,
       130.77
      ],
      [
       241.42,
       109.44
      ],
      [
       225.27,
       100.82
      ],
      [
       224.62,
       102.1
      ],
      [
       211.97,
       125.78
      ],
      [
       228.11,
       134.4
      ]
     ]
    ]
   },
   "geometry": {
    "type": "Polygon",
    "coordinates": [
     [
      [
       -3.6913057,
       40.4861927
      ],
      [
       -3.6912829,
       40.4862253
      ],
      [
       -3.6911485,
       40.4864169
      ],
      [
       -3.6913393,
       40.4864943
      ],
      [
       -3.6913469,
       40.4864828
      ],
      [
       -3.6914964,
       40.4862701
      ],
      [
       -3.6913057,
       40.4861927
      ]
     ]
    ]
   }
  },
  {
   "type": "Feature",
   "properties": {
    "osm": "way/23699689",
    "addr:housenumber": "7A",
    "addr:street": "Calle de Virgen de Aránzazu",
    "building": "apartments",
    "building:levels": "12",
    "building:use": "residential",
    "roof:levels": "1",
    "roof:shape": "hipped",
    "xy": [
     [
      [
       234.45,
       162.12
      ],
      [
       246.2,
       139.37
      ],
      [
       230.04,
       130.77
      ],
      [
       228.11,
       134.4
      ],
      [
       217.66,
       153.47
      ],
      [
       234.45,
       162.12
      ]
     ]
    ]
   },
   "geometry": {
    "type": "Polygon",
    "coordinates": [
     [
      [
       -3.6912308,
       40.4859437
      ],
      [
       -3.691092,
       40.486148
      ],
      [
       -3.6912829,
       40.4862253
      ],
      [
       -3.6913057,
       40.4861927
      ],
      [
       -3.6914291,
       40.4860214
      ],
      [
       -3.6912308,
       40.4859437
      ]
     ]
    ]
   }
  },
  {
   "type": "Feature",
   "properties": {
    "osm": "way/23699691",
    "addr:housenumber": "7",
    "addr:street": "Calle de Virgen de Aránzazu",
    "building": "school",
    "building:levels": "3",
    "roof:levels": "1",
    "roof:shape": "gabled",
    "xy": [
     [
      [
       221.13,
       180.44
      ],
      [
       213.36,
       193.21
      ],
      [
       237.77,
       208.12
      ],
      [
       242.14,
       200.97
      ],
      [
       261.99,
       212.88
      ],
      [
       269.77,
       199.99
      ],
      [
       241.71,
       183.04
      ],
      [
       237.28,
       190.13
      ],
      [
       221.13,
       180.44
      ]
     ]
    ]
   },
   "geometry": {
    "type": "Polygon",
    "coordinates": [
     [
      [
       -3.6913882,
       40.4857791
      ],
      [
       -3.6914799,
       40.4856644
      ],
      [
       -3.6911916,
       40.4855304
      ],
      [
       -3.69114,
       40.4855947
      ],
      [
       -3.6909056,
       40.4854877
      ],
      [
       -3.6908137,
       40.4856035
      ],
      [
       -3.6911451,
       40.4857557
      ],
      [
       -3.6911974,
       40.485692
      ],
      [
       -3.6913882,
       40.4857791
      ]
     ]
    ]
   }
  },
  {
   "type": "Feature",
   "properties": {
    "osm": "way/23699692",
    "addr:city": "Madrid",
    "addr:housenumber": "13",
    "addr:postcode": "28034",
    "addr:street": "Calle de Virgen de Aránzazu",
    "building": "apartments",
    "building:flats": "17",
    "building:use": "residential",
    "xy": [
     [
      [
       273.61,
       160.48
      ],
      [
       288.77,
       169.53
      ],
      [
       287.19,
       172.08
      ],
      [
       283.97,
       177.47
      ],
      [
       276.76,
       173.17
      ],
      [
       268.85,
       168.46
      ],
      [
       273.61,
       160.48
      ]
     ]
    ]
   },
   "geometry": {
    "type": "Polygon",
    "coordinates": [
     [
      [
       -3.6907683,
       40.4859584
      ],
      [
       -3.6905892,
       40.4858771
      ],
      [
       -3.6906079,
       40.4858542
      ],
      [
       -3.6906459,
       40.4858058
      ],
      [
       -3.6907311,
       40.4858444
      ],
      [
       -3.6908245,
       40.4858867
      ],
      [
       -3.6907683,
       40.4859584
      ]
     ]
    ]
   }
  },
  {
   "type": "Feature",
   "properties": {
    "osm": "way/23699693",
    "addr:housenumber": "11",
    "addr:street": "Calle de Virgen de Aránzazu",
    "building": "apartments",
    "building:use": "residential",
    "xy": [
     [
      [
       292.04,
       164.27
      ],
      [
       288.77,
       169.53
      ],
      [
       287.19,
       172.08
      ],
      [
       294.71,
       176.6
      ],
      [
       302.12,
       181.05
      ],
      [
       306.86,
       173.12
      ],
      [
       292.04,
       164.27
      ]
     ]
    ]
   },
   "geometry": {
    "type": "Polygon",
    "coordinates": [
     [
      [
       -3.6905506,
       40.4859243
      ],
      [
       -3.6905892,
       40.4858771
      ],
      [
       -3.6906079,
       40.4858542
      ],
      [
       -3.6905191,
       40.4858136
      ],
      [
       -3.6904316,
       40.4857736
      ],
      [
       -3.6903756,
       40.4858448
      ],
      [
       -3.6905506,
       40.4859243
      ]
     ]
    ]
   }
  },
  {
   "type": "Feature",
   "properties": {
    "osm": "way/23699694",
    "addr:city": "Madrid",
    "addr:housenumber": "9",
    "addr:postcode": "28034",
    "addr:street": "Calle de Virgen de Aránzazu",
    "building": "apartments",
    "building:use": "residential",
    "xy": [
     [
      [
       306.86,
       173.12
      ],
      [
       302.12,
       181.05
      ],
      [
       310.02,
       185.84
      ],
      [
       317.22,
       190.19
      ],
      [
       321.94,
       182.28
      ],
      [
       306.86,
       173.12
      ]
     ]
    ]
   },
   "geometry": {
    "type": "Polygon",
    "coordinates": [
     [
      [
       -3.6903756,
       40.4858448
      ],
      [
       -3.6904316,
       40.4857736
      ],
      [
       -3.6903382,
       40.4857306
      ],
      [
       -3.6902532,
       40.4856915
      ],
      [
       -3.6901975,
       40.4857626
      ],
      [
       -3.6903756,
       40.4858448
      ]
     ]
    ]
   }
  },
  {
   "type": "Feature",
   "properties": {
    "osm": "way/23699695",
    "addr:housenumber": "15",
    "addr:street": "Calle de Virgen de Aránzazu",
    "building": "apartments",
    "building:use": "residential",
    "xy": [
     [
      [
       284.59,
       132.3
      ],
      [
       279.97,
       140.11
      ],
      [
       294.96,
       149.36
      ],
      [
       299.66,
       141.51
      ],
      [
       284.59,
       132.3
      ]
     ]
    ]
   },
   "geometry": {
    "type": "Polygon",
    "coordinates": [
     [
      [
       -3.6906386,
       40.4862115
      ],
      [
       -3.6906932,
       40.4861414
      ],
      [
       -3.6905161,
       40.4860583
      ],
      [
       -3.6904606,
       40.4861288
      ],
      [
       -3.6906386,
       40.4862115
      ]
     ]
    ]
   }
  },
  {
   "type": "Feature",
   "properties": {
    "osm": "way/23699696",
    "addr:housenumber": "17",
    "addr:street": "Calle de Virgen de Aránzazu",
    "building": "apartments",
    "building:use": "residential",
    "xy": [
     [
      [
       302.76,
       136.37
      ],
      [
       298.2,
       144.1
      ],
      [
       312.97,
       153.1
      ],
      [
       317.67,
       145.12
      ],
      [
       302.76,
       136.37
      ]
     ]
    ]
   },
   "geometry": {
    "type": "Polygon",
    "coordinates": [
     [
      [
       -3.690424,
       40.486175
      ],
      [
       -3.6904779,
       40.4861055
      ],
      [
       -3.6903034,
       40.4860247
      ],
      [
       -3.6902479,
       40.4860964
      ],
      [
       -3.690424,
       40.486175
      ]
     ]
    ]
   }
  },
  {
   "type": "Feature",
   "properties": {
    "osm": "way/23699697",
    "addr:housenumber": "19",
    "addr:street": "Calle de Virgen de Aránzazu",
    "building": "apartments",
    "building:use": "residential",
    "xy": [
     [
      [
       317.74,
       145.16
      ],
      [
       313.07,
       153.1
      ],
      [
       327.87,
       162.07
      ],
      [
       332.75,
       154.11
      ],
      [
       317.74,
       145.16
      ]
     ]
    ]
   },
   "geometry": {
    "type": "Polygon",
    "coordinates": [
     [
      [
       -3.6902471,
       40.486096
      ],
      [
       -3.6903022,
       40.4860247
      ],
      [
       -3.6901274,
       40.4859441
      ],
      [
       -3.6900698,
       40.4860156
      ],
      [
       -3.6902471,
       40.486096
      ]
     ]
    ]
   }
  },
  {
   "type": "Feature",
   "properties": {
    "osm": "way/23699698",
    "addr:housenumber": "21",
    "addr:street": "Calle de Virgen de Aránzazu",
    "building": "apartments",
    "building:use": "residence",
    "xy": [
     [
      [
       303.12,
       89.41
      ],
      [
       299.08,
       96.14
      ],
      [
       307.15,
       100.97
      ],
      [
       304.05,
       105.99
      ],
      [
       296.04,
       101.11
      ],
      [
       292.07,
       107.69
      ],
      [
       312.28,
       119.91
      ],
      [
       316.24,
       113.38
      ],
      [
       307.66,
       108.18
      ],
      [
       308.26,
       107.17
      ],
      [
       309.07,
       107.71
      ],
      [
       310.85,
       104.67
      ],
      [
       310.1,
       104.18
      ],
      [
       310.69,
       103.16
      ],
      [
       319.25,
       108.24
      ],
      [
       323.35,
       101.53
      ],
      [
       305.34,
       90.75
      ],
      [
       303.12,
       89.41
      ]
     ]
    ]
   },
   "geometry": {
    "type": "Polygon",
    "coordinates": [
     [
      [
       -3.6904198,
       40.4865968
      ],
      [
       -3.6904675,
       40.4865364
      ],
      [
       -3.6903721,
       40.486493
      ],
      [
       -3.6904087,
       40.4864479
      ],
      [
       -3.6905034,
       40.4864917
      ],
      [
       -3.6905502,
       40.4864326
      ],
      [
       -3.6903116,
       40.4863228
      ],
      [
       -3.6902648,
       40.4863815
      ],
      [
       -3.6903661,
       40.4864282
      ],
      [
       -3.690359,
       40.4864373
      ],
      [
       -3.6903495,
       40.4864324
      ],
      [
       -3.6903284,
       40.4864597
      ],
      [
       -3.6903373,
       40.4864641
      ],
      [
       -3.6903303,
       40.4864733
      ],
      [
       -3.6902292,
       40.4864277
      ],
      [
       -3.6901808,
       40.4864879
      ],
      [
       -3.6903935,
       40.4865848
      ],
      [
       -3.6904198,
       40.4865968
      ]
     ]
    ]
   }
  },
  {
   "type": "Feature",
   "properties": {
    "osm": "way/23699699",
    "addr:housenumber": "23",
    "addr:street": "Calle de Virgen de Aránzazu",
    "building": "apartments",
    "building:use": "residential",
    "xy": [
     [
      [
       330.26,
       89.8
      ],
      [
       326.34,
       96.35
      ],
      [
       332.59,
       100.17
      ],
      [
       331.95,
       101.21
      ],
      [
       333.76,
       102.38
      ],
      [
       331.9,
       105.43
      ],
      [
       329.83,
       104.15
      ],
      [
       329.22,
       105.19
      ],
      [
       323.35,
       101.53
      ],
      [
       319.25,
       108.24
      ],
      [
       339.38,
       120.48
      ],
      [
       343.33,
       113.99
      ],
      [
       336.12,
       109.47
      ],
      [
       336.73,
       108.39
      ],
      [
       336.24,
       108.07
      ],
      [
       338.01,
       105.05
      ],
      [
       338.51,
       105.39
      ],
      [
       339.17,
       104.3
      ],
      [
       346.39,
       108.82
      ],
      [
       350.33,
       102.33
      ],
      [
       330.26,
       89.8
      ]
     ]
    ]
   },
   "geometry": {
    "type": "Polygon",
    "coordinates": [
     [
      [
       -3.6900992,
       40.4865933
      ],
      [
       -3.6901455,
       40.4865345
      ],
      [
       -3.6900717,
       40.4865002
      ],
      [
       -3.6900792,
       40.4864908
      ],
      [
       -3.6900579,
       40.4864803
      ],
      [
       -3.6900798,
       40.4864529
      ],
      [
       -3.6901043,
       40.4864644
      ],
      [
       -3.6901115,
       40.4864551
      ],
      [
       -3.6901808,
       40.4864879
      ],
      [
       -3.6902292,
       40.4864277
      ],
      [
       -3.6899915,
       40.4863177
      ],
      [
       -3.6899448,
       40.486376
      ],
      [
       -3.69003,
       40.4864166
      ],
      [
       -3.6900228,
       40.4864263
      ],
      [
       -3.6900285,
       40.4864292
      ],
      [
       -3.6900076,
       40.4864563
      ],
      [
       -3.6900017,
       40.4864533
      ],
      [
       -3.6899939,
       40.4864631
      ],
      [
       -3.6899087,
       40.4864225
      ],
      [
       -3.6898621,
       40.4864808
      ],
      [
       -3.6900992,
       40.4865933
      ]
     ]
    ]
   }
  },
  {
   "type": "Feature",
   "properties": {
    "osm": "way/23699700",
    "addr:city": "Madrid",
    "addr:housenumber": "3",
    "addr:postcode": "28034",
    "addr:street": "Calle Virgen de Aránzazu",
    "building": "apartments",
    "building:levels": "5",
    "building:use": "residential",
    "roof:levels": "1",
    "roof:shape": "hipped",
    "source": "catastro",
    "xy": [
     [
      [
       311.34,
       216.54
      ],
      [
       305.63,
       226.8
      ],
      [
       322.98,
       237.16
      ],
      [
       329.03,
       226.99
      ],
      [
       320.04,
       221.62
      ],
      [
       311.34,
       216.54
      ]
     ]
    ]
   },
   "geometry": {
    "type": "Polygon",
    "coordinates": [
     [
      [
       -3.6903226,
       40.4854548
      ],
      [
       -3.6903901,
       40.4853626
      ],
      [
       -3.6901852,
       40.4852696
      ],
      [
       -3.6901137,
       40.4853609
      ],
      [
       -3.6902199,
       40.4854092
      ],
      [
       -3.6903226,
       40.4854548
      ]
     ]
    ]
   }
  },
  {
   "type": "Feature",
   "properties": {
    "osm": "way/23699702",
    "addr:city": "Madrid",
    "addr:housenumber": "6",
    "addr:postcode": "28034",
    "addr:street": "Calle Virgen de Aránzazu",
    "building": "apartments",
    "building:use": "residential",
    "xy": [
     [
      [
       338.82,
       185.48
      ],
      [
       334.42,
       193.85
      ],
      [
       342.2,
       198.47
      ],
      [
       349.13,
       202.72
      ],
      [
       352.51,
       196.88
      ],
      [
       353.74,
       194.6
      ],
      [
       338.82,
       185.48
      ]
     ]
    ]
   },
   "geometry": {
    "type": "Polygon",
    "coordinates": [
     [
      [
       -3.6899981,
       40.4857338
      ],
      [
       -3.69005,
       40.4856586
      ],
      [
       -3.6899582,
       40.4856171
      ],
      [
       -3.6898763,
       40.4855789
      ],
      [
       -3.6898364,
       40.4856314
      ],
      [
       -3.6898219,
       40.4856519
      ],
      [
       -3.6899981,
       40.4857338
      ]
     ]
    ]
   }
  },
  {
   "type": "Feature",
   "properties": {
    "osm": "way/27600233",
    "addr:city": "Madrid",
    "addr:housenumber": "10",
    "addr:postcode": "28029",
    "addr:street": "Calle de Santiago de Compostela",
    "building": "apartments",
    "source": "PNOA",
    "source:date": "2009",
    "xy": [
     [
      [
       -339.3,
       232.37
      ],
      [
       -359.23,
       244.17
      ],
      [
       -350.95,
       258.36
      ],
      [
       -330.94,
       246.7
      ],
      [
       -339.3,
       232.37
      ]
     ]
    ]
   },
   "geometry": {
    "type": "Polygon",
    "coordinates": [
     [
      [
       -3.6980076,
       40.4853126
      ],
      [
       -3.698243,
       40.4852066
      ],
      [
       -3.6981452,
       40.4850791
      ],
      [
       -3.6979089,
       40.4851839
      ],
      [
       -3.6980076,
       40.4853126
      ]
     ]
    ]
   }
  },
  {
   "type": "Feature",
   "properties": {
    "osm": "way/27600479",
    "addr:city": "Madrid",
    "addr:housenumber": "3 Derecha",
    "addr:postcode": "28034",
    "addr:street": "Calle de Alfredo Marqueríe",
    "building": "apartments",
    "xy": [
     [
      [
       -287.35,
       172.39
      ],
      [
       -284.84,
       172.25
      ],
      [
       -284.89,
       168.18
      ],
      [
       -279.25,
       168.03
      ],
      [
       -279.15,
       170.73
      ],
      [
       -276.38,
       170.58
      ],
      [
       -276.54,
       168.18
      ],
      [
       -270.81,
       167.95
      ],
      [
       -270.79,
       172.05
      ],
      [
       -268.13,
       172.2
      ],
      [
       -265.13,
       171.18
      ],
      [
       -260.49,
       187.87
      ],
      [
       -261.24,
       188.28
      ],
      [
       -262.33,
       187.34
      ],
      [
       -263.01,
       185.51
      ],
      [
       -265.78,
       185.88
      ],
      [
       -265.78,
       188.75
      ],
      [
       -268.08,
       188.95
      ],
      [
       -268.18,
       191.41
      ],
      [
       -270.43,
       191.47
      ],
      [
       -270.53,
       193.4
      ],
      [
       -269.96,
       193.45
      ],
      [
       -269.73,
       197.08
      ],
      [
       -276.23,
       197.2
      ],
      [
       -276.23,
       193.24
      ],
      [
       -278.78,
       193.24
      ],
      [
       -278.62,
       197.16
      ],
      [
       -285.11,
       197.35
      ],
      [
       -285.15,
       193.76
      ],
      [
       -284.62,
       193.61
      ],
      [
       -284.57,
       191.73
      ],
      [
       -286.66,
       191.83
      ],
      [
       -286.82,
       189.11
      ],
      [
       -289.17,
       189.11
      ],
      [
       -289.43,
       184.57
      ],
      [
       -293.49,
       184.37
      ],
      [
       -291.36,
       176.44
      ],
      [
       -291.0,
       174.96
      ],
      [
       -287.29,
       174.81
      ],
      [
       -287.35,
       172.39
      ]
     ]
    ]
   },
   "geometry": {
    "type": "Polygon",
    "coordinates": [
     [
      [
       -3.697394,
       40.4858514
      ],
      [
       -3.6973643,
       40.4858527
      ],
      [
       -3.6973649,
       40.4858892
      ],
      [
       -3.6972983,
       40.4858906
      ],
      [
       -3.6972971,
       40.4858663
      ],
      [
       -3.6972644,
       40.4858677
      ],
      [
       -3.6972663,
       40.4858892
      ],
      [
       -3.6971986,
       40.4858913
      ],
      [
       -3.6971984,
       40.4858545
      ],
      [
       -3.697167,
       40.4858531
      ],
      [
       -3.6971316,
       40.4858623
      ],
      [
       -3.6970767,
       40.4857123
      ],
      [
       -3.6970856,
       40.4857087
      ],
      [
       -3.6970985,
       40.4857171
      ],
      [
       -3.6971065,
       40.4857335
      ],
      [
       -3.6971392,
       40.4857302
      ],
      [
       -3.6971392,
       40.4857044
      ],
      [
       -3.6971664,
       40.4857026
      ],
      [
       -3.6971676,
       40.4856805
      ],
      [
       -3.6971941,
       40.48568
      ],
      [
       -3.6971953,
       40.4856627
      ],
      [
       -3.6971886,
       40.4856622
      ],
      [
       -3.6971859,
       40.4856296
      ],
      [
       -3.6972626,
       40.4856285
      ],
      [
       -3.6972626,
       40.4856641
      ],
      [
       -3.6972928,
       40.4856641
      ],
      [
       -3.6972909,
       40.4856289
      ],
      [
       -3.6973675,
       40.4856272
      ],
      [
       -3.697368,
       40.4856594
      ],
      [
       -3.6973618,
       40.4856608
      ],
      [
       -3.6973612,
       40.4856777
      ],
      [
       -3.6973859,
       40.4856768
      ],
      [
       -3.6973877,
       40.4857012
      ],
      [
       -3.6974155,
       40.4857012
      ],
      [
       -3.6974186,
       40.485742
      ],
      [
       -3.6974665,
       40.4857438
      ],
      [
       -3.6974414,
       40.485815
      ],
      [
       -3.6974371,
       40.4858283
      ],
      [
       -3.6973933,
       40.4858297
      ],
      [
       -3.697394,
       40.4858514
      ]
     ]
    ]
   }
  },
  {
   "type": "Feature",
   "properties": {
    "osm": "way/27600480",
    "addr:city": "Madrid",
    "addr:housenumber": "3 Izquierda",
    "addr:postcode": "28034",
    "addr:street": "Calle de Alfredo Marqueríe",
    "building": "apartments",
    "xy": [
     [
      [
       -236.2,
       177.27
      ],
      [
       -238.11,
       178.42
      ],
      [
       -237.11,
       180.13
      ],
      [
       -236.56,
       179.97
      ],
      [
       -234.75,
       182.89
      ],
      [
       -240.21,
       186.14
      ],
      [
       -240.95,
       185.1
      ],
      [
       -243.13,
       186.36
      ],
      [
       -242.39,
       187.62
      ],
      [
       -247.91,
       190.87
      ],
      [
       -249.73,
       187.73
      ],
      [
       -249.15,
       187.51
      ],
      [
       -250.25,
       185.69
      ],
      [
       -252.1,
       186.88
      ],
      [
       -253.58,
       184.67
      ],
      [
       -255.5,
       185.77
      ],
      [
       -257.05,
       183.41
      ],
      [
       -258.82,
       184.29
      ],
      [
       -259.74,
       184.45
      ],
      [
       -259.27,
       186.51
      ],
      [
       -259.64,
       187.66
      ],
      [
       -260.49,
       187.87
      ],
      [
       -265.13,
       171.18
      ],
      [
       -262.27,
       170.3
      ],
      [
       -260.04,
       169.12
      ],
      [
       -262.18,
       165.53
      ],
      [
       -257.26,
       162.52
      ],
      [
       -256.02,
       164.79
      ],
      [
       -253.87,
       163.53
      ],
      [
       -255.08,
       161.24
      ],
      [
       -250.06,
       158.31
      ],
      [
       -248.07,
       161.77
      ],
      [
       -245.9,
       160.41
      ],
      [
       -245.64,
       160.8
      ],
      [
       -242.43,
       159.05
      ],
      [
       -234.26,
       173.06
      ],
      [
       -237.48,
       175.0
      ],
      [
       -236.2,
       177.27
      ]
     ]
    ]
   },
   "geometry": {
    "type": "Polygon",
    "coordinates": [
     [
      [
       -3.6967898,
       40.4858076
      ],
      [
       -3.6968124,
       40.4857972
      ],
      [
       -3.6968006,
       40.4857819
      ],
      [
       -3.6967941,
       40.4857833
      ],
      [
       -3.6967727,
       40.4857571
      ],
      [
       -3.6968372,
       40.4857279
      ],
      [
       -3.696846,
       40.4857372
      ],
      [
       -3.6968717,
       40.4857259
      ],
      [
       -3.696863,
       40.4857146
      ],
      [
       -3.6969281,
       40.4856854
      ],
      [
       -3.6969497,
       40.4857136
      ],
      [
       -3.6969428,
       40.4857156
      ],
      [
       -3.6969558,
       40.4857319
      ],
      [
       -3.6969777,
       40.4857212
      ],
      [
       -3.6969951,
       40.4857411
      ],
      [
       -3.6970178,
       40.4857312
      ],
      [
       -3.6970361,
       40.4857524
      ],
      [
       -3.697057,
       40.4857445
      ],
      [
       -3.6970679,
       40.4857431
      ],
      [
       -3.6970623,
       40.4857246
      ],
      [
       -3.6970667,
       40.4857142
      ],
      [
       -3.6970767,
       40.4857123
      ],
      [
       -3.6971316,
       40.4858623
      ],
      [
       -3.6970978,
       40.4858702
      ],
      [
       -3.6970714,
       40.4858808
      ],
      [
       -3.6970967,
       40.485913
      ],
      [
       -3.6970386,
       40.4859401
      ],
      [
       -3.6970239,
       40.4859197
      ],
      [
       -3.6969986,
       40.485931
      ],
      [
       -3.6970128,
       40.4859516
      ],
      [
       -3.6969536,
       40.4859779
      ],
      [
       -3.6969301,
       40.4859468
      ],
      [
       -3.6969044,
       40.485959
      ],
      [
       -3.6969013,
       40.4859555
      ],
      [
       -3.6968634,
       40.4859712
      ],
      [
       -3.6967669,
       40.4858454
      ],
      [
       -3.696805,
       40.485828
      ],
      [
       -3.6967898,
       40.4858076
      ]
     ]
    ]
   }
  },
  {
   "type": "Feature",
   "properties": {
    "osm": "way/27600481",
    "addr:city": "Madrid",
    "addr:housenumber": "1",
    "addr:postcode": "28034",
    "addr:street": "Calle de Alfredo Marqueríe",
    "building": "apartments",
    "xy": [
     [
      [
       -237.1,
       155.39
      ],
      [
       -239.27,
       151.72
      ],
      [
       -234.35,
       148.89
      ],
      [
       -232.95,
       151.04
      ],
      [
       -230.63,
       149.68
      ],
      [
       -231.98,
       147.53
      ],
      [
       -226.98,
       144.65
      ],
      [
       -224.81,
       148.32
      ],
      [
       -222.97,
       147.21
      ],
      [
       -221.67,
       149.26
      ],
      [
       -208.84,
       141.65
      ],
      [
       -206.39,
       145.77
      ],
      [
       -209.32,
       147.49
      ],
      [
       -207.74,
       150.24
      ],
      [
       -208.27,
       150.65
      ],
      [
       -208.56,
       151.54
      ],
      [
       -207.0,
       154.4
      ],
      [
       -210.01,
       156.24
      ],
      [
       -210.5,
       155.54
      ],
      [
       -212.07,
       156.54
      ],
      [
       -210.48,
       159.15
      ],
      [
       -214.54,
       161.55
      ],
      [
       -213.19,
       163.83
      ],
      [
       -215.08,
       164.89
      ],
      [
       -213.98,
       166.67
      ],
      [
       -213.57,
       166.38
      ],
      [
       -211.65,
       169.36
      ],
      [
       -217.15,
       172.72
      ],
      [
       -219.2,
       169.24
      ],
      [
       -221.41,
       170.5
      ],
      [
       -219.52,
       173.99
      ],
      [
       -224.81,
       177.25
      ],
      [
       -226.79,
       174.07
      ],
      [
       -226.29,
       173.84
      ],
      [
       -227.26,
       172.12
      ],
      [
       -229.18,
       173.23
      ],
      [
       -230.49,
       170.98
      ],
      [
       -234.26,
       173.06
      ],
      [
       -242.43,
       159.05
      ],
      [
       -238.65,
       156.88
      ],
      [
       -239.03,
       156.55
      ],
      [
       -237.1,
       155.39
      ]
     ]
    ]
   },
   "geometry": {
    "type": "Polygon",
    "coordinates": [
     [
      [
       -3.6968005,
       40.4860041
      ],
      [
       -3.6968261,
       40.4860371
      ],
      [
       -3.696768,
       40.4860625
      ],
      [
       -3.6967515,
       40.4860432
      ],
      [
       -3.6967241,
       40.4860554
      ],
      [
       -3.69674,
       40.4860747
      ],
      [
       -3.6966809,
       40.4861006
      ],
      [
       -3.6966553,
       40.4860676
      ],
      [
       -3.6966336,
       40.4860776
      ],
      [
       -3.6966182,
       40.4860592
      ],
      [
       -3.6964667,
       40.4861275
      ],
      [
       -3.6964377,
       40.4860905
      ],
      [
       -3.6964723,
       40.4860751
      ],
      [
       -3.6964537,
       40.4860504
      ],
      [
       -3.69646,
       40.4860467
      ],
      [
       -3.6964634,
       40.4860387
      ],
      [
       -3.696445,
       40.486013
      ],
      [
       -3.6964805,
       40.4859965
      ],
      [
       -3.6964863,
       40.4860028
      ],
      [
       -3.6965048,
       40.4859938
      ],
      [
       -3.6964861,
       40.4859703
      ],
      [
       -3.696534,
       40.4859488
      ],
      [
       -3.6965181,
       40.4859283
      ],
      [
       -3.6965404,
       40.4859188
      ],
      [
       -3.6965274,
       40.4859028
      ],
      [
       -3.6965225,
       40.4859054
      ],
      [
       -3.6964999,
       40.4858786
      ],
      [
       -3.6965648,
       40.4858484
      ],
      [
       -3.6965891,
       40.4858797
      ],
      [
       -3.6966152,
       40.4858684
      ],
      [
       -3.6965928,
       40.485837
      ],
      [
       -3.6966553,
       40.4858077
      ],
      [
       -3.6966787,
       40.4858363
      ],
      [
       -3.6966728,
       40.4858384
      ],
      [
       -3.6966843,
       40.4858538
      ],
      [
       -3.6967069,
       40.4858439
      ],
      [
       -3.6967224,
       40.4858641
      ],
      [
       -3.6967669,
       40.4858454
      ],
      [
       -3.6968634,
       40.4859712
      ],
      [
       -3.6968188,
       40.4859907
      ],
      [
       -3.6968233,
       40.4859937
      ],
      [
       -3.6968005,
       40.4860041
      ]
     ]
    ]
   }
  },
  {
   "type": "Feature",
   "properties": {
    "osm": "way/27600482",
    "addr:city": "Madrid",
    "addr:housenumber": "5 Izquierda",
    "addr:postcode": "28034",
    "addr:street": "Calle de Alfredo Marqueríe",
    "building": "apartments",
    "xy": [
     [
      [
       -301.47,
       185.34
      ],
      [
       -302.59,
       187.55
      ],
      [
       -304.57,
       186.51
      ],
      [
       -305.77,
       188.28
      ],
      [
       -305.15,
       188.54
      ],
      [
       -306.94,
       191.72
      ],
      [
       -312.4,
       188.64
      ],
      [
       -310.47,
       185.09
      ],
      [
       -312.61,
       183.95
      ],
      [
       -314.76,
       187.4
      ],
      [
       -320.23,
       184.52
      ],
      [
       -318.52,
       181.07
      ],
      [
       -317.99,
       181.28
      ],
      [
       -317.21,
       179.61
      ],
      [
       -319.03,
       178.62
      ],
      [
       -317.78,
       176.38
      ],
      [
       -319.77,
       175.07
      ],
      [
       -318.57,
       172.51
      ],
      [
       -320.81,
       170.94
      ],
      [
       -322.22,
       172.2
      ],
      [
       -323.36,
       172.75
      ],
      [
       -324.26,
       172.13
      ],
      [
       -312.28,
       159.24
      ],
      [
       -309.85,
       161.45
      ],
      [
       -307.75,
       162.48
      ],
      [
       -305.8,
       159.07
      ],
      [
       -300.81,
       161.8
      ],
      [
       -301.96,
       164.11
      ],
      [
       -299.82,
       165.15
      ],
      [
       -298.52,
       163.06
      ],
      [
       -293.61,
       165.88
      ],
      [
       -295.34,
       169.31
      ],
      [
       -293.4,
       170.58
      ],
      [
       -294.6,
       172.98
      ],
      [
       -292.67,
       174.08
      ],
      [
       -293.29,
       175.48
      ],
      [
       -291.36,
       176.44
      ],
      [
       -293.49,
       184.37
      ],
      [
       -297.21,
       182.38
      ],
      [
       -299.41,
       186.35
      ],
      [
       -301.47,
       185.34
      ]
     ]
    ]
   },
   "geometry": {
    "type": "Polygon",
    "coordinates": [
     [
      [
       -3.6975608,
       40.4857351
      ],
      [
       -3.697574,
       40.4857152
      ],
      [
       -3.6975974,
       40.4857246
      ],
      [
       -3.6976116,
       40.4857087
      ],
      [
       -3.6976042,
       40.4857063
      ],
      [
       -3.6976254,
       40.4856778
      ],
      [
       -3.6976899,
       40.4857054
      ],
      [
       -3.6976671,
       40.4857373
      ],
      [
       -3.6976924,
       40.4857476
      ],
      [
       -3.6977177,
       40.4857166
      ],
      [
       -3.6977824,
       40.4857424
      ],
      [
       -3.6977621,
       40.4857734
      ],
      [
       -3.6977559,
       40.4857715
      ],
      [
       -3.6977467,
       40.4857865
      ],
      [
       -3.6977682,
       40.4857954
      ],
      [
       -3.6977534,
       40.4858156
      ],
      [
       -3.6977769,
       40.4858273
      ],
      [
       -3.6977627,
       40.4858503
      ],
      [
       -3.6977892,
       40.4858644
      ],
      [
       -3.6978059,
       40.4858531
      ],
      [
       -3.6978193,
       40.4858482
      ],
      [
       -3.6978299,
       40.4858537
      ],
      [
       -3.6976885,
       40.4859695
      ],
      [
       -3.6976597,
       40.4859497
      ],
      [
       -3.697635,
       40.4859404
      ],
      [
       -3.6976119,
       40.4859711
      ],
      [
       -3.697553,
       40.4859465
      ],
      [
       -3.6975666,
       40.4859258
      ],
      [
       -3.6975413,
       40.4859164
      ],
      [
       -3.6975259,
       40.4859352
      ],
      [
       -3.6974679,
       40.4859099
      ],
      [
       -3.6974884,
       40.4858791
      ],
      [
       -3.6974654,
       40.4858677
      ],
      [
       -3.6974796,
       40.4858461
      ],
      [
       -3.6974568,
       40.4858362
      ],
      [
       -3.6974642,
       40.4858236
      ],
      [
       -3.6974414,
       40.485815
      ],
      [
       -3.6974665,
       40.4857438
      ],
      [
       -3.6975105,
       40.4857617
      ],
      [
       -3.6975364,
       40.485726
      ],
      [
       -3.6975608,
       40.4857351
      ]
     ]
    ]
   }
  },
  {
   "type": "Feature",
   "properties": {
    "osm": "way/27600483",
    "addr:city": "Madrid",
    "addr:housenumber": "5 Derecha",
    "addr:postcode": "28034",
    "addr:street": "Calle de Alfredo Marqueríe",
    "building": "apartments",
    "xy": [
     [
      [
       -341.51,
       146.4
      ],
      [
       -329.88,
       138.84
      ],
      [
       -327.19,
       142.48
      ],
      [
       -325.2,
       141.08
      ],
      [
       -323.8,
       142.78
      ],
      [
       -320.16,
       140.69
      ],
      [
       -317.23,
       145.36
      ],
      [
       -319.22,
       146.76
      ],
      [
       -317.97,
       149.12
      ],
      [
       -315.82,
       147.8
      ],
      [
       -312.67,
       152.56
      ],
      [
       -316.11,
       154.85
      ],
      [
       -314.77,
       156.73
      ],
      [
       -312.28,
       159.24
      ],
      [
       -324.26,
       172.13
      ],
      [
       -324.52,
       171.67
      ],
      [
       -324.52,
       170.0
      ],
      [
       -323.32,
       168.78
      ],
      [
       -324.95,
       166.56
      ],
      [
       -327.65,
       167.96
      ],
      [
       -328.9,
       166.02
      ],
      [
       -331.15,
       167.33
      ],
      [
       -332.35,
       165.66
      ],
      [
       -333.92,
       166.6
      ],
      [
       -333.76,
       167.17
      ],
      [
       -336.57,
       169.02
      ],
      [
       -340.06,
       163.67
      ],
      [
       -336.79,
       161.58
      ],
      [
       -338.24,
       159.44
      ],
      [
       -341.6,
       161.49
      ],
      [
       -344.93,
       156.36
      ],
      [
       -342.16,
       154.28
      ],
      [
       -341.54,
       154.59
      ],
      [
       -340.13,
       153.54
      ],
      [
       -341.05,
       151.7
      ],
      [
       -339.28,
       150.22
      ],
      [
       -341.51,
       146.4
      ]
     ]
    ]
   },
   "geometry": {
    "type": "Polygon",
    "coordinates": [
     [
      [
       -3.6980337,
       40.4860849
      ],
      [
       -3.6978963,
       40.4861528
      ],
      [
       -3.6978646,
       40.4861201
      ],
      [
       -3.6978411,
       40.4861327
      ],
      [
       -3.6978245,
       40.4861174
      ],
      [
       -3.6977815,
       40.4861362
      ],
      [
       -3.6977469,
       40.4860942
      ],
      [
       -3.6977704,
       40.4860816
      ],
      [
       -3.6977556,
       40.4860604
      ],
      [
       -3.6977303,
       40.4860723
      ],
      [
       -3.697693,
       40.4860295
      ],
      [
       -3.6977337,
       40.486009
      ],
      [
       -3.6977179,
       40.4859921
      ],
      [
       -3.6976885,
       40.4859695
      ],
      [
       -3.6978299,
       40.4858537
      ],
      [
       -3.697833,
       40.4858579
      ],
      [
       -3.697833,
       40.4858729
      ],
      [
       -3.6978189,
       40.4858838
      ],
      [
       -3.6978381,
       40.4859038
      ],
      [
       -3.69787,
       40.4858912
      ],
      [
       -3.6978848,
       40.4859086
      ],
      [
       -3.6979113,
       40.4858969
      ],
      [
       -3.6979255,
       40.4859119
      ],
      [
       -3.697944,
       40.4859034
      ],
      [
       -3.6979421,
       40.4858983
      ],
      [
       -3.6979754,
       40.4858817
      ],
      [
       -3.6980166,
       40.4859297
      ],
      [
       -3.6979779,
       40.4859485
      ],
      [
       -3.6979951,
       40.4859677
      ],
      [
       -3.6980348,
       40.4859493
      ],
      [
       -3.6980741,
       40.4859954
      ],
      [
       -3.6980414,
       40.4860141
      ],
      [
       -3.698034,
       40.4860113
      ],
      [
       -3.6980174,
       40.4860207
      ],
      [
       -3.6980283,
       40.4860373
      ],
      [
       -3.6980073,
       40.4860506
      ],
      [
       -3.6980337,
       40.4860849
      ]
     ]
    ]
   }
  },
  {
   "type": "Feature",
   "properties": {
    "osm": "way/27600484",
    "addr:city": "Madrid",
    "addr:housenumber": "11B",
    "addr:postcode": "28034",
    "addr:street": "Calle de Alfredo Marqueríe",
    "building": "apartments",
    "xy": [
     [
      [
       -362.3,
       58.83
      ],
      [
       -364.56,
       55.0
      ],
      [
       -352.35,
       47.63
      ],
      [
       -350.04,
       51.41
      ],
      [
       -347.71,
       50.19
      ],
      [
       -346.67,
       52.25
      ],
      [
       -343.01,
       49.93
      ],
      [
       -340.13,
       55.21
      ],
      [
       -342.37,
       56.44
      ],
      [
       -341.25,
       58.68
      ],
      [
       -338.81,
       57.37
      ],
      [
       -335.86,
       62.31
      ],
      [
       -339.44,
       64.39
      ],
      [
       -338.33,
       66.46
      ],
      [
       -340.44,
       68.04
      ],
      [
       -338.43,
       71.48
      ],
      [
       -348.38,
       81.44
      ],
      [
       -348.91,
       80.71
      ],
      [
       -348.72,
       79.39
      ],
      [
       -347.33,
       77.92
      ],
      [
       -348.12,
       77.2
      ],
      [
       -349.14,
       75.73
      ],
      [
       -351.54,
       77.12
      ],
      [
       -352.99,
       75.01
      ],
      [
       -355.12,
       76.34
      ],
      [
       -356.29,
       74.36
      ],
      [
       -357.89,
       75.37
      ],
      [
       -357.69,
       76.03
      ],
      [
       -360.66,
       77.71
      ],
      [
       -364.03,
       72.39
      ],
      [
       -360.51,
       70.25
      ],
      [
       -361.74,
       67.81
      ],
      [
       -365.37,
       70.03
      ],
      [
       -368.4,
       64.77
      ],
      [
       -365.37,
       62.57
      ],
      [
       -364.89,
       63.11
      ],
      [
       -363.34,
       62.09
      ],
      [
       -364.45,
       60.18
      ],
      [
       -362.3,
       58.83
      ]
     ]
    ]
   },
   "geometry": {
    "type": "Polygon",
    "coordinates": [
     [
      [
       -3.6982792,
       40.4868715
      ],
      [
       -3.698306,
       40.4869059
      ],
      [
       -3.6981617,
       40.4869721
      ],
      [
       -3.6981345,
       40.4869382
      ],
      [
       -3.6981069,
       40.4869491
      ],
      [
       -3.6980946,
       40.4869306
      ],
      [
       -3.6980514,
       40.4869515
      ],
      [
       -3.6980174,
       40.486904
      ],
      [
       -3.6980439,
       40.486893
      ],
      [
       -3.6980306,
       40.4868729
      ],
      [
       -3.6980018,
       40.4868846
      ],
      [
       -3.697967,
       40.4868403
      ],
      [
       -3.6980092,
       40.4868216
      ],
      [
       -3.6979961,
       40.486803
      ],
      [
       -3.698021,
       40.4867888
      ],
      [
       -3.6979973,
       40.4867579
      ],
      [
       -3.6981148,
       40.4866684
      ],
      [
       -3.6981211,
       40.486675
      ],
      [
       -3.6981189,
       40.4866868
      ],
      [
       -3.6981024,
       40.4867
      ],
      [
       -3.6981118,
       40.4867065
      ],
      [
       -3.6981238,
       40.4867197
      ],
      [
       -3.6981522,
       40.4867072
      ],
      [
       -3.6981693,
       40.4867262
      ],
      [
       -3.6981945,
       40.4867142
      ],
      [
       -3.6982083,
       40.486732
      ],
      [
       -3.6982272,
       40.4867229
      ],
      [
       -3.6982248,
       40.486717
      ],
      [
       -3.6982599,
       40.4867019
      ],
      [
       -3.6982997,
       40.4867497
      ],
      [
       -3.6982581,
       40.4867689
      ],
      [
       -3.6982726,
       40.4867909
      ],
      [
       -3.6983155,
       40.4867709
      ],
      [
       -3.6983513,
       40.4868182
      ],
      [
       -3.6983155,
       40.4868379
      ],
      [
       -3.6983098,
       40.4868331
      ],
      [
       -3.6982915,
       40.4868422
      ],
      [
       -3.6983047,
       40.4868594
      ],
      [
       -3.6982792,
       40.4868715
      ]
     ]
    ]
   }
  },
  {
   "type": "Feature",
   "properties": {
    "osm": "way/27600485",
    "addr:city": "Madrid",
    "addr:housenumber": "9B",
    "addr:postcode": "28034",
    "addr:street": "Calle de Alfredo Marqueríe",
    "building": "apartments",
    "xy": [
     [
      [
       -308.75,
       77.96
      ],
      [
       -303.15,
       78.07
      ],
      [
       -303.15,
       80.53
      ],
      [
       -300.38,
       80.32
      ],
      [
       -300.38,
       77.86
      ],
      [
       -294.72,
       77.85
      ],
      [
       -294.53,
       81.93
      ],
      [
       -292.18,
       82.09
      ],
      [
       -291.92,
       84.65
      ],
      [
       -288.1,
       84.6
      ],
      [
       -284.29,
       98.08
      ],
      [
       -285.13,
       98.23
      ],
      [
       -286.33,
       97.46
      ],
      [
       -287.04,
       95.5
      ],
      [
       -288.16,
       95.77
      ],
      [
       -289.89,
       95.88
      ],
      [
       -290.2,
       98.75
      ],
      [
       -292.45,
       98.85
      ],
      [
       -292.5,
       101.41
      ],
      [
       -294.43,
       101.3
      ],
      [
       -294.48,
       103.29
      ],
      [
       -293.96,
       103.45
      ],
      [
       -294.06,
       107.05
      ],
      [
       -300.37,
       106.91
      ],
      [
       -300.38,
       102.93
      ],
      [
       -302.89,
       102.98
      ],
      [
       -303.1,
       107.05
      ],
      [
       -309.32,
       107.02
      ],
      [
       -309.33,
       103.43
      ],
      [
       -308.7,
       103.58
      ],
      [
       -308.84,
       101.43
      ],
      [
       -310.88,
       101.41
      ],
      [
       -311.08,
       98.85
      ],
      [
       -313.33,
       98.75
      ],
      [
       -313.28,
       94.3
      ],
      [
       -317.6,
       94.25
      ],
      [
       -315.63,
       86.28
      ],
      [
       -315.18,
       84.73
      ],
      [
       -311.29,
       84.65
      ],
      [
       -311.14,
       82.2
      ],
      [
       -308.74,
       81.89
      ],
      [
       -308.75,
       77.96
      ]
     ]
    ]
   },
   "geometry": {
    "type": "Polygon",
    "coordinates": [
     [
      [
       -3.6976467,
       40.4866997
      ],
      [
       -3.6975806,
       40.4866987
      ],
      [
       -3.6975806,
       40.4866766
      ],
      [
       -3.6975479,
       40.4866785
      ],
      [
       -3.6975479,
       40.4867006
      ],
      [
       -3.697481,
       40.4867007
      ],
      [
       -3.6974788,
       40.486664
      ],
      [
       -3.6974511,
       40.4866626
      ],
      [
       -3.697448,
       40.4866396
      ],
      [
       -3.6974028,
       40.48664
      ],
      [
       -3.6973578,
       40.4865189
      ],
      [
       -3.6973678,
       40.4865176
      ],
      [
       -3.697382,
       40.4865245
      ],
      [
       -3.6973903,
       40.4865421
      ],
      [
       -3.6974036,
       40.4865397
      ],
      [
       -3.697424,
       40.4865387
      ],
      [
       -3.6974277,
       40.4865129
      ],
      [
       -3.6974542,
       40.486512
      ],
      [
       -3.6974548,
       40.486489
      ],
      [
       -3.6974776,
       40.48649
      ],
      [
       -3.6974782,
       40.4864721
      ],
      [
       -3.6974721,
       40.4864707
      ],
      [
       -3.6974733,
       40.4864384
      ],
      [
       -3.6975478,
       40.4864396
      ],
      [
       -3.6975479,
       40.4864754
      ],
      [
       -3.6975775,
       40.4864749
      ],
      [
       -3.69758,
       40.4864384
      ],
      [
       -3.6976535,
       40.4864386
      ],
      [
       -3.6976536,
       40.4864709
      ],
      [
       -3.6976462,
       40.4864695
      ],
      [
       -3.6976478,
       40.4864888
      ],
      [
       -3.6976719,
       40.486489
      ],
      [
       -3.6976743,
       40.486512
      ],
      [
       -3.6977009,
       40.4865129
      ],
      [
       -3.6977003,
       40.4865529
      ],
      [
       -3.6977513,
       40.4865533
      ],
      [
       -3.697728,
       40.4866249
      ],
      [
       -3.6977227,
       40.4866389
      ],
      [
       -3.6976768,
       40.4866396
      ],
      [
       -3.697675,
       40.4866616
      ],
      [
       -3.6976466,
       40.4866644
      ],
      [
       -3.6976467,
       40.4866997
      ]
     ]
    ]
   }
  },
  {
   "type": "Feature",
   "properties": {
    "osm": "way/27600486",
    "addr:city": "Madrid",
    "addr:housenumber": "9",
    "addr:postcode": "28034",
    "addr:street": "Calle de Alfredo Marqueríe",
    "building": "apartments",
    "xy": [
     [
      [
       -261.83,
       88.64
      ],
      [
       -259.78,
       92.11
      ],
      [
       -272.21,
       99.32
      ],
      [
       -274.3,
       95.77
      ],
      [
       -276.36,
       96.92
      ],
      [
       -277.51,
       94.89
      ],
      [
       -279.49,
       95.77
      ],
      [
       -280.86,
       93.32
      ],
      [
       -282.47,
       94.1
      ],
      [
       -283.57,
       94.47
      ],
      [
       -283.0,
       96.35
      ],
      [
       -283.59,
       97.89
      ],
      [
       -284.29,
       98.08
      ],
      [
       -288.1,
       84.6
      ],
      [
       -284.4,
       82.51
      ],
      [
       -285.81,
       80.08
      ],
      [
       -283.57,
       78.87
      ],
      [
       -285.66,
       75.34
      ],
      [
       -280.54,
       72.32
      ],
      [
       -279.23,
       74.67
      ],
      [
       -277.04,
       73.47
      ],
      [
       -278.2,
       71.17
      ],
      [
       -273.23,
       68.21
      ],
      [
       -271.25,
       71.8
      ],
      [
       -269.17,
       70.58
      ],
      [
       -267.83,
       73.03
      ],
      [
       -262.79,
       70.29
      ],
      [
       -260.55,
       74.21
      ],
      [
       -259.92,
       74.36
      ],
      [
       -257.99,
       77.76
      ],
      [
       -258.18,
       78.38
      ],
      [
       -255.8,
       82.35
      ],
      [
       -260.75,
       85.48
      ],
      [
       -259.71,
       87.48
      ],
      [
       -261.83,
       88.64
      ]
     ]
    ]
   },
   "geometry": {
    "type": "Polygon",
    "coordinates": [
     [
      [
       -3.6970926,
       40.4866037
      ],
      [
       -3.6970683,
       40.4865726
      ],
      [
       -3.6972152,
       40.4865078
      ],
      [
       -3.6972398,
       40.4865397
      ],
      [
       -3.6972642,
       40.4865294
      ],
      [
       -3.6972778,
       40.4865476
      ],
      [
       -3.6973012,
       40.4865397
      ],
      [
       -3.6973173,
       40.4865617
      ],
      [
       -3.6973364,
       40.4865547
      ],
      [
       -3.6973493,
       40.4865514
      ],
      [
       -3.6973426,
       40.4865345
      ],
      [
       -3.6973496,
       40.4865206
      ],
      [
       -3.6973578,
       40.4865189
      ],
      [
       -3.6974028,
       40.48664
      ],
      [
       -3.6973592,
       40.4866588
      ],
      [
       -3.6973758,
       40.4866806
      ],
      [
       -3.6973494,
       40.4866915
      ],
      [
       -3.697374,
       40.4867232
      ],
      [
       -3.6973136,
       40.4867503
      ],
      [
       -3.6972981,
       40.4867292
      ],
      [
       -3.6972722,
       40.48674
      ],
      [
       -3.6972859,
       40.4867607
      ],
      [
       -3.6972272,
       40.4867873
      ],
      [
       -3.6972038,
       40.486755
      ],
      [
       -3.6971793,
       40.486766
      ],
      [
       -3.6971634,
       40.486744
      ],
      [
       -3.6971039,
       40.4867686
      ],
      [
       -3.6970774,
       40.4867334
      ],
      [
       -3.69707,
       40.486732
      ],
      [
       -3.6970472,
       40.4867015
      ],
      [
       -3.6970495,
       40.4866959
      ],
      [
       -3.6970213,
       40.4866602
      ],
      [
       -3.6970798,
       40.4866321
      ],
      [
       -3.6970675,
       40.4866142
      ],
      [
       -3.6970926,
       40.4866037
      ]
     ]
    ]
   }
  },
  {
   "type": "Feature",
   "properties": {
    "osm": "way/27600487",
    "addr:city": "Madrid",
    "addr:housenumber": "11A",
    "addr:postcode": "28034",
    "addr:street": "Calle de Alfredo Marqueríe",
    "building": "apartments",
    "xy": [
     [
      [
       -331.27,
       101.33
      ],
      [
       -336.74,
       98.37
      ],
      [
       -334.97,
       94.61
      ],
      [
       -336.95,
       93.35
      ],
      [
       -338.94,
       96.85
      ],
      [
       -344.46,
       93.93
      ],
      [
       -342.8,
       90.48
      ],
      [
       -342.27,
       90.9
      ],
      [
       -341.18,
       89.08
      ],
      [
       -343.06,
       87.98
      ],
      [
       -341.91,
       85.78
      ],
      [
       -344.0,
       84.64
      ],
      [
       -342.48,
       81.98
      ],
      [
       -344.05,
       81.35
      ],
      [
       -345.04,
       80.36
      ],
      [
       -346.34,
       81.71
      ],
      [
       -347.73,
       81.85
      ],
      [
       -348.38,
       81.44
      ],
      [
       -338.43,
       71.48
      ],
      [
       -335.32,
       73.37
      ],
      [
       -333.87,
       70.97
      ],
      [
       -331.82,
       72.22
      ],
      [
       -329.7,
       68.72
      ],
      [
       -324.76,
       71.51
      ],
      [
       -325.95,
       73.82
      ],
      [
       -323.79,
       75.06
      ],
      [
       -322.48,
       72.77
      ],
      [
       -317.44,
       75.66
      ],
      [
       -319.4,
       79.27
      ],
      [
       -317.29,
       80.55
      ],
      [
       -318.57,
       82.74
      ],
      [
       -316.76,
       83.81
      ],
      [
       -317.36,
       85.3
      ],
      [
       -315.63,
       86.28
      ],
      [
       -317.6,
       94.25
      ],
      [
       -321.47,
       92.3
      ],
      [
       -323.76,
       95.99
      ],
      [
       -325.79,
       95.07
      ],
      [
       -327.12,
       97.35
      ],
      [
       -329.01,
       96.18
      ],
      [
       -330.0,
       97.86
      ],
      [
       -329.38,
       98.26
      ],
      [
       -331.27,
       101.33
      ]
     ]
    ]
   },
   "geometry": {
    "type": "Polygon",
    "coordinates": [
     [
      [
       -3.6979128,
       40.4864897
      ],
      [
       -3.6979774,
       40.4865163
      ],
      [
       -3.6979564,
       40.4865501
      ],
      [
       -3.6979798,
       40.4865614
      ],
      [
       -3.6980033,
       40.48653
      ],
      [
       -3.6980685,
       40.4865562
      ],
      [
       -3.6980489,
       40.4865872
      ],
      [
       -3.6980427,
       40.4865834
      ],
      [
       -3.6980298,
       40.4865998
      ],
      [
       -3.698052,
       40.4866097
      ],
      [
       -3.6980384,
       40.4866294
      ],
      [
       -3.6980631,
       40.4866397
      ],
      [
       -3.6980452,
       40.4866636
      ],
      [
       -3.6980637,
       40.4866692
      ],
      [
       -3.6980754,
       40.4866781
      ],
      [
       -3.6980908,
       40.486666
      ],
      [
       -3.6981072,
       40.4866647
      ],
      [
       -3.6981148,
       40.4866684
      ],
      [
       -3.6979973,
       40.4867579
      ],
      [
       -3.6979606,
       40.4867409
      ],
      [
       -3.6979434,
       40.4867625
      ],
      [
       -3.6979193,
       40.4867512
      ],
      [
       -3.6978942,
       40.4867827
      ],
      [
       -3.6978358,
       40.4867576
      ],
      [
       -3.6978499,
       40.4867369
      ],
      [
       -3.6978244,
       40.4867257
      ],
      [
       -3.6978089,
       40.4867463
      ],
      [
       -3.6977494,
       40.4867203
      ],
      [
       -3.6977726,
       40.4866879
      ],
      [
       -3.6977476,
       40.4866764
      ],
      [
       -3.6977627,
       40.4866567
      ],
      [
       -3.6977414,
       40.4866471
      ],
      [
       -3.6977485,
       40.4866337
      ],
      [
       -3.697728,
       40.4866249
      ],
      [
       -3.6977513,
       40.4865533
      ],
      [
       -3.697797,
       40.4865709
      ],
      [
       -3.697824,
       40.4865377
      ],
      [
       -3.697848,
       40.486546
      ],
      [
       -3.6978637,
       40.4865255
      ],
      [
       -3.6978861,
       40.486536
      ],
      [
       -3.6978978,
       40.4865209
      ],
      [
       -3.6978904,
       40.4865173
      ],
      [
       -3.6979128,
       40.4864897
      ]
     ]
    ]
   }
  },
  {
   "type": "Feature",
   "properties": {
    "osm": "way/27600488",
    "addr:city": "Madrid",
    "addr:housenumber": "7",
    "addr:postcode": "28034",
    "addr:street": "Calle de Alfredo Marqueríe",
    "building": "apartments",
    "xy": [
     [
      [
       -257.67,
       95.91
      ],
      [
       -255.45,
       94.62
      ],
      [
       -254.2,
       96.5
      ],
      [
       -249.34,
       93.52
      ],
      [
       -246.53,
       98.54
      ],
      [
       -250.02,
       100.84
      ],
      [
       -248.61,
       102.98
      ],
      [
       -245.06,
       100.84
      ],
      [
       -242.34,
       105.74
      ],
      [
       -247.1,
       108.73
      ],
      [
       -246.05,
       110.55
      ],
      [
       -248.23,
       111.87
      ],
      [
       -240.94,
       125.05
      ],
      [
       -245.01,
       127.32
      ],
      [
       -247.1,
       123.71
      ],
      [
       -248.35,
       124.39
      ],
      [
       -247.91,
       125.22
      ],
      [
       -249.34,
       125.96
      ],
      [
       -249.9,
       125.41
      ],
      [
       -250.86,
       125.22
      ],
      [
       -253.48,
       126.74
      ],
      [
       -255.37,
       123.63
      ],
      [
       -254.66,
       123.15
      ],
      [
       -255.52,
       121.57
      ],
      [
       -258.18,
       123.09
      ],
      [
       -260.57,
       119.25
      ],
      [
       -262.79,
       120.54
      ],
      [
       -263.75,
       119.02
      ],
      [
       -268.55,
       121.8
      ],
      [
       -271.72,
       116.33
      ],
      [
       -270.5,
       115.59
      ],
      [
       -271.83,
       113.33
      ],
      [
       -272.97,
       114.08
      ],
      [
       -276.3,
       108.64
      ],
      [
       -273.02,
       106.8
      ],
      [
       -272.68,
       107.13
      ],
      [
       -271.06,
       106.13
      ],
      [
       -271.98,
       104.25
      ],
      [
       -269.95,
       103.15
      ],
      [
       -272.21,
       99.32
      ],
      [
       -259.78,
       92.11
      ],
      [
       -257.67,
       95.91
      ]
     ]
    ]
   },
   "geometry": {
    "type": "Polygon",
    "coordinates": [
     [
      [
       -3.6970434,
       40.4865384
      ],
      [
       -3.6970172,
       40.48655
      ],
      [
       -3.6970024,
       40.4865331
      ],
      [
       -3.6969451,
       40.4865599
      ],
      [
       -3.6969118,
       40.4865148
      ],
      [
       -3.6969531,
       40.4864941
      ],
      [
       -3.6969364,
       40.4864749
      ],
      [
       -3.6968945,
       40.4864941
      ],
      [
       -3.6968624,
       40.4864501
      ],
      [
       -3.6969186,
       40.4864233
      ],
      [
       -3.6969062,
       40.4864069
      ],
      [
       -3.6969319,
       40.4863951
      ],
      [
       -3.6968458,
       40.4862767
      ],
      [
       -3.6968939,
       40.4862563
      ],
      [
       -3.6969186,
       40.4862887
      ],
      [
       -3.6969334,
       40.4862826
      ],
      [
       -3.6969281,
       40.4862751
      ],
      [
       -3.6969451,
       40.4862685
      ],
      [
       -3.6969517,
       40.4862734
      ],
      [
       -3.696963,
       40.4862751
      ],
      [
       -3.696994,
       40.4862615
      ],
      [
       -3.6970163,
       40.4862894
      ],
      [
       -3.6970079,
       40.4862937
      ],
      [
       -3.697018,
       40.4863079
      ],
      [
       -3.6970495,
       40.4862943
      ],
      [
       -3.6970777,
       40.4863288
      ],
      [
       -3.6971039,
       40.4863172
      ],
      [
       -3.6971152,
       40.4863308
      ],
      [
       -3.6971719,
       40.4863059
      ],
      [
       -3.6972094,
       40.486355
      ],
      [
       -3.697195,
       40.4863616
      ],
      [
       -3.6972107,
       40.4863819
      ],
      [
       -3.6972242,
       40.4863752
      ],
      [
       -3.6972635,
       40.4864241
      ],
      [
       -3.6972247,
       40.4864406
      ],
      [
       -3.6972207,
       40.4864376
      ],
      [
       -3.6972016,
       40.4864466
      ],
      [
       -3.6972125,
       40.4864635
      ],
      [
       -3.6971885,
       40.4864734
      ],
      [
       -3.6972152,
       40.4865078
      ],
      [
       -3.6970683,
       40.4865726
      ],
      [
       -3.6970434,
       40.4865384
      ]
     ]
    ]
   }
  },
  {
   "type": "Feature",
   "properties": {
    "osm": "way/30144553",
    "destination:ref": "M-30;A-1",
    "highway": "motorway",
    "lanes": "1",
    "maxspeed": "70",
    "name": "Calle 30",
    "oneway": "yes",
    "ref": "M-30",
    "ref:colour": "blue",
    "surface": "asphalt",
    "xy": [
     [
      -76.69,
      227.25
     ],
     [
      -63.02,
      226.61
     ],
     [
      -41.69,
      227.1
     ],
     [
      -29.45,
      227.66
     ],
     [
      -15.66,
      229.32
     ],
     [
      -0.5,
      231.33
     ],
     [
      17.17,
      234.5
     ],
     [
      30.13,
      237.37
     ],
     [
      43.36,
      240.84
     ],
     [
      62.77,
      246.94
     ],
     [
      96.3,
      258.16
     ],
     [
      127.5,
      272.09
     ],
     [
      144.45,
      278.17
     ],
     [
      193.39,
      300.05
     ],
     [
      241.1,
      325.78
     ],
     [
      281.5,
      346.64
     ],
     [
      318.59,
      363.26
     ]
    ]
   },
   "geometry": {
    "type": "LineString",
    "coordinates": [
     [
      -3.6949058,
      40.4853586
     ],
     [
      -3.6947443,
      40.4853643
     ],
     [
      -3.6944924,
      40.4853599
     ],
     [
      -3.6943479,
      40.4853549
     ],
     [
      -3.694185,
      40.48534
     ],
     [
      -3.6940059,
      40.4853219
     ],
     [
      -3.6937972,
      40.4852935
     ],
     [
      -3.6936441,
      40.4852677
     ],
     [
      -3.6934879,
      40.4852365
     ],
     [
      -3.6932586,
      40.4851817
     ],
     [
      -3.6928626,
      40.4850809
     ],
     [
      -3.6924941,
      40.4849558
     ],
     [
      -3.6922939,
      40.4849012
     ],
     [
      -3.6917158,
      40.4847046
     ],
     [
      -3.6911523,
      40.4844735
     ],
     [
      -3.6906751,
      40.4842861
     ],
     [
      -3.690237,
      40.4841368
     ]
    ]
   }
  },
  {
   "type": "Feature",
   "properties": {
    "osm": "way/32562471",
    "change:lanes": "yes|yes|yes|yes",
    "highway": "motorway",
    "lanes": "4",
    "maxspeed": "90",
    "name": "Autovía de Colmenar",
    "oneway": "yes",
    "ref": "M-607",
    "surface": "asphalt",
    "turn:lanes": "through|through|through|slight_right",
    "xy": [
     [
      -321.45,
      -164.42
     ],
     [
      -334.62,
      -216.74
     ],
     [
      -349.01,
      -287.11
     ],
     [
      -353.67,
      -315.39
     ],
     [
      -360.53,
      -357.52
     ]
    ]
   },
   "geometry": {
    "type": "LineString",
    "coordinates": [
     [
      -3.6977968,
      40.488877
     ],
     [
      -3.6979523,
      40.489347
     ],
     [
      -3.6981223,
      40.4899791
     ],
     [
      -3.6981773,
      40.4902332
     ],
     [
      -3.6982583,
      40.4906116
     ]
    ]
   }
  },
  {
   "type": "Feature",
   "properties": {
    "osm": "way/32562477",
    "highway": "residential",
    "lanes": "2",
    "lit": "yes",
    "maxspeed:type": "ES:urban",
    "name": "Calle de San Modesto",
    "oneway": "yes",
    "postal_code": "28034",
    "sidewalk:left": "no",
    "sidewalk:right": "separate",
    "surface": "asphalt",
    "xy": [
     [
      -257.55,
      -155.37
     ],
     [
      -255.19,
      -152.72
     ],
     [
      -251.08,
      -148.11
     ],
     [
      -247.81,
      -142.75
     ],
     [
      -242.49,
      -128.71
     ],
     [
      -238.34,
      -119.99
     ]
    ]
   },
   "geometry": {
    "type": "LineString",
    "coordinates": [
     [
      -3.697042,
      40.4887957
     ],
     [
      -3.6970141,
      40.4887719
     ],
     [
      -3.6969656,
      40.4887305
     ],
     [
      -3.696927,
      40.4886823
     ],
     [
      -3.6968641,
      40.4885562
     ],
     [
      -3.6968151,
      40.4884779
     ]
    ]
   }
  },
  {
   "type": "Feature",
   "properties": {
    "osm": "way/33337883",
    "highway": "service",
    "name": "Calle de Xaudaró",
    "oneway": "no",
    "postal_code": "28034",
    "surface": "asphalt",
    "xy": [
     [
      -22.22,
      -229.76
     ],
     [
      20.64,
      -229.8
     ],
     [
      25.98,
      -229.03
     ]
    ]
   },
   "geometry": {
    "type": "LineString",
    "coordinates": [
     [
      -3.6942624,
      40.489464
     ],
     [
      -3.6937562,
      40.4894643
     ],
     [
      -3.6936932,
      40.4894574
     ]
    ]
   }
  },
  {
   "type": "Feature",
   "properties": {
    "osm": "way/38087198",
    "highway": "service",
    "name": "Calle de Xaudaró",
    "oneway": "yes",
    "postal_code": "28034",
    "sidewalk:right": "separate",
    "surface": "asphalt",
    "xy": [
     [
      25.98,
      -229.03
     ],
     [
      33.09,
      -227.29
     ],
     [
      139.73,
      -228.25
     ],
     [
      147.49,
      -228.45
     ],
     [
      150.21,
      -228.78
     ],
     [
      157.16,
      -229.72
     ],
     [
      160.79,
      -230.0
     ],
     [
      231.89,
      -231.12
     ],
     [
      313.96,
      -232.61
     ],
     [
      364.95,
      -233.1
     ],
     [
      417.99,
      -233.52
     ]
    ]
   },
   "geometry": {
    "type": "LineString",
    "coordinates": [
     [
      -3.6936932,
      40.4894574
     ],
     [
      -3.6936092,
      40.4894418
     ],
     [
      -3.6923496,
      40.4894504
     ],
     [
      -3.6922579,
      40.4894522
     ],
     [
      -3.6922258,
      40.4894552
     ],
     [
      -3.6921437,
      40.4894636
     ],
     [
      -3.6921009,
      40.4894661
     ],
     [
      -3.6912611,
      40.4894762
     ],
     [
      -3.6902917,
      40.4894896
     ],
     [
      -3.6896894,
      40.489494
     ],
     [
      -3.689063,
      40.4894977
     ]
    ]
   }
  },
  {
   "type": "Feature",
   "properties": {
    "osm": "way/47077273",
    "highway": "residential",
    "lanes": "1",
    "lit": "yes",
    "maxspeed": "40",
    "maxspeed:type": "sign",
    "name": "Calle de San Modesto",
    "oneway": "yes",
    "postal_code": "28034",
    "sidewalk:left": "no",
    "sidewalk:right": "separate",
    "surface": "asphalt",
    "xy": [
     [
      -238.34,
      -119.99
     ],
     [
      -240.06,
      -130.36
     ],
     [
      -242.57,
      -145.76
     ],
     [
      -243.96,
      -151.89
     ],
     [
      -244.46,
      -157.42
     ],
     [
      -244.46,
      -160.81
     ]
    ]
   },
   "geometry": {
    "type": "LineString",
    "coordinates": [
     [
      -3.6968151,
      40.4884779
     ],
     [
      -3.6968354,
      40.488571
     ],
     [
      -3.6968651,
      40.4887094
     ],
     [
      -3.6968815,
      40.4887644
     ],
     [
      -3.6968874,
      40.4888141
     ],
     [
      -3.6968874,
      40.4888446
     ]
    ]
   }
  },
  {
   "type": "Feature",
   "properties": {
    "osm": "way/98289891",
    "destination": "Burgos;aeropuerto;A-2;A-3;A-4",
    "destination:ref": "M-30",
    "highway": "motorway",
    "lanes": "2",
    "maxspeed": "50",
    "name": "Calle 30",
    "oneway": "yes",
    "ref": "M-30",
    "ref:colour": "blue",
    "surface": "asphalt",
    "turn:lanes": "merge_to_right|through",
    "xy": [
     [
      -322.04,
      323.84
     ],
     [
      -258.19,
      287.66
     ],
     [
      -196.68,
      257.68
     ],
     [
      -150.29,
      240.17
     ],
     [
      -113.41,
      231.25
     ],
     [
      -76.69,
      227.25
     ]
    ]
   },
   "geometry": {
    "type": "LineString",
    "coordinates": [
     [
      -3.6978037,
      40.4844909
     ],
     [
      -3.6970496,
      40.4848159
     ],
     [
      -3.696323,
      40.4850852
     ],
     [
      -3.6957751,
      40.4852425
     ],
     [
      -3.6953395,
      40.4853227
     ],
     [
      -3.6949058,
      40.4853586
     ]
    ]
   }
  },
  {
   "type": "Feature",
   "properties": {
    "osm": "way/118933491",
    "highway": "residential",
    "junction": "roundabout",
    "lanes": "2",
    "lit": "yes",
    "maxspeed:type": "ES:urban",
    "postal_code": "28034",
    "sidewalk": "no",
    "surface": "asphalt",
    "xy": [
     [
      -273.71,
      -176.45
     ],
     [
      -274.15,
      -171.68
     ],
     [
      -273.25,
      -166.96
     ],
     [
      -271.07,
      -162.68
     ],
     [
      -267.79,
      -159.18
     ],
     [
      -263.67,
      -156.71
     ],
     [
      -259.03,
      -155.48
     ],
     [
      -257.55,
      -155.37
     ],
     [
      -252.72,
      -155.9
     ],
     [
      -248.24,
      -157.77
     ],
     [
      -244.46,
      -160.81
     ]
    ]
   },
   "geometry": {
    "type": "LineString",
    "coordinates": [
     [
      -3.6972329,
      40.4889851
     ],
     [
      -3.6972381,
      40.4889422
     ],
     [
      -3.6972274,
      40.4888998
     ],
     [
      -3.6972017,
      40.4888614
     ],
     [
      -3.697163,
      40.4888299
     ],
     [
      -3.6971143,
      40.4888077
     ],
     [
      -3.6970595,
      40.4887967
     ],
     [
      -3.697042,
      40.4887957
     ],
     [
      -3.696985,
      40.4888005
     ],
     [
      -3.6969321,
      40.4888173
     ],
     [
      -3.6968874,
      40.4888446
     ]
    ]
   }
  },
  {
   "type": "Feature",
   "properties": {
    "osm": "way/118933495",
    "destination": "Avenida de la Ilustración;A-6;A-5;A-42",
    "destination:ref": "M-30",
    "highway": "motorway",
    "lanes": "3",
    "maxheight": "4",
    "maxspeed": "70",
    "name": "Calle 30",
    "oneway": "yes",
    "ref": "M-30",
    "ref:colour": "blue",
    "surface": "asphalt",
    "xy": [
     [
      153.34,
      246.61
     ],
     [
      118.76,
      221.58
     ],
     [
      96.7,
      205.65
     ],
     [
      71.77,
      194.63
     ],
     [
      46.08,
      189.32
     ],
     [
      26.97,
      187.64
     ]
    ]
   },
   "geometry": {
    "type": "LineString",
    "coordinates": [
     [
      -3.6921888,
      40.4851847
     ],
     [
      -3.6925973,
      40.4854095
     ],
     [
      -3.6928579,
      40.4855526
     ],
     [
      -3.6931523,
      40.4856516
     ],
     [
      -3.6934557,
      40.4856993
     ],
     [
      -3.6936814,
      40.4857144
     ]
    ]
   }
  },
  {
   "type": "Feature",
   "properties": {
    "osm": "way/118933498",
    "highway": "motorway",
    "lanes": "2",
    "maxspeed": "90",
    "name": "Autovía de Colmenar",
    "oneway": "yes",
    "ref": "M-607",
    "shoulder": "yes",
    "surface": "asphalt",
    "xy": [
     [
      -16.66,
      171.47
     ],
     [
      -52.55,
      156.32
     ],
     [
      -99.21,
      130.98
     ],
     [
      -145.53,
      99.5
     ],
     [
      -187.5,
      63.31
     ],
     [
      -224.55,
      21.32
     ],
     [
      -243.88,
      -1.55
     ],
     [
      -265.83,
      -35.14
     ],
     [
      -279.54,
      -61.83
     ]
    ]
   },
   "geometry": {
    "type": "LineString",
    "coordinates": [
     [
      -3.6941968,
      40.4858597
     ],
     [
      -3.6946207,
      40.4859958
     ],
     [
      -3.6951718,
      40.4862234
     ],
     [
      -3.6957189,
      40.4865062
     ],
     [
      -3.6962146,
      40.4868313
     ],
     [
      -3.6966522,
      40.4872085
     ],
     [
      -3.6968806,
      40.4874139
     ],
     [
      -3.6971398,
      40.4877157
     ],
     [
      -3.6973017,
      40.4879554
     ]
    ]
   }
  },
  {
   "type": "Feature",
   "properties": {
    "osm": "way/118933505",
    "cycleway:both": "no",
    "highway": "residential",
    "lanes": "2",
    "name": "Calle de Antoniorrobles",
    "oneway": "no",
    "postal_code": "28034",
    "sidewalk:both": "separate",
    "surface": "asphalt",
    "xy": [
     [
      155.02,
      49.06
     ],
     [
      72.19,
      120.52
     ]
    ]
   },
   "geometry": {
    "type": "LineString",
    "coordinates": [
     [
      -3.692169,
      40.4869593
     ],
     [
      -3.6931473,
      40.4863174
     ]
    ]
   }
  },
  {
   "type": "Feature",
   "properties": {
    "osm": "way/118933509",
    "cycleway:both": "no",
    "highway": "residential",
    "lanes": "2",
    "lit": "yes",
    "maxspeed": "40",
    "name": "Calle de San Modesto",
    "oneway": "no",
    "postal_code": "28034",
    "sidewalk:both": "separate",
    "surface": "asphalt",
    "xy": [
     [
      30.86,
      154.91
     ],
     [
      14.19,
      147.71
     ],
     [
      -3.51,
      139.78
     ],
     [
      -52.36,
      115.59
     ],
     [
      -58.01,
      112.95
     ],
     [
      -86.47,
      97.34
     ]
    ]
   },
   "geometry": {
    "type": "LineString",
    "coordinates": [
     [
      -3.6936355,
      40.4860084
     ],
     [
      -3.6938324,
      40.4860731
     ],
     [
      -3.6940414,
      40.4861443
     ],
     [
      -3.6946184,
      40.4863616
     ],
     [
      -3.6946852,
      40.4863854
     ],
     [
      -3.6950213,
      40.4865256
     ]
    ]
   }
  },
  {
   "type": "Feature",
   "properties": {
    "osm": "way/161238500",
    "highway": "residential",
    "lanes": "1",
    "lit": "yes",
    "name": "Calle de Alfredo Marqueríe",
    "oneway": "yes",
    "postal_code": "28034",
    "sidewalk:both": "separate",
    "surface": "asphalt",
    "xy": [
     [
      -397.34,
      -82.69
     ],
     [
      -388.25,
      -84.89
     ],
     [
      -385.21,
      -85.76
     ],
     [
      -360.73,
      -94.48
     ],
     [
      -354.19,
      -96.0
     ],
     [
      -347.62,
      -95.75
     ],
     [
      -343.05,
      -94.92
     ],
     [
      -337.17,
      -92.14
     ],
     [
      -333.89,
      -89.29
     ],
     [
      -331.21,
      -85.47
     ],
     [
      -329.28,
      -81.76
     ],
     [
      -312.66,
      -47.63
     ],
     [
      -297.98,
      -14.66
     ]
    ]
   },
   "geometry": {
    "type": "LineString",
    "coordinates": [
     [
      -3.6986931,
      40.4881428
     ],
     [
      -3.6985858,
      40.4881626
     ],
     [
      -3.6985499,
      40.4881704
     ],
     [
      -3.6982607,
      40.4882487
     ],
     [
      -3.6981835,
      40.4882624
     ],
     [
      -3.6981059,
      40.4882601
     ],
     [
      -3.6980519,
      40.4882527
     ],
     [
      -3.6979824,
      40.4882277
     ],
     [
      -3.6979437,
      40.4882021
     ],
     [
      -3.697912,
      40.4881678
     ],
     [
      -3.6978892,
      40.4881345
     ],
     [
      -3.6976929,
      40.4878279
     ],
     [
      -3.6975196,
      40.4875317
     ]
    ]
   }
  },
  {
   "type": "Feature",
   "properties": {
    "osm": "way/161238501",
    "highway": "residential",
    "lanes": "1",
    "lit": "yes",
    "maxspeed": "50",
    "name": "Calle de Fermín Caballero",
    "oneway": "yes",
    "postal_code": "28034",
    "sidewalk:both": "separate",
    "surface": "asphalt",
    "xy": [
     [
      -359.02,
      14.14
     ],
     [
      -349.21,
      30.76
     ],
     [
      -347.11,
      32.03
     ],
     [
      -344.21,
      31.73
     ],
     [
      -307.75,
      9.82
     ],
     [
      -302.64,
      6.76
     ],
     [
      -295.73,
      5.23
     ],
     [
      -289.92,
      5.94
     ],
     [
      -286.76,
      6.81
     ]
    ]
   },
   "geometry": {
    "type": "LineString",
    "coordinates": [
     [
      -3.6982405,
      40.487273
     ],
     [
      -3.6981247,
      40.4871237
     ],
     [
      -3.6980998,
      40.4871123
     ],
     [
      -3.6980656,
      40.487115
     ],
     [
      -3.6976349,
      40.4873118
     ],
     [
      -3.6975746,
      40.4873393
     ],
     [
      -3.697493,
      40.487353
     ],
     [
      -3.6974244,
      40.4873466
     ],
     [
      -3.697387,
      40.4873388
     ]
    ]
   }
  },
  {
   "type": "Feature",
   "properties": {
    "osm": "way/201080314",
    "electrified": "contact_line",
    "frequency": "0",
    "gauge": "1668",
    "maxspeed": "90",
    "name": "Línea Madrid-Hendaya",
    "railway": "rail",
    "railway:etcs": "2",
    "ref": "100",
    "usage": "main",
    "voltage": "3000",
    "xy": [
     [
      194.89,
      -84.31
     ],
     [
      225.71,
      -83.75
     ],
     [
      250.23,
      -81.76
     ],
     [
      282.7,
      -77.24
     ],
     [
      310.61,
      -70.71
     ],
     [
      344.05,
      -60.77
     ],
     [
      412.86,
      -26.03
     ],
     [
      805.64,
      209.47
     ]
    ]
   },
   "geometry": {
    "type": "LineString",
    "coordinates": [
     [
      -3.6916981,
      40.4881574
     ],
     [
      -3.6913341,
      40.4881523
     ],
     [
      -3.6910445,
      40.4881345
     ],
     [
      -3.6906609,
      40.4880939
     ],
     [
      -3.6903313,
      40.4880352
     ],
     [
      -3.6899363,
      40.4879459
     ],
     [
      -3.6891236,
      40.4876338
     ],
     [
      -3.6844843,
      40.4855183
     ]
    ]
   }
  },
  {
   "type": "Feature",
   "properties": {
    "osm": "way/215446163",
    "addr:housenumber": "37",
    "addr:street": "Calle de Virgen de Aránzazu",
    "building": "apartments",
    "source": "catastro",
    "xy": [
     [
      [
       347.84,
       13.35
      ],
      [
       332.93,
       4.04
      ],
      [
       336.95,
       -2.39
      ],
      [
       341.78,
       0.62
      ],
      [
       345.99,
       -6.12
      ],
      [
       340.87,
       -9.24
      ],
      [
       344.98,
       -15.84
      ],
      [
       353.01,
       -10.82
      ],
      [
       360.15,
       -6.35
      ],
      [
       356.14,
       0.1
      ],
      [
       350.0,
       -3.74
      ],
      [
       345.85,
       2.93
      ],
      [
       351.96,
       6.75
      ],
      [
       347.84,
       13.35
      ]
     ]
    ]
   },
   "geometry": {
    "type": "Polygon",
    "coordinates": [
     [
      [
       -3.6898915,
       40.4872801
      ],
      [
       -3.6900677,
       40.4873637
      ],
      [
       -3.6900202,
       40.4874215
      ],
      [
       -3.6899631,
       40.4873944
      ],
      [
       -3.6899134,
       40.487455
      ],
      [
       -3.6899739,
       40.487483
      ],
      [
       -3.6899253,
       40.4875423
      ],
      [
       -3.6898305,
       40.4874972
      ],
      [
       -3.6897461,
       40.487457
      ],
      [
       -3.6897935,
       40.4873991
      ],
      [
       -3.689866,
       40.4874336
      ],
      [
       -3.6899151,
       40.4873737
      ],
      [
       -3.6898429,
       40.4873394
      ],
      [
       -3.6898915,
       40.4872801
      ]
     ]
    ]
   }
  },
  {
   "type": "Feature",
   "properties": {
    "osm": "way/215446164",
    "addr:housenumber": "35",
    "addr:street": "Calle de Virgen de Aránzazu",
    "building": "apartments",
    "source": "catastro",
    "xy": [
     [
      [
       340.87,
       -9.24
      ],
      [
       325.95,
       -18.55
      ],
      [
       329.97,
       -24.99
      ],
      [
       334.8,
       -21.96
      ],
      [
       339.0,
       -28.71
      ],
      [
       334.17,
       -31.73
      ],
      [
       338.24,
       -38.26
      ],
      [
       353.15,
       -28.95
      ],
      [
       349.13,
       -22.5
      ],
      [
       343.03,
       -26.34
      ],
      [
       338.86,
       -19.66
      ],
      [
       344.98,
       -15.84
      ],
      [
       340.87,
       -9.24
      ]
     ]
    ]
   },
   "geometry": {
    "type": "Polygon",
    "coordinates": [
     [
      [
       -3.6899739,
       40.487483
      ],
      [
       -3.6901501,
       40.4875666
      ],
      [
       -3.6901026,
       40.4876245
      ],
      [
       -3.6900455,
       40.4875973
      ],
      [
       -3.6899959,
       40.4876579
      ],
      [
       -3.690053,
       40.487685
      ],
      [
       -3.6900049,
       40.4877437
      ],
      [
       -3.6898288,
       40.4876601
      ],
      [
       -3.6898763,
       40.4876021
      ],
      [
       -3.6899484,
       40.4876366
      ],
      [
       -3.6899976,
       40.4875766
      ],
      [
       -3.6899253,
       40.4875423
      ],
      [
       -3.6899739,
       40.487483
      ]
     ]
    ]
   }
  },
  {
   "type": "Feature",
   "properties": {
    "osm": "way/215446165",
    "addr:housenumber": "25",
    "addr:street": "Calle de Virgen de Aránzazu",
    "building": "apartments",
    "source": "catastro",
    "xy": [
     [
      [
       310.57,
       72.97
      ],
      [
       295.04,
       63.32
      ],
      [
       299.08,
       56.83
      ],
      [
       304.78,
       60.38
      ],
      [
       307.45,
       55.94
      ],
      [
       301.68,
       52.44
      ],
      [
       305.65,
       45.91
      ],
      [
       321.24,
       55.59
      ],
      [
       317.34,
       61.88
      ],
      [
       311.47,
       58.23
      ],
      [
       308.81,
       62.65
      ],
      [
       314.7,
       66.3
      ],
      [
       310.57,
       72.97
      ]
     ]
    ]
   },
   "geometry": {
    "type": "Polygon",
    "coordinates": [
     [
      [
       -3.6903318,
       40.4867445
      ],
      [
       -3.6905152,
       40.4868312
      ],
      [
       -3.6904675,
       40.4868895
      ],
      [
       -3.6904001,
       40.4868576
      ],
      [
       -3.6903686,
       40.4868975
      ],
      [
       -3.6904368,
       40.4869289
      ],
      [
       -3.6903899,
       40.4869876
      ],
      [
       -3.6902057,
       40.4869006
      ],
      [
       -3.6902518,
       40.4868441
      ],
      [
       -3.6903211,
       40.4868769
      ],
      [
       -3.6903525,
       40.4868372
      ],
      [
       -3.690283,
       40.4868044
      ],
      [
       -3.6903318,
       40.4867445
      ]
     ]
    ]
   }
  },
  {
   "type": "Feature",
   "properties": {
    "osm": "way/215446166",
    "addr:housenumber": "33",
    "addr:street": "Calle de Virgen de Aránzazu",
    "building": "apartments",
    "source": "catastro",
    "xy": [
     [
      [
       317.68,
       -5.28
      ],
      [
       302.77,
       -14.57
      ],
      [
       306.78,
       -21.02
      ],
      [
       311.62,
       -18.0
      ],
      [
       315.82,
       -24.74
      ],
      [
       310.98,
       -27.76
      ],
      [
       315.05,
       -34.29
      ],
      [
       329.97,
       -24.99
      ],
      [
       325.95,
       -18.55
      ],
      [
       319.84,
       -22.36
      ],
      [
       315.68,
       -15.7
      ],
      [
       321.8,
       -11.88
      ],
      [
       317.68,
       -5.28
      ]
     ]
    ]
   },
   "geometry": {
    "type": "Polygon",
    "coordinates": [
     [
      [
       -3.6902478,
       40.4874474
      ],
      [
       -3.6904239,
       40.4875309
      ],
      [
       -3.6903765,
       40.4875888
      ],
      [
       -3.6903193,
       40.4875617
      ],
      [
       -3.6902697,
       40.4876222
      ],
      [
       -3.6903269,
       40.4876494
      ],
      [
       -3.6902788,
       40.487708
      ],
      [
       -3.6901026,
       40.4876245
      ],
      [
       -3.6901501,
       40.4875666
      ],
      [
       -3.6902223,
       40.4876009
      ],
      [
       -3.6902714,
       40.487541
      ],
      [
       -3.6901991,
       40.4875067
      ],
      [
       -3.6902478,
       40.4874474
      ]
     ]
    ]
   }
  },
  {
   "type": "Feature",
   "properties": {
    "osm": "way/215446168",
    "addr:housenumber": "29",
    "addr:street": "Calle de Virgen de Aránzazu",
    "building": "apartments",
    "source": "catastro",
    "xy": [
     [
      [
       339.06,
       62.74
      ],
      [
       324.11,
       53.49
      ],
      [
       328.16,
       46.95
      ],
      [
       332.98,
       49.94
      ],
      [
       336.3,
       44.56
      ],
      [
       331.23,
       41.42
      ],
      [
       335.26,
       34.91
      ],
      [
       350.4,
       44.28
      ],
      [
       350.21,
       44.61
      ],
      [
       347.3,
       49.48
      ],
      [
       346.59,
       50.63
      ],
      [
       340.41,
       46.8
      ],
      [
       336.95,
       52.4
      ],
      [
       343.1,
       56.21
      ],
      [
       339.06,
       62.74
      ]
     ]
    ]
   },
   "geometry": {
    "type": "Polygon",
    "coordinates": [
     [
      [
       -3.6899952,
       40.4868364
      ],
      [
       -3.6901718,
       40.4869195
      ],
      [
       -3.690124,
       40.4869782
      ],
      [
       -3.690067,
       40.4869514
      ],
      [
       -3.6900278,
       40.4869997
      ],
      [
       -3.6900877,
       40.4870279
      ],
      [
       -3.6900401,
       40.4870864
      ],
      [
       -3.6898613,
       40.4870022
      ],
      [
       -3.6898636,
       40.4869993
      ],
      [
       -3.6898979,
       40.4869555
      ],
      [
       -3.6899063,
       40.4869452
      ],
      [
       -3.6899793,
       40.4869796
      ],
      [
       -3.6900202,
       40.4869293
      ],
      [
       -3.6899475,
       40.4868951
      ],
      [
       -3.6899952,
       40.4868364
      ]
     ]
    ]
   }
  },
  {
   "type": "Feature",
   "properties": {
    "osm": "way/215446171",
    "addr:housenumber": "27",
    "addr:street": "Calle Virgen de Aránzazu",
    "building": "apartments",
    "source": "catastro",
    "xy": [
     [
      [
       301.68,
       52.44
      ],
      [
       305.65,
       45.91
      ],
      [
       312.81,
       34.1
      ],
      [
       296.71,
       24.32
      ],
      [
       285.58,
       42.68
      ],
      [
       301.68,
       52.44
      ]
     ]
    ]
   },
   "geometry": {
    "type": "Polygon",
    "coordinates": [
     [
      [
       -3.6904368,
       40.4869289
      ],
      [
       -3.6903899,
       40.4869876
      ],
      [
       -3.6903053,
       40.4870937
      ],
      [
       -3.6904954,
       40.4871815
      ],
      [
       -3.6906269,
       40.4870166
      ],
      [
       -3.6904368,
       40.4869289
      ]
     ]
    ]
   }
  },
  {
   "type": "Feature",
   "properties": {
    "osm": "way/233234550",
    "highway": "footway",
    "smoothness": "good",
    "surface": "paving_stones",
    "xy": [
     [
      -361.91,
      -44.72
     ],
     [
      -329.96,
      -47.33
     ]
    ]
   },
   "geometry": {
    "type": "LineString",
    "coordinates": [
     [
      -3.6982747,
      40.4878017
     ],
     [
      -3.6978973,
      40.4878252
     ]
    ]
   }
  },
  {
   "type": "Feature",
   "properties": {
    "osm": "way/233812291",
    "highway": "service",
    "lanes": "1",
    "name": "Calle de Antoniorrobles",
    "oneway": "yes",
    "postal_code": "28034",
    "sidewalk:both": "separate",
    "surface": "asphalt",
    "xy": [
     [
      241.48,
      -160.73
     ],
     [
      242.0,
      -111.25
     ],
     [
      242.03,
      -104.91
     ],
     [
      242.11,
      -101.62
     ]
    ]
   },
   "geometry": {
    "type": "LineString",
    "coordinates": [
     [
      -3.6911478,
      40.4888439
     ],
     [
      -3.6911417,
      40.4883994
     ],
     [
      -3.6911413,
      40.4883424
     ],
     [
      -3.6911404,
      40.4883129
     ]
    ]
   }
  },
  {
   "type": "Feature",
   "properties": {
    "osm": "way/233812368",
    "highway": "footway",
    "lit": "yes",
    "smoothness": "good",
    "surface": "paving_stones",
    "xy": [
     [
      269.18,
      -33.15
     ],
     [
      273.59,
      -41.29
     ],
     [
      274.88,
      -41.66
     ],
     [
      276.12,
      -40.88
     ],
     [
      276.24,
      -39.08
     ],
     [
      276.54,
      -31.63
     ],
     [
      277.24,
      -28.91
     ],
     [
      278.64,
      -27.63
     ],
     [
      279.58,
      -28.3
     ],
     [
      280.2,
      -32.02
     ],
     [
      281.37,
      -36.65
     ],
     [
      282.58,
      -38.36
     ],
     [
      284.12,
      -38.65
     ],
     [
      285.17,
      -37.49
     ],
     [
      285.1,
      -32.16
     ],
     [
      285.71,
      -26.69
     ],
     [
      287.35,
      -22.66
     ],
     [
      289.04,
      -21.35
     ],
     [
      289.92,
      -23.91
     ],
     [
      289.42,
      -28.22
     ],
     [
      290.47,
      -33.08
     ],
     [
      292.2,
      -33.34
     ],
     [
      293.36,
      -31.36
     ],
     [
      294.11,
      -26.74
     ],
     [
      295.11,
      -22.13
     ],
     [
      298.05,
      -17.38
     ],
     [
      298.9,
      -15.36
     ],
     [
      298.23,
      -12.9
     ]
    ]
   },
   "geometry": {
    "type": "LineString",
    "coordinates": [
     [
      -3.6908206,
      40.4876978
     ],
     [
      -3.6907685,
      40.4877709
     ],
     [
      -3.6907533,
      40.4877742
     ],
     [
      -3.6907387,
      40.4877672
     ],
     [
      -3.6907372,
      40.4877511
     ],
     [
      -3.6907337,
      40.4876841
     ],
     [
      -3.6907254,
      40.4876597
     ],
     [
      -3.6907089,
      40.4876482
     ],
     [
      -3.6906978,
      40.4876542
     ],
     [
      -3.6906904,
      40.4876876
     ],
     [
      -3.6906766,
      40.4877292
     ],
     [
      -3.6906624,
      40.4877446
     ],
     [
      -3.6906442,
      40.4877472
     ],
     [
      -3.6906317,
      40.4877368
     ],
     [
      -3.6906326,
      40.4876889
     ],
     [
      -3.6906254,
      40.4876398
     ],
     [
      -3.690606,
      40.4876036
     ],
     [
      -3.6905861,
      40.4875918
     ],
     [
      -3.6905756,
      40.4876148
     ],
     [
      -3.6905815,
      40.4876535
     ],
     [
      -3.6905691,
      40.4876972
     ],
     [
      -3.6905487,
      40.4876995
     ],
     [
      -3.690535,
      40.4876817
     ],
     [
      -3.6905262,
      40.4876402
     ],
     [
      -3.6905144,
      40.4875988
     ],
     [
      -3.6904796,
      40.4875561
     ],
     [
      -3.6904696,
      40.487538
     ],
     [
      -3.6904775,
      40.4875159
     ]
    ]
   }
  },
  {
   "type": "Feature",
   "properties": {
    "osm": "way/233812373",
    "cycleway:both": "no",
    "highway": "residential",
    "layer": "-1",
    "name": "Calle de Antoniorrobles",
    "oneway": "no",
    "postal_code": "28034",
    "sidewalk": "left",
    "surface": "asphalt",
    "tunnel": "yes",
    "xy": [
     [
      270.17,
      -83.95
     ],
     [
      267.91,
      -71.45
     ]
    ]
   },
   "geometry": {
    "type": "LineString",
    "coordinates": [
     [
      -3.6908089,
      40.4881541
     ],
     [
      -3.6908356,
      40.4880418
     ]
    ]
   }
  },
  {
   "type": "Feature",
   "properties": {
    "osm": "way/233812376",
    "cycleway:both": "no",
    "highway": "residential",
    "lanes": "2",
    "lanes:backward": "1",
    "lanes:forward": "1",
    "lit": "yes",
    "maxspeed:type": "ES:urban",
    "name": "Calle de Antoniorrobles",
    "oneway": "no",
    "postal_code": "28034",
    "sidewalk:both": "separate",
    "surface": "asphalt",
    "xy": [
     [
      267.91,
      -71.45
     ],
     [
      265.79,
      -57.85
     ],
     [
      257.82,
      -43.2
     ],
     [
      178.23,
      28.24
     ],
     [
      166.21,
      39.02
     ],
     [
      155.02,
      49.06
     ]
    ]
   },
   "geometry": {
    "type": "LineString",
    "coordinates": [
     [
      -3.6908356,
      40.4880418
     ],
     [
      -3.6908607,
      40.4879197
     ],
     [
      -3.6909548,
      40.4877881
     ],
     [
      -3.6918949,
      40.4871463
     ],
     [
      -3.6920368,
      40.4870495
     ],
     [
      -3.692169,
      40.4869593
     ]
    ]
   }
  },
  {
   "type": "Feature",
   "properties": {
    "osm": "way/233812378",
    "cycleway:both": "no",
    "destination": "Hospital Ramón y Cajal;Paseo de la Castellana",
    "highway": "residential",
    "lanes": "1",
    "name": "Calle de Antoniorrobles",
    "oneway": "yes",
    "postal_code": "28034",
    "sidewalk:left": "no",
    "sidewalk:right": "separate",
    "smoothness": "excellent",
    "surface": "asphalt",
    "xy": [
     [
      266.55,
      -101.81
     ],
     [
      270.33,
      -96.9
     ],
     [
      271.49,
      -92.6
     ]
    ]
   },
   "geometry": {
    "type": "LineString",
    "coordinates": [
     [
      -3.6908517,
      40.4883146
     ],
     [
      -3.690807,
      40.4882705
     ],
     [
      -3.6907933,
      40.4882318
     ]
    ]
   }
  },
  {
   "type": "Feature",
   "properties": {
    "osm": "way/241223968",
    "highway": "motorway",
    "lanes": "3",
    "maxspeed": "70",
    "name": "Autovía de Colmenar",
    "oneway": "yes",
    "ref": "M-607",
    "surface": "asphalt",
    "turn:lanes": "through|through|slight_right",
    "xy": [
     [
      -93.87,
      149.93
     ],
     [
      -50.45,
      173.95
     ]
    ]
   },
   "geometry": {
    "type": "LineString",
    "coordinates": [
     [
      -3.6951087,
      40.4860532
     ],
     [
      -3.6945959,
      40.4858374
     ]
    ]
   }
  },
  {
   "type": "Feature",
   "properties": {
    "osm": "way/248599100",
    "highway": "service",
    "lanes": "1",
    "name": "Calle de San Modesto",
    "oneway": "yes",
    "surface": "asphalt",
    "xy": [
     [
      25.47,
      -48.48
     ],
     [
      70.18,
      -47.41
     ],
     [
      79.64,
      -45.36
     ],
     [
      86.54,
      -42.64
     ],
     [
      91.17,
      -38.09
     ],
     [
      94.32,
      -32.07
     ],
     [
      96.74,
      -26.46
     ],
     [
      97.12,
      -25.78
     ],
     [
      98.61,
      -20.65
     ],
     [
      120.97,
      5.97
     ],
     [
      123.98,
      9.85
     ],
     [
      144.58,
      36.39
     ],
     [
      149.58,
      42.45
     ],
     [
      150.87,
      43.9
     ],
     [
      155.02,
      49.06
     ]
    ]
   },
   "geometry": {
    "type": "LineString",
    "coordinates": [
     [
      -3.6936992,
      40.4878355
     ],
     [
      -3.6931711,
      40.4878259
     ],
     [
      -3.6930593,
      40.4878075
     ],
     [
      -3.6929778,
      40.487783
     ],
     [
      -3.6929231,
      40.4877422
     ],
     [
      -3.692886,
      40.4876881
     ],
     [
      -3.6928574,
      40.4876377
     ],
     [
      -3.6928529,
      40.4876316
     ],
     [
      -3.6928353,
      40.4875855
     ],
     [
      -3.6925712,
      40.4873464
     ],
     [
      -3.6925356,
      40.4873115
     ],
     [
      -3.6922923,
      40.4870731
     ],
     [
      -3.6922332,
      40.4870187
     ],
     [
      -3.692218,
      40.4870056
     ],
     [
      -3.692169,
      40.4869593
     ]
    ]
   }
  },
  {
   "type": "Feature",
   "properties": {
    "osm": "way/248599102",
    "highway": "residential",
    "lanes": "3",
    "lanes:backward": "1",
    "lanes:forward": "2",
    "lit": "yes",
    "maxspeed": "40",
    "name": "Calle de San Modesto",
    "oneway": "no",
    "postal_code": "28034",
    "sidewalk:left": "yes",
    "sidewalk:right": "separate",
    "surface": "asphalt",
    "turn:lanes:backward": "through",
    "turn:lanes:forward": "left|through",
    "xy": [
     [
      -238.34,
      -119.99
     ],
     [
      -232.99,
      -100.35
     ],
     [
      -226.47,
      -77.63
     ],
     [
      -222.76,
      -67.97
     ],
     [
      -218.02,
      -58.58
     ],
     [
      -204.01,
      -35.0
     ],
     [
      -197.91,
      -25.77
     ],
     [
      -176.3,
      6.0
     ]
    ]
   },
   "geometry": {
    "type": "LineString",
    "coordinates": [
     [
      -3.6968151,
      40.4884779
     ],
     [
      -3.6967519,
      40.4883015
     ],
     [
      -3.6966749,
      40.4880974
     ],
     [
      -3.6966311,
      40.4880106
     ],
     [
      -3.6965751,
      40.4879262
     ],
     [
      -3.6964096,
      40.4877144
     ],
     [
      -3.6963376,
      40.4876315
     ],
     [
      -3.6960823,
      40.4873461
     ]
    ]
   }
  },
  {
   "type": "Feature",
   "properties": {
    "osm": "way/248599109",
    "highway": "service",
    "lanes": "1",
    "name": "Calle de San Modesto",
    "oneway": "yes",
    "surface": "asphalt",
    "xy": [
     [
      -84.99,
      -52.4
     ],
     [
      -79.87,
      -51.95
     ],
     [
      -58.44,
      -51.22
     ],
     [
      -4.44,
      -49.49
     ],
     [
      25.47,
      -48.48
     ]
    ]
   },
   "geometry": {
    "type": "LineString",
    "coordinates": [
     [
      -3.6950039,
      40.4878707
     ],
     [
      -3.6949434,
      40.4878667
     ],
     [
      -3.6946903,
      40.4878601
     ],
     [
      -3.6940524,
      40.4878446
     ],
     [
      -3.6936992,
      40.4878355
     ]
    ]
   }
  },
  {
   "type": "Feature",
   "properties": {
    "osm": "way/250372927",
    "change:lanes": "yes|yes|yes",
    "highway": "motorway",
    "lanes": "3",
    "maxspeed": "90",
    "name": "Autovía de Colmenar",
    "oneway": "yes",
    "ref": "M-607",
    "source:maxspeed": "sign",
    "surface": "asphalt",
    "xy": [
     [
      -279.54,
      -61.83
     ],
     [
      -297.96,
      -98.85
     ],
     [
      -311.73,
      -132.11
     ],
     [
      -321.45,
      -164.42
     ]
    ]
   },
   "geometry": {
    "type": "LineString",
    "coordinates": [
     [
      -3.6973017,
      40.4879554
     ],
     [
      -3.6975193,
      40.488288
     ],
     [
      -3.6976819,
      40.4885868
     ],
     [
      -3.6977968,
      40.488877
     ]
    ]
   }
  },
  {
   "type": "Feature",
   "properties": {
    "osm": "way/253101395",
    "highway": "motorway",
    "lanes": "3",
    "maxheight": "default",
    "maxspeed": "70",
    "name": "Autovía de Colmenar",
    "oneway": "yes",
    "ref": "M-607",
    "shoulder": "yes",
    "surface": "asphalt",
    "xy": [
     [
      -342.97,
      -192.23
     ],
     [
      -331.44,
      -152.31
     ],
     [
      -314.17,
      -106.77
     ],
     [
      -298.97,
      -72.77
     ],
     [
      -271.17,
      -23.91
     ],
     [
      -243.96,
      15.07
     ],
     [
      -221.63,
      41.48
     ],
     [
      -199.44,
      64.78
     ],
     [
      -162.84,
      99.85
     ],
     [
      -148.54,
      111.91
     ],
     [
      -130.05,
      125.54
     ],
     [
      -93.87,
      149.93
     ]
    ]
   },
   "geometry": {
    "type": "LineString",
    "coordinates": [
     [
      -3.6980509,
      40.4891268
     ],
     [
      -3.6979147,
      40.4887682
     ],
     [
      -3.6977108,
      40.4883591
     ],
     [
      -3.6975312,
      40.4880537
     ],
     [
      -3.6972029,
      40.4876148
     ],
     [
      -3.6968815,
      40.4872646
     ],
     [
      -3.6966178,
      40.4870274
     ],
     [
      -3.6963556,
      40.4868181
     ],
     [
      -3.6959234,
      40.486503
     ],
     [
      -3.6957544,
      40.4863947
     ],
     [
      -3.6955361,
      40.4862723
     ],
     [
      -3.6951087,
      40.4860532
     ]
    ]
   }
  },
  {
   "type": "Feature",
   "properties": {
    "osm": "way/292102542",
    "addr:city": "Madrid",
    "addr:housenumber": "36",
    "addr:postcode": "28034",
    "addr:street": "Calle de Sangenjo",
    "amenity": "social_facility",
    "building": "yes",
    "name": "Asociación Española de Esclerosis Múltiple",
    "wheelchair": "yes",
    "xy": [
     [
      [
       -378.04,
       -30.56
      ],
      [
       -337.14,
       -38.84
      ],
      [
       -331.13,
       -9.16
      ],
      [
       -369.12,
       -1.47
      ],
      [
       -371.85,
       -14.95
      ],
      [
       -340.02,
       -21.4
      ],
      [
       -341.8,
       -30.15
      ],
      [
       -376.53,
       -23.11
      ],
      [
       -378.04,
       -30.56
      ]
     ]
    ]
   },
   "geometry": {
    "type": "Polygon",
    "coordinates": [
     [
      [
       -3.6984652,
       40.4876745
      ],
      [
       -3.6979821,
       40.4877489
      ],
      [
       -3.6979111,
       40.4874823
      ],
      [
       -3.6983598,
       40.4874132
      ],
      [
       -3.698392,
       40.4875343
      ],
      [
       -3.6980161,
       40.4875922
      ],
      [
       -3.6980371,
       40.4876708
      ],
      [
       -3.6984473,
       40.4876076
      ],
      [
       -3.6984652,
       40.4876745
      ]
     ]
    ]
   }
  },
  {
   "type": "Feature",
   "properties": {
    "osm": "way/297570029",
    "highway": "footway",
    "lit": "yes",
    "surface": "paved",
    "xy": [
     [
      -489.44,
      339.87
     ],
     [
      -465.87,
      324.99
     ],
     [
      -442.56,
      311.55
     ],
     [
      -437.25,
      308.49
     ],
     [
      -422.1,
      299.76
     ],
     [
      -395.41,
      284.39
     ],
     [
      -372.87,
      271.4
     ],
     [
      -352.42,
      259.61
     ],
     [
      -328.76,
      245.97
     ],
     [
      -307.0,
      233.44
     ],
     [
      -300.68,
      229.8
     ],
     [
      -261.93,
      207.47
     ],
     [
      -228.03,
      187.94
     ],
     [
      -199.97,
      171.77
     ]
    ]
   },
   "geometry": {
    "type": "LineString",
    "coordinates": [
     [
      -3.6997809,
      40.4843469
     ],
     [
      -3.6995026,
      40.4844806
     ],
     [
      -3.6992272,
      40.4846013
     ],
     [
      -3.6991645,
      40.4846288
     ],
     [
      -3.6989856,
      40.4847072
     ],
     [
      -3.6986703,
      40.4848453
     ],
     [
      -3.6984041,
      40.484962
     ],
     [
      -3.6981625,
      40.4850679
     ],
     [
      -3.6978831,
      40.4851904
     ],
     [
      -3.6976261,
      40.485303
     ],
     [
      -3.6975514,
      40.4853357
     ],
     [
      -3.6970937,
      40.4855363
     ],
     [
      -3.6966933,
      40.4857117
     ],
     [
      -3.6963619,
      40.485857
     ]
    ]
   }
  },
  {
   "type": "Feature",
   "properties": {
    "osm": "way/297755911",
    "access": "no",
    "highway": "service",
    "lanes": "2",
    "oneway": "no",
    "service": "driveway",
    "surface": "asphalt",
    "xy": [
     [
      -300.68,
      229.8
     ],
     [
      -313.93,
      217.15
     ],
     [
      -325.52,
      202.71
     ],
     [
      -336.34,
      186.57
     ],
     [
      -344.31,
      168.92
     ]
    ]
   },
   "geometry": {
    "type": "LineString",
    "coordinates": [
     [
      -3.6975514,
      40.4853357
     ],
     [
      -3.6977079,
      40.4854493
     ],
     [
      -3.6978448,
      40.485579
     ],
     [
      -3.6979726,
      40.485724
     ],
     [
      -3.6980668,
      40.4858826
     ]
    ]
   }
  },
  {
   "type": "Feature",
   "properties": {
    "osm": "way/297758135",
    "highway": "footway",
    "lit": "yes",
    "surface": "paved",
    "xy": [
     [
      -328.76,
      245.97
     ],
     [
      -354.05,
      203.01
     ]
    ]
   },
   "geometry": {
    "type": "LineString",
    "coordinates": [
     [
      -3.6978831,
      40.4851904
     ],
     [
      -3.6981818,
      40.4855763
     ]
    ]
   }
  },
  {
   "type": "Feature",
   "properties": {
    "osm": "way/297758144",
    "highway": "footway",
    "lit": "yes",
    "surface": "paved",
    "xy": [
     [
      -261.93,
      207.47
     ],
     [
      -250.68,
      226.83
     ]
    ]
   },
   "geometry": {
    "type": "LineString",
    "coordinates": [
     [
      -3.6970937,
      40.4855363
     ],
     [
      -3.6969609,
      40.4853624
     ]
    ]
   }
  },
  {
   "type": "Feature",
   "properties": {
    "osm": "way/297758145",
    "highway": "service",
    "lanes": "2",
    "oneway": "no",
    "service": "driveway",
    "surface": "paved",
    "xy": [
     [
      -228.03,
      187.94
     ],
     [
      -219.41,
      203.72
     ],
     [
      -216.2,
      209.58
     ],
     [
      -215.51,
      210.84
     ]
    ]
   },
   "geometry": {
    "type": "LineString",
    "coordinates": [
     [
      -3.6966933,
      40.4857117
     ],
     [
      -3.6965915,
      40.48557
     ],
     [
      -3.6965536,
      40.4855173
     ],
     [
      -3.6965455,
      40.485506
     ]
    ]
   }
  },
  {
   "type": "Feature",
   "properties": {
    "osm": "way/297758147",
    "access": "destination",
    "highway": "service",
    "lanes": "2",
    "oneway": "no",
    "surface": "asphalt",
    "xy": [
     [
      -300.68,
      229.8
     ],
     [
      -290.85,
      247.44
     ],
     [
      -286.77,
      251.98
     ],
     [
      -285.41,
      253.6
     ]
    ]
   },
   "geometry": {
    "type": "LineString",
    "coordinates": [
     [
      -3.6975514,
      40.4853357
     ],
     [
      -3.6974353,
      40.4851772
     ],
     [
      -3.6973871,
      40.4851364
     ],
     [
      -3.6973711,
      40.4851219
     ]
    ]
   }
  },
  {
   "type": "Feature",
   "properties": {
    "osm": "way/298925791",
    "bicycle": "dismount",
    "bridge": "yes",
    "highway": "footway",
    "lit": "yes",
    "motor_vehicle": "no",
    "surface": "concrete",
    "xy": [
     [
      -250.57,
      -44.61
     ],
     [
      -232.32,
      -19.19
     ],
     [
      -228.96,
      -21.26
     ],
     [
      -249.58,
      -49.72
     ]
    ]
   },
   "geometry": {
    "type": "LineString",
    "coordinates": [
     [
      -3.6969596,
      40.4878007
     ],
     [
      -3.696744,
      40.4875724
     ],
     [
      -3.6967043,
      40.487591
     ],
     [
      -3.6969479,
      40.4878466
     ]
    ]
   }
  },
  {
   "type": "Feature",
   "properties": {
    "osm": "way/299684746",
    "highway": "footway",
    "surface": "paving_stones",
    "xy": [
     [
      -215.83,
      102.11
     ],
     [
      -215.92,
      96.12
     ],
     [
      -217.32,
      90.46
     ],
     [
      -227.69,
      73.77
     ],
     [
      -251.87,
      33.0
     ],
     [
      -267.03,
      12.66
     ]
    ]
   },
   "geometry": {
    "type": "LineString",
    "coordinates": [
     [
      -3.6965492,
      40.4864827
     ],
     [
      -3.6965503,
      40.4865365
     ],
     [
      -3.6965669,
      40.4865874
     ],
     [
      -3.6966893,
      40.4867373
     ],
     [
      -3.6969749,
      40.4871036
     ],
     [
      -3.697154,
      40.4872863
     ]
    ]
   }
  },
  {
   "type": "Feature",
   "properties": {
    "osm": "way/300397789",
    "highway": "service",
    "lanes": "1",
    "oneway": "yes",
    "service": "parking_aisle",
    "surface": "asphalt",
    "xy": [
     [
      -111.66,
      -26.47
     ],
     [
      -112.76,
      -31.24
     ],
     [
      -115.33,
      -35.39
     ],
     [
      -119.78,
      -38.42
     ],
     [
      -121.43,
      -39.54
     ]
    ]
   },
   "geometry": {
    "type": "LineString",
    "coordinates": [
     [
      -3.6953189,
      40.4876378
     ],
     [
      -3.6953318,
      40.4876806
     ],
     [
      -3.6953622,
      40.4877179
     ],
     [
      -3.6954148,
      40.4877451
     ],
     [
      -3.6954342,
      40.4877552
     ]
    ]
   }
  },
  {
   "type": "Feature",
   "properties": {
    "osm": "way/300397791",
    "highway": "service",
    "junction": "circular",
    "lanes": "1",
    "surface": "asphalt",
    "xy": [
     [
      -84.99,
      -52.4
     ],
     [
      -84.0,
      -54.84
     ],
     [
      -84.33,
      -57.94
     ],
     [
      -86.49,
      -60.31
     ],
     [
      -89.91,
      -60.68
     ],
     [
      -92.89,
      -58.97
     ],
     [
      -95.27,
      -56.58
     ]
    ]
   },
   "geometry": {
    "type": "LineString",
    "coordinates": [
     [
      -3.6950039,
      40.4878707
     ],
     [
      -3.6949921,
      40.4878926
     ],
     [
      -3.6949961,
      40.4879205
     ],
     [
      -3.6950216,
      40.4879418
     ],
     [
      -3.695062,
      40.4879451
     ],
     [
      -3.6950972,
      40.4879297
     ],
     [
      -3.6951253,
      40.4879083
     ]
    ]
   }
  },
  {
   "type": "Feature",
   "properties": {
    "osm": "way/310742898",
    "highway": "service",
    "lanes": "1",
    "oneway": "yes",
    "surface": "asphalt",
    "xy": [
     [
      -134.21,
      46.31
     ],
     [
      -128.27,
      40.89
     ],
     [
      -117.36,
      7.83
     ],
     [
      -113.59,
      0.38
     ],
     [
      -107.58,
      -10.25
     ],
     [
      -99.29,
      -18.71
     ],
     [
      -90.23,
      -20.24
     ],
     [
      -83.08,
      -17.99
     ],
     [
      -76.85,
      -15.17
     ]
    ]
   },
   "geometry": {
    "type": "LineString",
    "coordinates": [
     [
      -3.6955852,
      40.486984
     ],
     [
      -3.695515,
      40.4870327
     ],
     [
      -3.6953862,
      40.4873297
     ],
     [
      -3.6953416,
      40.4873966
     ],
     [
      -3.6952707,
      40.4874921
     ],
     [
      -3.6951728,
      40.4875681
     ],
     [
      -3.6950657,
      40.4875818
     ],
     [
      -3.6949813,
      40.4875616
     ],
     [
      -3.6949077,
      40.4875363
     ]
    ]
   }
  },
  {
   "type": "Feature",
   "properties": {
    "osm": "way/336729347",
    "highway": "service",
    "lanes": "1",
    "name": "Calle de San Modesto",
    "oneway": "yes",
    "postal_code": "28034",
    "surface": "asphalt",
    "xy": [
     [
      -195.09,
      -136.33
     ],
     [
      -185.05,
      -130.18
     ],
     [
      -166.47,
      -117.45
     ],
     [
      -159.56,
      -112.24
     ],
     [
      -142.49,
      -99.36
     ],
     [
      -129.74,
      -89.47
     ],
     [
      -115.86,
      -79.35
     ],
     [
      -103.07,
      -68.11
     ],
     [
      -95.27,
      -56.58
     ]
    ]
   },
   "geometry": {
    "type": "LineString",
    "coordinates": [
     [
      -3.6963043,
      40.4886247
     ],
     [
      -3.6961857,
      40.4885694
     ],
     [
      -3.6959662,
      40.4884551
     ],
     [
      -3.6958846,
      40.4884083
     ],
     [
      -3.695683,
      40.4882926
     ],
     [
      -3.6955324,
      40.4882037
     ],
     [
      -3.6953685,
      40.4881128
     ],
     [
      -3.6952174,
      40.4880118
     ],
     [
      -3.6951253,
      40.4879083
     ]
    ]
   }
  },
  {
   "type": "Feature",
   "properties": {
    "osm": "way/394889262",
    "amenity": "hospital",
    "emergency": "yes",
    "healthcare": "hospital",
    "name": "Hospital Universitario Ramón y Cajal.",
    "operator": "Comunidad de Madrid",
    "operator:type": "government",
    "operator:wikidata": "Q578788",
    "phone": "+34 913 36 80 00",
    "website": "https://www.comunidad.madrid/hospital/ramonycajal/",
    "wikidata": "Q5902966",
    "wikipedia": "es:Hospital Universitario Ramón y Cajal",
    "id": "recinto",
    "nombre": "Recinto hospitalario",
    "categoria": "recinto",
    "rotular": false,
    "xy": [
     [
      [
       -145.95,
       31.57
      ],
      [
       -116.65,
       63.59
      ],
      [
       -78.53,
       93.62
      ],
      [
       -58.99,
       104.22
      ],
      [
       -39.61,
       112.56
      ],
      [
       14.48,
       137.45
      ],
      [
       22.67,
       140.95
      ],
      [
       28.09,
       142.17
      ],
      [
       34.61,
       141.45
      ],
      [
       40.33,
       139.55
      ],
      [
       45.83,
       136.56
      ],
      [
       53.21,
       129.55
      ],
      [
       52.61,
       124.18
      ],
      [
       97.42,
       85.05
      ],
      [
       104.85,
       83.3
      ],
      [
       143.25,
       47.26
      ],
      [
       159.68,
       32.1
      ],
      [
       180.45,
       13.89
      ],
      [
       239.65,
       -37.73
      ],
      [
       248.32,
       -43.09
      ],
      [
       249.73,
       -48.26
      ],
      [
       248.74,
       -53.75
      ],
      [
       239.93,
       -75.6
      ],
      [
       189.39,
       -73.32
      ],
      [
       173.88,
       -68.16
      ],
      [
       140.94,
       -63.02
      ],
      [
       102.21,
       -61.16
      ],
      [
       101.0,
       -70.13
      ],
      [
       59.64,
       -66.95
      ],
      [
       51.23,
       -55.59
      ],
      [
       35.19,
       -43.45
      ],
      [
       -70.58,
       -46.28
      ],
      [
       -78.59,
       -47.39
      ],
      [
       -84.34,
       -46.89
      ],
      [
       -87.98,
       -44.67
      ],
      [
       -97.3,
       -52.18
      ],
      [
       -98.73,
       -58.04
      ],
      [
       -103.45,
       -63.98
      ],
      [
       -136.59,
       -92.63
      ],
      [
       -163.64,
       -112.91
      ],
      [
       -192.17,
       -132.15
      ],
      [
       -207.08,
       -130.32
      ],
      [
       -219.53,
       -123.2
      ],
      [
       -223.66,
       -110.69
      ],
      [
       -221.57,
       -98.55
      ],
      [
       -218.77,
       -82.18
      ],
      [
       -213.91,
       -68.67
      ],
      [
       -198.37,
       -38.04
      ],
      [
       -169.16,
       2.13
      ],
      [
       -145.95,
       31.57
      ]
     ]
    ]
   },
   "geometry": {
    "type": "Polygon",
    "coordinates": [
     [
      [
       -3.6957239,
       40.4871164
      ],
      [
       -3.6953778,
       40.4868288
      ],
      [
       -3.6949276,
       40.486559
      ],
      [
       -3.6946967,
       40.4864638
      ],
      [
       -3.6944679,
       40.4863889
      ],
      [
       -3.693829,
       40.4861653
      ],
      [
       -3.6937322,
       40.4861338
      ],
      [
       -3.6936682,
       40.4861229
      ],
      [
       -3.6935912,
       40.4861293
      ],
      [
       -3.6935236,
       40.4861464
      ],
      [
       -3.6934587,
       40.4861733
      ],
      [
       -3.6933715,
       40.4862362
      ],
      [
       -3.6933786,
       40.4862845
      ],
      [
       -3.6928493,
       40.486636
      ],
      [
       -3.6927616,
       40.4866517
      ],
      [
       -3.692308,
       40.4869755
      ],
      [
       -3.692114,
       40.4871116
      ],
      [
       -3.6918686,
       40.4872752
      ],
      [
       -3.6911694,
       40.4877389
      ],
      [
       -3.691067,
       40.4877871
      ],
      [
       -3.6910504,
       40.4878335
      ],
      [
       -3.691062,
       40.4878828
      ],
      [
       -3.6911661,
       40.4880791
      ],
      [
       -3.691763,
       40.4880586
      ],
      [
       -3.6919462,
       40.4880123
      ],
      [
       -3.6923353,
       40.4879661
      ],
      [
       -3.6927928,
       40.4879494
      ],
      [
       -3.6928071,
       40.48803
      ],
      [
       -3.6932956,
       40.4880014
      ],
      [
       -3.6933949,
       40.4878994
      ],
      [
       -3.6935844,
       40.4877903
      ],
      [
       -3.6948336,
       40.4878157
      ],
      [
       -3.6949283,
       40.4878257
      ],
      [
       -3.6949962,
       40.4878212
      ],
      [
       -3.6950392,
       40.4878013
      ],
      [
       -3.6951492,
       40.4878687
      ],
      [
       -3.6951661,
       40.4879214
      ],
      [
       -3.6952219,
       40.4879747
      ],
      [
       -3.6956133,
       40.4882321
      ],
      [
       -3.6959328,
       40.4884143
      ],
      [
       -3.6962698,
       40.4885871
      ],
      [
       -3.6964459,
       40.4885707
      ],
      [
       -3.6965929,
       40.4885067
      ],
      [
       -3.6966417,
       40.4883943
      ],
      [
       -3.696617,
       40.4882853
      ],
      [
       -3.696584,
       40.4881382
      ],
      [
       -3.6965266,
       40.4880169
      ],
      [
       -3.696343,
       40.4877417
      ],
      [
       -3.695998,
       40.4873809
      ],
      [
       -3.6957239,
       40.4871164
      ]
     ]
    ]
   }
  },
  {
   "type": "Feature",
   "properties": {
    "osm": "way/394889264",
    "building": "hospital",
    "id": "anexo-este-1",
    "nombre": "Edificio anexo al este (sin nombre en OpenStreetMap)",
    "categoria": "anexo",
    "rotular": false,
    "xy": [
     [
      [
       239.65,
       -37.73
      ],
      [
       221.24,
       -58.84
      ],
      [
       200.15,
       -40.46
      ],
      [
       203.71,
       -36.39
      ],
      [
       177.33,
       -13.38
      ],
      [
       167.35,
       -24.84
      ],
      [
       151.9,
       -11.37
      ],
      [
       161.93,
       0.13
      ],
      [
       165.64,
       -3.11
      ],
      [
       180.45,
       13.89
      ],
      [
       239.65,
       -37.73
      ]
     ]
    ]
   },
   "geometry": {
    "type": "Polygon",
    "coordinates": [
     [
      [
       -3.6911694,
       40.4877389
      ],
      [
       -3.6913869,
       40.4879286
      ],
      [
       -3.6916359,
       40.4877635
      ],
      [
       -3.6915939,
       40.4877269
      ],
      [
       -3.6919055,
       40.4875202
      ],
      [
       -3.6920234,
       40.4876231
      ],
      [
       -3.6922058,
       40.4875021
      ],
      [
       -3.6920874,
       40.4873988
      ],
      [
       -3.6920436,
       40.4874279
      ],
      [
       -3.6918686,
       40.4872752
      ],
      [
       -3.6911694,
       40.4877389
      ]
     ]
    ]
   }
  },
  {
   "type": "Feature",
   "properties": {
    "osm": "way/394889265",
    "building": "hospital",
    "id": "anexo-este-2",
    "nombre": "Edificio anexo al este (sin nombre en OpenStreetMap)",
    "categoria": "anexo",
    "rotular": false,
    "xy": [
     [
      [
       132.69,
       -11.69
      ],
      [
       147.03,
       4.64
      ],
      [
       146.27,
       5.35
      ],
      [
       159.66,
       20.47
      ],
      [
       151.74,
       28.05
      ],
      [
       138.29,
       12.18
      ],
      [
       137.55,
       12.85
      ],
      [
       123.05,
       -3.34
      ],
      [
       131.82,
       -10.93
      ],
      [
       132.69,
       -11.69
      ]
     ]
    ]
   },
   "geometry": {
    "type": "Polygon",
    "coordinates": [
     [
      [
       -3.6924327,
       40.487505
      ],
      [
       -3.6922634,
       40.4873583
      ],
      [
       -3.6922723,
       40.4873519
      ],
      [
       -3.6921142,
       40.4872161
      ],
      [
       -3.6922077,
       40.487148
      ],
      [
       -3.6923666,
       40.4872906
      ],
      [
       -3.6923753,
       40.4872846
      ],
      [
       -3.6925466,
       40.48743
      ],
      [
       -3.692443,
       40.4874982
      ],
      [
       -3.6924327,
       40.487505
      ]
     ]
    ]
   }
  },
  {
   "type": "Feature",
   "properties": {
    "osm": "way/431755385",
    "amenity": "parking",
    "source": "PNOA",
    "xy": [
     [
      [
       -35.54,
       -263.93
      ],
      [
       -41.6,
       -253.46
      ],
      [
       -63.63,
       -231.45
      ],
      [
       -70.56,
       -230.42
      ],
      [
       -69.65,
       -221.56
      ],
      [
       -28.32,
       -225.42
      ],
      [
       -27.21,
       -238.09
      ],
      [
       -35.54,
       -263.93
      ]
     ]
    ]
   },
   "geometry": {
    "type": "Polygon",
    "coordinates": [
     [
      [
       -3.6944198,
       40.4897709
      ],
      [
       -3.6944914,
       40.4896769
      ],
      [
       -3.6947516,
       40.4894791
      ],
      [
       -3.6948334,
       40.4894699
      ],
      [
       -3.6948227,
       40.4893903
      ],
      [
       -3.6943345,
       40.489425
      ],
      [
       -3.6943214,
       40.4895388
      ],
      [
       -3.6944198,
       40.4897709
      ]
     ]
    ]
   }
  },
  {
   "type": "Feature",
   "properties": {
    "osm": "way/431755394",
    "highway": "residential",
    "lanes": "2",
    "name": "Calle de San Modesto",
    "oneway": "yes",
    "postal_code": "28034",
    "sidewalk": "no",
    "surface": "asphalt",
    "xy": [
     [
      -281.09,
      -207.72
     ],
     [
      -277.65,
      -202.08
     ],
     [
      -273.05,
      -193.54
     ],
     [
      -271.39,
      -186.19
     ],
     [
      -271.58,
      -181.6
     ]
    ]
   },
   "geometry": {
    "type": "LineString",
    "coordinates": [
     [
      -3.6973201,
      40.489266
     ],
     [
      -3.6972794,
      40.4892153
     ],
     [
      -3.6972251,
      40.4891386
     ],
     [
      -3.6972055,
      40.4890726
     ],
     [
      -3.6972077,
      40.4890313
     ]
    ]
   }
  },
  {
   "type": "Feature",
   "properties": {
    "osm": "way/431755401",
    "bicycle": "dismount",
    "footway": "sidewalk",
    "highway": "footway",
    "lit": "yes",
    "motor_vehicle": "no",
    "smoothness": "good",
    "surface": "paving_stones",
    "xy": [
     [
      -277.54,
      16.58
     ],
     [
      -273.88,
      14.25
     ],
     [
      -270.97,
      12.39
     ]
    ]
   },
   "geometry": {
    "type": "LineString",
    "coordinates": [
     [
      -3.6972781,
      40.4872511
     ],
     [
      -3.6972349,
      40.487272
     ],
     [
      -3.6972005,
      40.4872887
     ]
    ]
   }
  },
  {
   "type": "Feature",
   "properties": {
    "osm": "way/431755405",
    "footway": "sidewalk",
    "highway": "footway",
    "surface": "paving_stones",
    "xy": [
     [
      226.38,
      -97.78
     ],
     [
      222.87,
      -96.08
     ],
     [
      138.61,
      -95.08
     ],
     [
      31.27,
      -93.81
     ],
     [
      23.04,
      -95.42
     ],
     [
      20.45,
      -110.73
     ]
    ]
   },
   "geometry": {
    "type": "LineString",
    "coordinates": [
     [
      -3.6913262,
      40.4882784
     ],
     [
      -3.6913676,
      40.4882631
     ],
     [
      -3.6923628,
      40.4882541
     ],
     [
      -3.6936306,
      40.4882427
     ],
     [
      -3.6937279,
      40.4882572
     ],
     [
      -3.6937584,
      40.4883947
     ]
    ]
   }
  },
  {
   "type": "Feature",
   "properties": {
    "osm": "way/431755408",
    "highway": "service",
    "lanes": "1",
    "oneway": "no",
    "surface": "asphalt",
    "xy": [
     [
      -338.83,
      9.07
     ],
     [
      -340.21,
      0.45
     ],
     [
      -340.51,
      -1.42
     ],
     [
      -340.85,
      -3.56
     ],
     [
      -328.47,
      -6.75
     ],
     [
      -334.17,
      -36.17
     ]
    ]
   },
   "geometry": {
    "type": "LineString",
    "coordinates": [
     [
      -3.6980021,
      40.4873185
     ],
     [
      -3.6980184,
      40.487396
     ],
     [
      -3.6980219,
      40.4874128
     ],
     [
      -3.6980259,
      40.487432
     ],
     [
      -3.6978797,
      40.4874606
     ],
     [
      -3.697947,
      40.4877249
     ]
    ]
   }
  },
  {
   "type": "Feature",
   "properties": {
    "osm": "way/431755414",
    "highway": "service",
    "lanes": "2",
    "oneway": "no",
    "surface": "asphalt",
    "xy": [
     [
      -236.36,
      -313.27
     ],
     [
      -235.85,
      -310.0
     ],
     [
      -234.44,
      -300.91
     ],
     [
      -225.21,
      -241.54
     ],
     [
      -207.38,
      -205.66
     ],
     [
      -93.38,
      -127.55
     ],
     [
      -43.31,
      -108.02
     ],
     [
      11.19,
      -97.69
     ]
    ]
   },
   "geometry": {
    "type": "LineString",
    "coordinates": [
     [
      -3.6967917,
      40.4902141
     ],
     [
      -3.6967857,
      40.4901848
     ],
     [
      -3.696769,
      40.4901031
     ],
     [
      -3.69666,
      40.4895698
     ],
     [
      -3.6964494,
      40.4892475
     ],
     [
      -3.695103,
      40.4885458
     ],
     [
      -3.6945115,
      40.4883704
     ],
     [
      -3.6938678,
      40.4882776
     ]
    ]
   }
  },
  {
   "type": "Feature",
   "properties": {
    "osm": "way/431762693",
    "cycleway:both": "no",
    "highway": "residential",
    "lanes": "1",
    "name": "Calle de Antoniorrobles",
    "oneway": "yes",
    "postal_code": "28034",
    "sidewalk:left": "no",
    "sidewalk:right": "separate",
    "smoothness": "excellent",
    "surface": "asphalt",
    "xy": [
     [
      271.49,
      -92.6
     ],
     [
      273.86,
      -97.03
     ],
     [
      276.46,
      -99.76
     ],
     [
      278.49,
      -101.82
     ]
    ]
   },
   "geometry": {
    "type": "LineString",
    "coordinates": [
     [
      -3.6907933,
      40.4882318
     ],
     [
      -3.6907654,
      40.4882716
     ],
     [
      -3.6907346,
      40.4882962
     ],
     [
      -3.6907106,
      40.4883147
     ]
    ]
   }
  },
  {
   "type": "Feature",
   "properties": {
    "osm": "way/431762694",
    "cycleway:both": "no",
    "destination": "Tanatorio Norte de Madrid;Plaza de Castilla",
    "highway": "residential",
    "lanes": "1",
    "name": "Calle de Francisco Sancha",
    "oneway": "yes",
    "postal_code": "28034",
    "sidewalk:both": "separate",
    "surface": "asphalt",
    "xy": [
     [
      266.55,
      -101.81
     ],
     [
      278.49,
      -101.82
     ],
     [
      318.46,
      -101.21
     ]
    ]
   },
   "geometry": {
    "type": "LineString",
    "coordinates": [
     [
      -3.6908517,
      40.4883146
     ],
     [
      -3.6907106,
      40.4883147
     ],
     [
      -3.6902386,
      40.4883092
     ]
    ]
   }
  },
  {
   "type": "Feature",
   "properties": {
    "osm": "way/431762695",
    "cycleway:both": "no",
    "destination": "Tanatorio Norte de Madrid;Plaza de Castilla",
    "highway": "service",
    "lanes": "1",
    "name": "Calle de Francisco Sancha",
    "oneway": "yes",
    "postal_code": "28034",
    "sidewalk:both": "separate",
    "smoothness": "excellent",
    "surface": "asphalt",
    "xy": [
     [
      318.46,
      -101.21
     ],
     [
      335.41,
      -92.8
     ],
     [
      372.53,
      -72.47
     ],
     [
      411.51,
      -51.13
     ],
     [
      425.46,
      -43.48
     ],
     [
      435.05,
      -38.24
     ],
     [
      469.62,
      -19.3
     ],
     [
      484.97,
      -10.9
     ],
     [
      494.5,
      -6.11
     ],
     [
      498.0,
      -4.29
     ],
     [
      508.27,
      1.51
     ],
     [
      517.98,
      7.31
     ],
     [
      524.33,
      11.17
     ],
     [
      726.18,
      133.72
     ],
     [
      819.21,
      188.93
     ],
     [
      825.35,
      192.04
     ],
     [
      833.69,
      194.48
     ]
    ]
   },
   "geometry": {
    "type": "LineString",
    "coordinates": [
     [
      -3.6902386,
      40.4883092
     ],
     [
      -3.6900384,
      40.4882336
     ],
     [
      -3.6895999,
      40.488051
     ],
     [
      -3.6891395,
      40.4878593
     ],
     [
      -3.6889747,
      40.4877906
     ],
     [
      -3.6888615,
      40.4877435
     ],
     [
      -3.6884531,
      40.4875734
     ],
     [
      -3.6882718,
      40.4874979
     ],
     [
      -3.6881593,
      40.4874549
     ],
     [
      -3.6881179,
      40.4874385
     ],
     [
      -3.6879967,
      40.4873864
     ],
     [
      -3.687882,
      40.4873343
     ],
     [
      -3.6878069,
      40.4872997
     ],
     [
      -3.6854228,
      40.4861988
     ],
     [
      -3.684324,
      40.4857028
     ],
     [
      -3.6842515,
      40.4856749
     ],
     [
      -3.684153,
      40.485653
     ]
    ]
   }
  },
  {
   "type": "Feature",
   "properties": {
    "osm": "way/431762697",
    "highway": "footway",
    "lit": "yes",
    "smoothness": "good",
    "surface": "paving_stones",
    "xy": [
     [
      278.64,
      -27.63
     ],
     [
      278.04,
      -26.2
     ]
    ]
   },
   "geometry": {
    "type": "LineString",
    "coordinates": [
     [
      -3.6907089,
      40.4876482
     ],
     [
      -3.690716,
      40.4876354
     ]
    ]
   }
  },
  {
   "type": "Feature",
   "properties": {
    "osm": "way/431762698",
    "highway": "service",
    "motor_vehicle": "no",
    "surface": "asphalt",
    "xy": [
     [
      76.74,
      -195.72
     ],
     [
      35.36,
      -195.93
     ]
    ]
   },
   "geometry": {
    "type": "LineString",
    "coordinates": [
     [
      -3.6930936,
      40.4891582
     ],
     [
      -3.6935823,
      40.4891601
     ]
    ]
   }
  },
  {
   "type": "Feature",
   "properties": {
    "osm": "way/431762699",
    "highway": "footway",
    "smoothness": "good",
    "surface": "paving_stones",
    "xy": [
     [
      289.04,
      -21.35
     ],
     [
      288.18,
      -19.26
     ]
    ]
   },
   "geometry": {
    "type": "LineString",
    "coordinates": [
     [
      -3.6905861,
      40.4875918
     ],
     [
      -3.6905962,
      40.487573
     ]
    ]
   }
  },
  {
   "type": "Feature",
   "properties": {
    "osm": "way/431762700",
    "access": "no",
    "foot": "yes",
    "highway": "service",
    "motor_vehicle": "no",
    "name": "Calle de Salvatierra",
    "postal_code": "28034",
    "surface": "asphalt",
    "xy": [
     [
      231.89,
      -231.12
     ],
     [
      231.81,
      -235.74
     ],
     [
      231.8,
      -236.38
     ],
     [
      230.97,
      -289.51
     ],
     [
      230.96,
      -290.41
     ],
     [
      230.85,
      -297.09
     ]
    ]
   },
   "geometry": {
    "type": "LineString",
    "coordinates": [
     [
      -3.6912611,
      40.4894762
     ],
     [
      -3.691262,
      40.4895177
     ],
     [
      -3.6912621,
      40.4895234
     ],
     [
      -3.6912719,
      40.4900007
     ],
     [
      -3.6912721,
      40.4900088
     ],
     [
      -3.6912733,
      40.4900688
     ]
    ]
   }
  },
  {
   "type": "Feature",
   "properties": {
    "osm": "way/431762701",
    "highway": "footway",
    "lit": "yes",
    "smoothness": "good",
    "surface": "paving_stones",
    "xy": [
     [
      275.12,
      -28.35
     ],
     [
      278.04,
      -26.2
     ],
     [
      280.7,
      -24.41
     ]
    ]
   },
   "geometry": {
    "type": "LineString",
    "coordinates": [
     [
      -3.6907505,
      40.4876547
     ],
     [
      -3.690716,
      40.4876354
     ],
     [
      -3.6906846,
      40.4876193
     ]
    ]
   }
  },
  {
   "type": "Feature",
   "properties": {
    "osm": "way/440382751",
    "building": "industrial",
    "building:colour": "white",
    "xy": [
     [
      [
       33.86,
       -110.5
      ],
      [
       33.44,
       -128.49
      ],
      [
       56.27,
       -128.76
      ],
      [
       56.39,
       -132.1
      ],
      [
       73.58,
       -132.19
      ],
      [
       73.59,
       -129.24
      ],
      [
       105.07,
       -129.45
      ],
      [
       109.42,
       -129.43
      ],
      [
       109.9,
       -106.38
      ],
      [
       38.4,
       -106.18
      ],
      [
       33.86,
       -110.5
      ]
     ]
    ]
   },
   "geometry": {
    "type": "Polygon",
    "coordinates": [
     [
      [
       -3.6936001,
       40.4883926
      ],
      [
       -3.693605,
       40.4885542
      ],
      [
       -3.6933354,
       40.4885567
      ],
      [
       -3.693334,
       40.4885867
      ],
      [
       -3.6931309,
       40.4885875
      ],
      [
       -3.6931308,
       40.488561
      ],
      [
       -3.692759,
       40.4885629
      ],
      [
       -3.6927076,
       40.4885627
      ],
      [
       -3.6927019,
       40.4883556
      ],
      [
       -3.6935465,
       40.4883538
      ],
      [
       -3.6936001,
       40.4883926
      ]
     ]
    ]
   }
  },
  {
   "type": "Feature",
   "properties": {
    "osm": "way/440382752",
    "building": "yes",
    "xy": [
     [
      [
       33.44,
       -128.49
      ],
      [
       33.28,
       -147.37
      ],
      [
       37.55,
       -151.61
      ],
      [
       73.35,
       -152.14
      ],
      [
       73.58,
       -132.19
      ],
      [
       56.39,
       -132.1
      ],
      [
       56.27,
       -128.76
      ],
      [
       33.44,
       -128.49
      ]
     ]
    ]
   },
   "geometry": {
    "type": "Polygon",
    "coordinates": [
     [
      [
       -3.693605,
       40.4885542
      ],
      [
       -3.6936069,
       40.4887238
      ],
      [
       -3.6935565,
       40.4887619
      ],
      [
       -3.6931336,
       40.4887667
      ],
      [
       -3.6931309,
       40.4885875
      ],
      [
       -3.693334,
       40.4885867
      ],
      [
       -3.6933354,
       40.4885567
      ],
      [
       -3.693605,
       40.4885542
      ]
     ]
    ]
   }
  },
  {
   "type": "Feature",
   "properties": {
    "osm": "way/440382753",
    "building": "yes",
    "xy": [
     [
      [
       73.35,
       -152.14
      ],
      [
       104.37,
       -152.55
      ],
      [
       104.66,
       -152.54
      ],
      [
       104.67,
       -152.23
      ],
      [
       105.07,
       -129.45
      ],
      [
       73.59,
       -129.24
      ],
      [
       73.58,
       -132.19
      ],
      [
       73.35,
       -152.14
      ]
     ]
    ]
   },
   "geometry": {
    "type": "Polygon",
    "coordinates": [
     [
      [
       -3.6931336,
       40.4887667
      ],
      [
       -3.6927673,
       40.4887704
      ],
      [
       -3.6927638,
       40.4887703
      ],
      [
       -3.6927637,
       40.4887675
      ],
      [
       -3.692759,
       40.4885629
      ],
      [
       -3.6931308,
       40.488561
      ],
      [
       -3.6931309,
       40.4885875
      ],
      [
       -3.6931336,
       40.4887667
      ]
     ]
    ]
   }
  },
  {
   "type": "Feature",
   "properties": {
    "osm": "way/440382754",
    "building": "industrial",
    "building:colour": "white",
    "xy": [
     [
      [
       112.82,
       -108.67
      ],
      [
       112.14,
       -143.61
      ],
      [
       139.36,
       -143.36
      ],
      [
       139.95,
       -109.37
      ],
      [
       112.82,
       -108.67
      ]
     ]
    ]
   },
   "geometry": {
    "type": "Polygon",
    "coordinates": [
     [
      [
       -3.6926675,
       40.4883762
      ],
      [
       -3.6926755,
       40.4886901
      ],
      [
       -3.692354,
       40.4886878
      ],
      [
       -3.692347,
       40.4883825
      ],
      [
       -3.6926675,
       40.4883762
      ]
     ]
    ]
   }
  },
  {
   "type": "Feature",
   "properties": {
    "osm": "way/440382755",
    "building": "industrial",
    "xy": [
     [
      [
       79.21,
       -166.74
      ],
      [
       78.85,
       -192.69
      ],
      [
       111.27,
       -193.54
      ],
      [
       111.52,
       -183.89
      ],
      [
       141.16,
       -184.65
      ],
      [
       141.38,
       -170.22
      ],
      [
       139.65,
       -167.64
      ],
      [
       79.21,
       -166.74
      ]
     ]
    ]
   },
   "geometry": {
    "type": "Polygon",
    "coordinates": [
     [
      [
       -3.6930644,
       40.4888978
      ],
      [
       -3.6930687,
       40.489131
      ],
      [
       -3.6926857,
       40.4891386
      ],
      [
       -3.6926828,
       40.4890519
      ],
      [
       -3.6923327,
       40.4890587
      ],
      [
       -3.6923301,
       40.4889291
      ],
      [
       -3.6923505,
       40.4889059
      ],
      [
       -3.6930644,
       40.4888978
      ]
     ]
    ]
   }
  },
  {
   "type": "Feature",
   "properties": {
    "osm": "way/440382756",
    "building": "industrial",
    "xy": [
     [
      [
       78.85,
       -192.69
      ],
      [
       78.75,
       -199.77
      ],
      [
       78.52,
       -218.75
      ],
      [
       113.05,
       -218.81
      ],
      [
       113.1,
       -204.08
      ],
      [
       113.0,
       -193.59
      ],
      [
       111.27,
       -193.54
      ],
      [
       78.85,
       -192.69
      ]
     ]
    ]
   },
   "geometry": {
    "type": "Polygon",
    "coordinates": [
     [
      [
       -3.6930687,
       40.489131
      ],
      [
       -3.6930699,
       40.4891946
      ],
      [
       -3.6930726,
       40.4893651
      ],
      [
       -3.6926647,
       40.4893656
      ],
      [
       -3.6926641,
       40.4892333
      ],
      [
       -3.6926653,
       40.489139
      ],
      [
       -3.6926857,
       40.4891386
      ],
      [
       -3.6930687,
       40.489131
      ]
     ]
    ]
   }
  },
  {
   "type": "Feature",
   "properties": {
    "osm": "way/440382758",
    "building": "construction",
    "xy": [
     [
      [
       143.11,
       -204.19
      ],
      [
       143.06,
       -219.09
      ],
      [
       138.57,
       -222.53
      ],
      [
       113.06,
       -222.57
      ],
      [
       113.05,
       -218.81
      ],
      [
       113.1,
       -204.08
      ],
      [
       143.11,
       -204.19
      ]
     ]
    ]
   },
   "geometry": {
    "type": "Polygon",
    "coordinates": [
     [
      [
       -3.6923097,
       40.4892343
      ],
      [
       -3.6923103,
       40.4893681
      ],
      [
       -3.6923633,
       40.489399
      ],
      [
       -3.6926646,
       40.4893994
      ],
      [
       -3.6926647,
       40.4893656
      ],
      [
       -3.6926641,
       40.4892333
      ],
      [
       -3.6923097,
       40.4892343
      ]
     ]
    ]
   }
  },
  {
   "type": "Feature",
   "properties": {
    "osm": "way/440382759",
    "building": "industrial",
    "xy": [
     [
      [
       78.52,
       -218.75
      ],
      [
       38.95,
       -219.03
      ],
      [
       33.78,
       -214.57
      ],
      [
       33.93,
       -209.48
      ],
      [
       33.86,
       -198.71
      ],
      [
       44.63,
       -198.72
      ],
      [
       44.63,
       -204.71
      ],
      [
       65.9,
       -204.55
      ],
      [
       68.6,
       -199.76
      ],
      [
       78.75,
       -199.77
      ],
      [
       78.52,
       -218.75
      ]
     ]
    ]
   },
   "geometry": {
    "type": "Polygon",
    "coordinates": [
     [
      [
       -3.6930726,
       40.4893651
      ],
      [
       -3.6935399,
       40.4893676
      ],
      [
       -3.693601,
       40.4893275
      ],
      [
       -3.6935992,
       40.4892818
      ],
      [
       -3.6936001,
       40.489185
      ],
      [
       -3.6934729,
       40.4891851
      ],
      [
       -3.6934729,
       40.4892389
      ],
      [
       -3.6932216,
       40.4892375
      ],
      [
       -3.6931897,
       40.4891945
      ],
      [
       -3.6930699,
       40.4891946
      ],
      [
       -3.6930726,
       40.4893651
      ]
     ]
    ]
   }
  },
  {
   "type": "Feature",
   "properties": {
    "osm": "way/440396587",
    "addr:city": "Madrid",
    "addr:housenumber": "35",
    "addr:postcode": "28034",
    "addr:street": "Calle de Manuel Tovar",
    "building": "office",
    "xy": [
     [
      [
       248.22,
       -128.72
      ],
      [
       248.11,
       -133.7
      ],
      [
       247.72,
       -150.79
      ],
      [
       248.93,
       -152.72
      ],
      [
       249.47,
       -153.35
      ],
      [
       250.17,
       -154.18
      ],
      [
       289.61,
       -154.53
      ],
      [
       289.62,
       -153.77
      ],
      [
       289.72,
       -144.1
      ],
      [
       289.72,
       -138.75
      ],
      [
       284.83,
       -138.85
      ],
      [
       284.79,
       -133.84
      ],
      [
       279.54,
       -133.94
      ],
      [
       279.49,
       -129.01
      ],
      [
       269.26,
       -128.91
      ],
      [
       258.29,
       -128.81
      ],
      [
       248.22,
       -128.72
      ]
     ]
    ]
   },
   "geometry": {
    "type": "Polygon",
    "coordinates": [
     [
      [
       -3.6910682,
       40.4885563
      ],
      [
       -3.6910695,
       40.488601
      ],
      [
       -3.6910741,
       40.4887546
      ],
      [
       -3.6910598,
       40.4887719
      ],
      [
       -3.6910534,
       40.4887776
      ],
      [
       -3.6910451,
       40.488785
      ],
      [
       -3.6905793,
       40.4887882
      ],
      [
       -3.6905792,
       40.4887813
      ],
      [
       -3.690578,
       40.4886945
      ],
      [
       -3.690578,
       40.4886464
      ],
      [
       -3.6906358,
       40.4886473
      ],
      [
       -3.6906363,
       40.4886023
      ],
      [
       -3.6906983,
       40.4886032
      ],
      [
       -3.6906989,
       40.4885589
      ],
      [
       -3.6908197,
       40.488558
      ],
      [
       -3.6909493,
       40.4885571
      ],
      [
       -3.6910682,
       40.4885563
      ]
     ]
    ]
   }
  },
  {
   "type": "Feature",
   "properties": {
    "osm": "way/440396588",
    "addr:city": "Madrid",
    "addr:housenumber": "33",
    "addr:postcode": "28034",
    "addr:street": "Calle de Manuel Tovar",
    "building": "office",
    "xy": [
     [
      [
       289.61,
       -154.53
      ],
      [
       332.15,
       -155.19
      ],
      [
       340.55,
       -150.58
      ],
      [
       340.84,
       -131.97
      ],
      [
       323.65,
       -131.93
      ],
      [
       323.78,
       -127.07
      ],
      [
       305.6,
       -126.99
      ],
      [
       305.49,
       -131.52
      ],
      [
       300.75,
       -131.45
      ],
      [
       300.6,
       -139.35
      ],
      [
       297.92,
       -139.39
      ],
      [
       297.98,
       -144.05
      ],
      [
       291.05,
       -144.09
      ],
      [
       289.72,
       -144.1
      ],
      [
       289.62,
       -153.77
      ],
      [
       289.61,
       -154.53
      ]
     ]
    ]
   },
   "geometry": {
    "type": "Polygon",
    "coordinates": [
     [
      [
       -3.6905793,
       40.4887882
      ],
      [
       -3.6900768,
       40.4887941
      ],
      [
       -3.6899777,
       40.4887527
      ],
      [
       -3.6899742,
       40.4885855
      ],
      [
       -3.6901773,
       40.4885851
      ],
      [
       -3.6901757,
       40.4885415
      ],
      [
       -3.6903905,
       40.4885408
      ],
      [
       -3.6903917,
       40.4885815
      ],
      [
       -3.6904477,
       40.4885808
      ],
      [
       -3.6904495,
       40.4886518
      ],
      [
       -3.6904812,
       40.4886522
      ],
      [
       -3.6904804,
       40.488694
      ],
      [
       -3.6905623,
       40.4886944
      ],
      [
       -3.690578,
       40.4886945
      ],
      [
       -3.6905792,
       40.4887813
      ],
      [
       -3.6905793,
       40.4887882
      ]
     ]
    ]
   }
  },
  {
   "type": "Feature",
   "properties": {
    "osm": "way/440396870",
    "building": "industrial",
    "xy": [
     [
      [
       157.2,
       -194.84
      ],
      [
       156.54,
       -195.01
      ],
      [
       156.4,
       -216.94
      ],
      [
       161.5,
       -222.23
      ],
      [
       196.1,
       -222.75
      ],
      [
       196.1,
       -221.87
      ],
      [
       196.58,
       -194.61
      ],
      [
       157.2,
       -194.84
      ]
     ]
    ]
   },
   "geometry": {
    "type": "Polygon",
    "coordinates": [
     [
      [
       -3.6921432,
       40.4891503
      ],
      [
       -3.692151,
       40.4891518
      ],
      [
       -3.6921527,
       40.4893488
      ],
      [
       -3.6920925,
       40.4893963
      ],
      [
       -3.6916838,
       40.489401
      ],
      [
       -3.6916838,
       40.4893931
      ],
      [
       -3.6916781,
       40.4891482
      ],
      [
       -3.6921432,
       40.4891503
      ]
     ]
    ]
   }
  },
  {
   "type": "Feature",
   "properties": {
    "osm": "way/440396872",
    "building": "industrial",
    "xy": [
     [
      [
       157.2,
       -194.84
      ],
      [
       157.31,
       -173.43
      ],
      [
       161.78,
       -168.51
      ],
      [
       196.57,
       -168.51
      ],
      [
       196.58,
       -194.61
      ],
      [
       157.2,
       -194.84
      ]
     ]
    ]
   },
   "geometry": {
    "type": "Polygon",
    "coordinates": [
     [
      [
       -3.6921432,
       40.4891503
      ],
      [
       -3.6921419,
       40.4889579
      ],
      [
       -3.6920891,
       40.4889137
      ],
      [
       -3.6916782,
       40.4889137
      ],
      [
       -3.6916781,
       40.4891482
      ],
      [
       -3.6921432,
       40.4891503
      ]
     ]
    ]
   }
  },
  {
   "type": "Feature",
   "properties": {
    "osm": "way/440396873",
    "building": "industrial",
    "xy": [
     [
      [
       196.1,
       -221.87
      ],
      [
       234.69,
       -222.71
      ],
      [
       234.96,
       -195.64
      ],
      [
       196.58,
       -194.61
      ],
      [
       196.1,
       -221.87
      ]
     ]
    ]
   },
   "geometry": {
    "type": "Polygon",
    "coordinates": [
     [
      [
       -3.6916838,
       40.4893931
      ],
      [
       -3.691228,
       40.4894006
      ],
      [
       -3.6912248,
       40.4891575
      ],
      [
       -3.6916781,
       40.4891482
      ],
      [
       -3.6916838,
       40.4893931
      ]
     ]
    ]
   }
  },
  {
   "type": "Feature",
   "properties": {
    "osm": "way/440396875",
    "addr:city": "Madrid",
    "addr:housenumber": "38",
    "addr:postcode": "28034",
    "addr:street": "Calle de Manuel Tovar",
    "building": "industrial",
    "building:levels": "3",
    "xy": [
     [
      [
       196.57,
       -168.51
      ],
      [
       234.73,
       -169.3
      ],
      [
       234.96,
       -195.64
      ],
      [
       196.58,
       -194.61
      ],
      [
       196.57,
       -168.51
      ]
     ]
    ]
   },
   "geometry": {
    "type": "Polygon",
    "coordinates": [
     [
      [
       -3.6916782,
       40.4889137
      ],
      [
       -3.6912275,
       40.4889208
      ],
      [
       -3.6912248,
       40.4891575
      ],
      [
       -3.6916781,
       40.4891482
      ],
      [
       -3.6916782,
       40.4889137
      ]
     ]
    ]
   }
  },
  {
   "type": "Feature",
   "properties": {
    "osm": "way/440396876",
    "building": "yes",
    "xy": [
     [
      [
       234.69,
       -222.71
      ],
      [
       255.75,
       -222.93
      ],
      [
       256.02,
       -196.65
      ],
      [
       234.96,
       -195.64
      ],
      [
       234.69,
       -222.71
      ]
     ]
    ]
   },
   "geometry": {
    "type": "Polygon",
    "coordinates": [
     [
      [
       -3.691228,
       40.4894006
      ],
      [
       -3.6909793,
       40.4894026
      ],
      [
       -3.6909761,
       40.4891665
      ],
      [
       -3.6912248,
       40.4891575
      ],
      [
       -3.691228,
       40.4894006
      ]
     ]
    ]
   }
  },
  {
   "type": "Feature",
   "properties": {
    "osm": "way/440396877",
    "addr:city": "Madrid",
    "addr:housenumber": "36",
    "addr:postcode": "28034",
    "addr:street": "Calle de Manuel Tovar",
    "building": "industrial",
    "building:levels": "3",
    "xy": [
     [
      [
       234.73,
       -169.3
      ],
      [
       255.69,
       -170.09
      ],
      [
       256.02,
       -196.65
      ],
      [
       234.96,
       -195.64
      ],
      [
       234.73,
       -169.3
      ]
     ]
    ]
   },
   "geometry": {
    "type": "Polygon",
    "coordinates": [
     [
      [
       -3.6912275,
       40.4889208
      ],
      [
       -3.69098,
       40.4889279
      ],
      [
       -3.6909761,
       40.4891665
      ],
      [
       -3.6912248,
       40.4891575
      ],
      [
       -3.6912275,
       40.4889208
      ]
     ]
    ]
   }
  },
  {
   "type": "Feature",
   "properties": {
    "osm": "way/440396878",
    "building": "yes",
    "xy": [
     [
      [
       255.75,
       -222.93
      ],
      [
       275.46,
       -222.86
      ],
      [
       275.65,
       -197.36
      ],
      [
       256.02,
       -196.65
      ],
      [
       255.75,
       -222.93
      ]
     ]
    ]
   },
   "geometry": {
    "type": "Polygon",
    "coordinates": [
     [
      [
       -3.6909793,
       40.4894026
      ],
      [
       -3.6907465,
       40.489402
      ],
      [
       -3.6907442,
       40.4891729
      ],
      [
       -3.6909761,
       40.4891665
      ],
      [
       -3.6909793,
       40.4894026
      ]
     ]
    ]
   }
  },
  {
   "type": "Feature",
   "properties": {
    "osm": "way/440396879",
    "building": "industrial",
    "xy": [
     [
      [
       255.69,
       -170.09
      ],
      [
       275.06,
       -170.29
      ],
      [
       275.65,
       -197.36
      ],
      [
       256.02,
       -196.65
      ],
      [
       255.69,
       -170.09
      ]
     ]
    ]
   },
   "geometry": {
    "type": "Polygon",
    "coordinates": [
     [
      [
       -3.69098,
       40.4889279
      ],
      [
       -3.6907512,
       40.4889297
      ],
      [
       -3.6907442,
       40.4891729
      ],
      [
       -3.6909761,
       40.4891665
      ],
      [
       -3.69098,
       40.4889279
      ]
     ]
    ]
   }
  },
  {
   "type": "Feature",
   "properties": {
    "osm": "way/440396880",
    "building": "industrial",
    "xy": [
     [
      [
       275.46,
       -222.86
      ],
      [
       315.98,
       -223.65
      ],
      [
       316.35,
       -197.79
      ],
      [
       311.23,
       -197.54
      ],
      [
       275.65,
       -197.36
      ],
      [
       275.46,
       -222.86
      ]
     ]
    ]
   },
   "geometry": {
    "type": "Polygon",
    "coordinates": [
     [
      [
       -3.6907465,
       40.489402
      ],
      [
       -3.6902678,
       40.4894091
      ],
      [
       -3.6902635,
       40.4891768
      ],
      [
       -3.6903239,
       40.4891745
      ],
      [
       -3.6907442,
       40.4891729
      ],
      [
       -3.6907465,
       40.489402
      ]
     ]
    ]
   }
  },
  {
   "type": "Feature",
   "properties": {
    "osm": "way/440396881",
    "building": "industrial",
    "xy": [
     [
      [
       275.06,
       -170.29
      ],
      [
       316.74,
       -172.21
      ],
      [
       316.33,
       -194.7
      ],
      [
       311.34,
       -194.5
      ],
      [
       311.23,
       -197.54
      ],
      [
       275.65,
       -197.36
      ],
      [
       275.06,
       -170.29
      ]
     ]
    ]
   },
   "geometry": {
    "type": "Polygon",
    "coordinates": [
     [
      [
       -3.6907512,
       40.4889297
      ],
      [
       -3.6902589,
       40.488947
      ],
      [
       -3.6902637,
       40.489149
      ],
      [
       -3.6903227,
       40.4891472
      ],
      [
       -3.6903239,
       40.4891745
      ],
      [
       -3.6907442,
       40.4891729
      ],
      [
       -3.6907512,
       40.4889297
      ]
     ]
    ]
   }
  },
  {
   "type": "Feature",
   "properties": {
    "osm": "way/440396882",
    "building": "industrial",
    "xy": [
     [
      [
       316.74,
       -172.21
      ],
      [
       357.46,
       -171.66
      ],
      [
       355.85,
       -197.4
      ],
      [
       316.35,
       -197.79
      ],
      [
       316.33,
       -194.7
      ],
      [
       316.74,
       -172.21
      ]
     ]
    ]
   },
   "geometry": {
    "type": "Polygon",
    "coordinates": [
     [
      [
       -3.6902589,
       40.488947
      ],
      [
       -3.6897779,
       40.488942
      ],
      [
       -3.6897969,
       40.4891733
      ],
      [
       -3.6902635,
       40.4891768
      ],
      [
       -3.6902637,
       40.489149
      ],
      [
       -3.6902589,
       40.488947
      ]
     ]
    ]
   }
  },
  {
   "type": "Feature",
   "properties": {
    "osm": "way/440396883",
    "building": "industrial",
    "xy": [
     [
      [
       315.98,
       -223.65
      ],
      [
       356.13,
       -223.74
      ],
      [
       355.85,
       -197.4
      ],
      [
       316.35,
       -197.79
      ],
      [
       315.98,
       -223.65
      ]
     ]
    ]
   },
   "geometry": {
    "type": "Polygon",
    "coordinates": [
     [
      [
       -3.6902678,
       40.4894091
      ],
      [
       -3.6897936,
       40.4894099
      ],
      [
       -3.6897969,
       40.4891733
      ],
      [
       -3.6902635,
       40.4891768
      ],
      [
       -3.6902678,
       40.4894091
      ]
     ]
    ]
   }
  },
  {
   "type": "Feature",
   "properties": {
    "osm": "way/440664671",
    "building": "yes",
    "xy": [
     [
      [
       49.88,
       -233.59
      ],
      [
       49.71,
       -265.9
      ],
      [
       52.55,
       -265.9
      ],
      [
       64.82,
       -265.9
      ],
      [
       64.86,
       -233.75
      ],
      [
       49.88,
       -233.59
      ]
     ]
    ]
   },
   "geometry": {
    "type": "Polygon",
    "coordinates": [
     [
      [
       -3.6934108,
       40.4894984
      ],
      [
       -3.6934128,
       40.4897886
      ],
      [
       -3.6933793,
       40.4897886
      ],
      [
       -3.6932344,
       40.4897886
      ],
      [
       -3.6932339,
       40.4894998
      ],
      [
       -3.6934108,
       40.4894984
      ]
     ]
    ]
   }
  },
  {
   "type": "Feature",
   "properties": {
    "osm": "way/440664672",
    "building": "yes",
    "xy": [
     [
      [
       64.86,
       -233.75
      ],
      [
       85.06,
       -233.99
      ],
      [
       84.63,
       -265.97
      ],
      [
       78.73,
       -265.97
      ],
      [
       78.84,
       -262.45
      ],
      [
       73.4,
       -262.45
      ],
      [
       73.4,
       -265.97
      ],
      [
       64.82,
       -265.9
      ],
      [
       64.86,
       -233.75
      ]
     ]
    ]
   },
   "geometry": {
    "type": "Polygon",
    "coordinates": [
     [
      [
       -3.6932339,
       40.4894998
      ],
      [
       -3.6929953,
       40.489502
      ],
      [
       -3.6930004,
       40.4897892
      ],
      [
       -3.6930701,
       40.4897892
      ],
      [
       -3.6930688,
       40.4897576
      ],
      [
       -3.6931331,
       40.4897576
      ],
      [
       -3.6931331,
       40.4897892
      ],
      [
       -3.6932344,
       40.4897886
      ],
      [
       -3.6932339,
       40.4894998
      ]
     ]
    ]
   }
  },
  {
   "type": "Feature",
   "properties": {
    "osm": "way/449134793",
    "footway": "sidewalk",
    "highway": "footway",
    "surface": "paving_stones",
    "xy": [
     [
      -388.29,
      28.04
     ],
     [
      -363.3,
      22.81
     ],
     [
      -358.72,
      22.9
     ],
     [
      -349.7,
      37.58
     ],
     [
      -339.42,
      35.23
     ],
     [
      -298.33,
      9.84
     ],
     [
      -295.82,
      8.94
     ],
     [
      -293.62,
      9.54
     ],
     [
      -285.4,
      21.69
     ],
     [
      -199.52,
      146.29
     ],
     [
      -198.17,
      149.17
     ],
     [
      -197.54,
      154.97
     ],
     [
      -197.98,
      160.06
     ],
     [
      -199.97,
      171.77
     ],
     [
      -204.52,
      184.11
     ],
     [
      -209.16,
      192.06
     ],
     [
      -214.95,
      198.53
     ],
     [
      -219.41,
      203.72
     ],
     [
      -231.76,
      215.78
     ],
     [
      -239.82,
      220.89
     ],
     [
      -250.68,
      226.83
     ],
     [
      -290.85,
      247.44
     ],
     [
      -325.58,
      264.2
     ],
     [
      -344.02,
      273.82
     ]
    ]
   },
   "geometry": {
    "type": "LineString",
    "coordinates": [
     [
      -3.6985862,
      40.4871481
     ],
     [
      -3.6982911,
      40.4871951
     ],
     [
      -3.698237,
      40.4871943
     ],
     [
      -3.6981304,
      40.4870624
     ],
     [
      -3.698009,
      40.4870835
     ],
     [
      -3.6975237,
      40.4873116
     ],
     [
      -3.697494,
      40.4873197
     ],
     [
      -3.697468,
      40.4873143
     ],
     [
      -3.697371,
      40.4872052
     ],
     [
      -3.6963566,
      40.4860859
     ],
     [
      -3.6963407,
      40.48606
     ],
     [
      -3.6963332,
      40.4860079
     ],
     [
      -3.6963384,
      40.4859622
     ],
     [
      -3.6963619,
      40.485857
     ],
     [
      -3.6964156,
      40.4857461
     ],
     [
      -3.6964705,
      40.4856747
     ],
     [
      -3.6965389,
      40.4856166
     ],
     [
      -3.6965915,
      40.48557
     ],
     [
      -3.6967374,
      40.4854616
     ],
     [
      -3.6968326,
      40.4854157
     ],
     [
      -3.6969609,
      40.4853624
     ],
     [
      -3.6974353,
      40.4851772
     ],
     [
      -3.6978456,
      40.4850267
     ],
     [
      -3.6980633,
      40.4849402
     ]
    ]
   }
  },
  {
   "type": "Feature",
   "properties": {
    "osm": "way/453012622",
    "covered": "no",
    "foot": "no",
    "highway": "service",
    "lanes": "1",
    "lit": "yes",
    "name": "Calle de La Estrada",
    "oneway": "yes",
    "parking:both": "separate",
    "parking:left:orientation": "diagonal",
    "parking:right:orientation": "perpendicular",
    "postal_code": "28034",
    "sidewalk:both": "separate",
    "smoothness": "excellent",
    "surface": "asphalt",
    "xy": [
     [
      26.93,
      -350.36
     ],
     [
      27.31,
      -347.01
     ],
     [
      28.83,
      -344.72
     ],
     [
      29.77,
      -341.86
     ],
     [
      30.06,
      -338.52
     ],
     [
      30.05,
      -335.18
     ],
     [
      29.43,
      -328.52
     ],
     [
      29.38,
      -324.98
     ],
     [
      27.69,
      -293.13
     ],
     [
      27.71,
      -237.91
     ],
     [
      25.98,
      -229.03
     ],
     [
      24.87,
      -221.84
     ],
     [
      25.0,
      -195.83
     ],
     [
      25.04,
      -171.61
     ],
     [
      25.21,
      -160.04
     ],
     [
      26.53,
      -110.87
     ]
    ]
   },
   "geometry": {
    "type": "LineString",
    "coordinates": [
     [
      -3.6936819,
      40.4905473
     ],
     [
      -3.6936774,
      40.4905172
     ],
     [
      -3.6936595,
      40.4904967
     ],
     [
      -3.6936484,
      40.490471
     ],
     [
      -3.6936449,
      40.490441
     ],
     [
      -3.6936451,
      40.490411
     ],
     [
      -3.6936524,
      40.4903511
     ],
     [
      -3.693653,
      40.4903193
     ],
     [
      -3.6936729,
      40.4900332
     ],
     [
      -3.6936727,
      40.4895372
     ],
     [
      -3.6936932,
      40.4894574
     ],
     [
      -3.6937062,
      40.4893928
     ],
     [
      -3.6937047,
      40.4891592
     ],
     [
      -3.6937042,
      40.4889416
     ],
     [
      -3.6937022,
      40.4888377
     ],
     [
      -3.6936867,
      40.488396
     ]
    ]
   }
  },
  {
   "type": "Feature",
   "properties": {
    "osm": "way/453018647",
    "highway": "pedestrian",
    "name": "Calle de Antoniorrobles",
    "oneway": "no",
    "postal_code": "28034",
    "smoothness": "good",
    "surface": "paving_stones",
    "xy": [
     [
      242.98,
      -88.41
     ],
     [
      242.27,
      -97.91
     ]
    ]
   },
   "geometry": {
    "type": "LineString",
    "coordinates": [
     [
      -3.6911301,
      40.4881942
     ],
     [
      -3.6911385,
      40.4882795
     ]
    ]
   }
  },
  {
   "type": "Feature",
   "properties": {
    "osm": "way/453020029",
    "highway": "footway",
    "lit": "yes",
    "surface": "compacted",
    "xy": [
     [
      -237.26,
      -176.3
     ],
     [
      -230.79,
      -175.0
     ],
     [
      -181.05,
      -137.08
     ],
     [
      -172.86,
      -130.13
     ],
     [
      -169.29,
      -123.06
     ]
    ]
   },
   "geometry": {
    "type": "LineString",
    "coordinates": [
     [
      -3.6968024,
      40.4889837
     ],
     [
      -3.6967259,
      40.488972
     ],
     [
      -3.6961385,
      40.4886314
     ],
     [
      -3.6960417,
      40.488569
     ],
     [
      -3.6959995,
      40.4885055
     ]
    ]
   }
  },
  {
   "type": "Feature",
   "properties": {
    "osm": "way/453022756",
    "highway": "service",
    "lanes": "2",
    "oneway": "no",
    "service": "driveway",
    "surface": "asphalt",
    "xy": [
     [
      -173.53,
      -24.42
     ],
     [
      -151.87,
      -5.43
     ],
     [
      -147.61,
      -1.29
     ],
     [
      -144.15,
      2.04
     ]
    ]
   },
   "geometry": {
    "type": "LineString",
    "coordinates": [
     [
      -3.6960496,
      40.4876194
     ],
     [
      -3.6957938,
      40.4874488
     ],
     [
      -3.6957435,
      40.4874116
     ],
     [
      -3.6957026,
      40.4873817
     ]
    ]
   }
  },
  {
   "type": "Feature",
   "properties": {
    "osm": "way/453022761",
    "highway": "footway",
    "xy": [
     [
      -112.87,
      -42.96
     ],
     [
      -110.41,
      -40.78
     ],
     [
      -103.63,
      -34.73
     ],
     [
      -101.28,
      -32.59
     ]
    ]
   },
   "geometry": {
    "type": "LineString",
    "coordinates": [
     [
      -3.6953332,
      40.4877859
     ],
     [
      -3.6953041,
      40.4877663
     ],
     [
      -3.695224,
      40.487712
     ],
     [
      -3.6951963,
      40.4876928
     ]
    ]
   }
  },
  {
   "type": "Feature",
   "properties": {
    "osm": "way/453022764",
    "highway": "service",
    "lanes": "1",
    "oneway": "yes",
    "surface": "asphalt",
    "xy": [
     [
      -79.87,
      -51.95
     ],
     [
      -77.0,
      -46.48
     ],
     [
      -75.39,
      -45.17
     ],
     [
      -52.97,
      -33.02
     ],
     [
      -0.47,
      -30.96
     ],
     [
      57.05,
      -29.38
     ],
     [
      72.26,
      -40.93
     ],
     [
      73.12,
      -41.59
     ],
     [
      79.64,
      -45.36
     ]
    ]
   },
   "geometry": {
    "type": "LineString",
    "coordinates": [
     [
      -3.6949434,
      40.4878667
     ],
     [
      -3.6949095,
      40.4878175
     ],
     [
      -3.6948905,
      40.4878058
     ],
     [
      -3.6946257,
      40.4876966
     ],
     [
      -3.6940055,
      40.4876781
     ],
     [
      -3.6933262,
      40.4876639
     ],
     [
      -3.6931465,
      40.4877677
     ],
     [
      -3.6931364,
      40.4877736
     ],
     [
      -3.6930593,
      40.4878075
     ]
    ]
   }
  },
  {
   "type": "Feature",
   "properties": {
    "osm": "way/453022766",
    "highway": "service",
    "lanes": "1",
    "oneway": "no",
    "surface": "asphalt",
    "xy": [
     [
      58.88,
      -18.58
     ],
     [
      83.94,
      -24.16
     ],
     [
      89.91,
      -23.79
     ],
     [
      94.83,
      -21.96
     ],
     [
      98.61,
      -20.65
     ]
    ]
   },
   "geometry": {
    "type": "LineString",
    "coordinates": [
     [
      -3.6933045,
      40.4875669
     ],
     [
      -3.6930085,
      40.487617
     ],
     [
      -3.6929381,
      40.4876137
     ],
     [
      -3.6928799,
      40.4875973
     ],
     [
      -3.6928353,
      40.4875855
     ]
    ]
   }
  },
  {
   "type": "Feature",
   "properties": {
    "osm": "way/453022768",
    "highway": "service",
    "lanes": "1",
    "oneway": "yes",
    "surface": "concrete",
    "xy": [
     [
      26.74,
      85.64
     ],
     [
      50.69,
      84.17
     ],
     [
      60.04,
      81.95
     ],
     [
      102.47,
      71.9
     ],
     [
      118.93,
      63.5
     ],
     [
      141.25,
      39.92
     ],
     [
      144.58,
      36.39
     ]
    ]
   },
   "geometry": {
    "type": "LineString",
    "coordinates": [
     [
      -3.6936842,
      40.4866307
     ],
     [
      -3.6934013,
      40.4866439
     ],
     [
      -3.6932908,
      40.4866638
     ],
     [
      -3.6927897,
      40.4867541
     ],
     [
      -3.6925953,
      40.4868296
     ],
     [
      -3.6923317,
      40.4870414
     ],
     [
      -3.6922923,
      40.4870731
     ]
    ]
   }
  },
  {
   "type": "Feature",
   "properties": {
    "osm": "way/453022772",
    "highway": "pedestrian",
    "lanes": "1",
    "oneway": "yes",
    "surface": "asphalt",
    "xy": [
     [
      -79.48,
      -30.91
     ],
     [
      -89.76,
      -31.7
     ],
     [
      -97.94,
      -29.43
     ],
     [
      -109.97,
      -17.4
     ],
     [
      -122.92,
      5.31
     ],
     [
      -133.72,
      35.73
     ],
     [
      -134.53,
      38.0
     ],
     [
      -134.21,
      46.31
     ]
    ]
   },
   "geometry": {
    "type": "LineString",
    "coordinates": [
     [
      -3.6949388,
      40.4876777
     ],
     [
      -3.6950602,
      40.4876848
     ],
     [
      -3.6951568,
      40.4876644
     ],
     [
      -3.6952989,
      40.4875563
     ],
     [
      -3.6954518,
      40.4873523
     ],
     [
      -3.6955794,
      40.487079
     ],
     [
      -3.695589,
      40.4870586
     ],
     [
      -3.6955852,
      40.486984
     ]
    ]
   }
  },
  {
   "type": "Feature",
   "properties": {
    "osm": "way/453022773",
    "highway": "service",
    "lanes": "1",
    "oneway": "no",
    "service": "parking_aisle",
    "surface": "asphalt",
    "xy": [
     [
      -117.36,
      7.83
     ],
     [
      -78.55,
      21.85
     ]
    ]
   },
   "geometry": {
    "type": "LineString",
    "coordinates": [
     [
      -3.6953862,
      40.4873297
     ],
     [
      -3.6949278,
      40.4872037
     ]
    ]
   }
  },
  {
   "type": "Feature",
   "properties": {
    "osm": "way/456075678",
    "highway": "service",
    "lanes": "1",
    "oneway": "no",
    "surface": "asphalt",
    "xy": [
     [
      -86.47,
      97.34
     ],
     [
      -82.49,
      92.2
     ],
     [
      -80.96,
      89.98
     ],
     [
      -73.69,
      68.41
     ]
    ]
   },
   "geometry": {
    "type": "LineString",
    "coordinates": [
     [
      -3.6950213,
      40.4865256
     ],
     [
      -3.6949743,
      40.4865718
     ],
     [
      -3.6949562,
      40.4865917
     ],
     [
      -3.6948704,
      40.4867855
     ]
    ]
   }
  },
  {
   "type": "Feature",
   "properties": {
    "osm": "way/496510651",
    "highway": "footway",
    "lit": "yes",
    "surface": "paving_stones",
    "xy": [
     [
      -253.6,
      -47.24
     ],
     [
      -249.58,
      -49.72
     ]
    ]
   },
   "geometry": {
    "type": "LineString",
    "coordinates": [
     [
      -3.6969954,
      40.4878244
     ],
     [
      -3.6969479,
      40.4878466
     ]
    ]
   }
  },
  {
   "type": "Feature",
   "properties": {
    "osm": "way/496510653",
    "highway": "footway",
    "lit": "yes",
    "surface": "paving_stones",
    "xy": [
     [
      -274.81,
      -86.94
     ],
     [
      -269.72,
      -76.79
     ],
     [
      -265.74,
      -69.83
     ],
     [
      -263.5,
      -65.9
     ],
     [
      -260.38,
      -59.19
     ],
     [
      -257.58,
      -54.26
     ],
     [
      -253.6,
      -47.24
     ],
     [
      -240.77,
      -27.62
     ],
     [
      -228.99,
      -12.01
     ],
     [
      -225.5,
      -8.12
     ],
     [
      -222.79,
      -10.58
     ],
     [
      -226.64,
      -16.2
     ],
     [
      -227.94,
      -15.18
     ]
    ]
   },
   "geometry": {
    "type": "LineString",
    "coordinates": [
     [
      -3.6972459,
      40.488181
     ],
     [
      -3.6971857,
      40.4880898
     ],
     [
      -3.6971388,
      40.4880273
     ],
     [
      -3.6971123,
      40.487992
     ],
     [
      -3.6970754,
      40.4879317
     ],
     [
      -3.6970424,
      40.4878874
     ],
     [
      -3.6969954,
      40.4878244
     ],
     [
      -3.6968438,
      40.4876481
     ],
     [
      -3.6967047,
      40.4875079
     ],
     [
      -3.6966635,
      40.4874729
     ],
     [
      -3.6966315,
      40.487495
     ],
     [
      -3.6966769,
      40.4875455
     ],
     [
      -3.6966923,
      40.4875364
     ]
    ]
   }
  },
  {
   "type": "Feature",
   "properties": {
    "osm": "way/511895846",
    "highway": "residential",
    "junction": "roundabout",
    "lanes": "2",
    "lit": "yes",
    "maxspeed:type": "ES:urban",
    "postal_code": "28034",
    "sidewalk:left": "no",
    "sidewalk:right": "separate",
    "surface": "asphalt",
    "xy": [
     [
      -244.46,
      -160.81
     ],
     [
      -241.96,
      -164.27
     ],
     [
      -240.39,
      -168.25
     ],
     [
      -239.85,
      -172.48
     ],
     [
      -240.37,
      -176.72
     ],
     [
      -242.34,
      -181.44
     ],
     [
      -245.62,
      -185.36
     ],
     [
      -249.91,
      -188.15
     ],
     [
      -254.83,
      -189.54
     ],
     [
      -259.94,
      -189.43
     ]
    ]
   },
   "geometry": {
    "type": "LineString",
    "coordinates": [
     [
      -3.6968874,
      40.4888446
     ],
     [
      -3.6968579,
      40.4888757
     ],
     [
      -3.6968393,
      40.4889114
     ],
     [
      -3.6968329,
      40.4889494
     ],
     [
      -3.6968391,
      40.4889875
     ],
     [
      -3.6968624,
      40.4890299
     ],
     [
      -3.6969011,
      40.4890651
     ],
     [
      -3.6969518,
      40.4890902
     ],
     [
      -3.6970099,
      40.4891027
     ],
     [
      -3.6970703,
      40.4891017
     ]
    ]
   }
  },
  {
   "type": "Feature",
   "properties": {
    "osm": "way/512124510",
    "highway": "service",
    "junction": "roundabout",
    "lanes": "1",
    "surface": "asphalt",
    "xy": [
     [
      -89.43,
      -50.29
     ],
     [
      -86.7,
      -50.58
     ],
     [
      -84.99,
      -52.4
     ]
    ]
   },
   "geometry": {
    "type": "LineString",
    "coordinates": [
     [
      -3.6950563,
      40.4878518
     ],
     [
      -3.695024,
      40.4878544
     ],
     [
      -3.6950039,
      40.4878707
     ]
    ]
   }
  },
  {
   "type": "Feature",
   "properties": {
    "osm": "way/512124513",
    "highway": "service",
    "junction": "roundabout",
    "lanes": "1",
    "surface": "asphalt",
    "xy": [
     [
      -95.27,
      -56.58
     ],
     [
      -94.4,
      -53.43
     ],
     [
      -92.32,
      -51.35
     ],
     [
      -89.43,
      -50.29
     ]
    ]
   },
   "geometry": {
    "type": "LineString",
    "coordinates": [
     [
      -3.6951253,
      40.4879083
     ],
     [
      -3.695115,
      40.48788
     ],
     [
      -3.6950904,
      40.4878613
     ],
     [
      -3.6950563,
      40.4878518
     ]
    ]
   }
  },
  {
   "type": "Feature",
   "properties": {
    "osm": "way/538432608",
    "bicycle": "dismount",
    "bridge": "yes",
    "highway": "footway",
    "layer": "1",
    "lit": "yes",
    "motor_vehicle": "no",
    "surface": "concrete",
    "xy": [
     [
      -227.85,
      -18.81
     ],
     [
      -248.18,
      -46.28
     ],
     [
      -250.57,
      -44.61
     ]
    ]
   },
   "geometry": {
    "type": "LineString",
    "coordinates": [
     [
      -3.6966912,
      40.487569
     ],
     [
      -3.6969313,
      40.4878157
     ],
     [
      -3.6969596,
      40.4878007
     ]
    ]
   }
  },
  {
   "type": "Feature",
   "properties": {
    "osm": "way/646989111",
    "building": "industrial",
    "xy": [
     [
      [
       -146.96,
       -169.12
      ],
      [
       -126.75,
       -155.49
      ],
      [
       -85.19,
       -185.92
      ],
      [
       -102.0,
       -207.03
      ],
      [
       -136.74,
       -180.02
      ],
      [
       -135.95,
       -178.99
      ],
      [
       -147.36,
       -170.53
      ],
      [
       -146.96,
       -169.12
      ]
     ]
    ]
   },
   "geometry": {
    "type": "Polygon",
    "coordinates": [
     [
      [
       -3.6957358,
       40.4889192
      ],
      [
       -3.6954971,
       40.4887968
      ],
      [
       -3.6950062,
       40.4890701
      ],
      [
       -3.6952047,
       40.4892598
      ],
      [
       -3.6956151,
       40.4890171
      ],
      [
       -3.6956057,
       40.4890079
      ],
      [
       -3.6957405,
       40.4889319
      ],
      [
       -3.6957358,
       40.4889192
      ]
     ]
    ]
   }
  },
  {
   "type": "Feature",
   "properties": {
    "osm": "way/646989112",
    "building": "yes",
    "ruins": "yes",
    "xy": [
     [
      [
       -36.89,
       -196.0
      ],
      [
       10.19,
       -196.0
      ],
      [
       10.19,
       -212.57
      ],
      [
       -36.89,
       -212.57
      ],
      [
       -36.89,
       -196.0
      ]
     ]
    ]
   },
   "geometry": {
    "type": "Polygon",
    "coordinates": [
     [
      [
       -3.6944357,
       40.4891607
      ],
      [
       -3.6938796,
       40.4891607
      ],
      [
       -3.6938796,
       40.4893095
      ],
      [
       -3.6944357,
       40.4893095
      ],
      [
       -3.6944357,
       40.4891607
      ]
     ]
    ]
   }
  },
  {
   "type": "Feature",
   "properties": {
    "osm": "way/712717531",
    "addr:street": "Calle de Francisco Sancha",
    "building": "train_station",
    "building:colour": "grey",
    "building:levels": "1",
    "name": "Ramón y Cajal Acceso 3",
    "nohousenumber": "yes",
    "roof:levels": "0",
    "id": "apeadero-acceso-3",
    "nombre": "Apeadero, acceso 3",
    "categoria": "transporte",
    "rotular": false,
    "xy": [
     [
      [
       28.23,
       -91.43
      ],
      [
       28.25,
       -90.45
      ],
      [
       28.29,
       -88.94
      ],
      [
       38.04,
       -88.39
      ],
      [
       38.18,
       -89.92
      ],
      [
       38.34,
       -91.62
      ],
      [
       28.23,
       -91.43
      ]
     ]
    ]
   },
   "geometry": {
    "type": "Polygon",
    "coordinates": [
     [
      [
       -3.6936666,
       40.4882213
      ],
      [
       -3.6936663,
       40.4882125
      ],
      [
       -3.6936658,
       40.488199
      ],
      [
       -3.6935507,
       40.488194
      ],
      [
       -3.693549,
       40.4882078
      ],
      [
       -3.6935472,
       40.488223
      ],
      [
       -3.6936666,
       40.4882213
      ]
     ]
    ]
   }
  },
  {
   "type": "Feature",
   "properties": {
    "osm": "way/712717532",
    "footway": "sidewalk",
    "highway": "footway",
    "xy": [
     [
      38.18,
      -89.92
     ],
     [
      42.43,
      -89.53
     ],
     [
      42.34,
      -87.88
     ],
     [
      42.12,
      -82.84
     ]
    ]
   },
   "geometry": {
    "type": "LineString",
    "coordinates": [
     [
      -3.693549,
      40.4882078
     ],
     [
      -3.6934989,
      40.4882043
     ],
     [
      -3.6934999,
      40.4881894
     ],
     [
      -3.6935025,
      40.4881442
     ]
    ]
   }
  },
  {
   "type": "Feature",
   "properties": {
    "osm": "way/759273847",
    "highway": "footway",
    "xy": [
     [
      -48.86,
      -81.71
     ],
     [
      -48.0,
      -84.77
     ]
    ]
   },
   "geometry": {
    "type": "LineString",
    "coordinates": [
     [
      -3.6945771,
      40.488134
     ],
     [
      -3.6945669,
      40.4881615
     ]
    ]
   }
  },
  {
   "type": "Feature",
   "properties": {
    "osm": "way/759273851",
    "highway": "footway",
    "xy": [
     [
      -44.92,
      -96.6
     ],
     [
      -41.88,
      -95.9
     ]
    ]
   },
   "geometry": {
    "type": "LineString",
    "coordinates": [
     [
      -3.6945306,
      40.4882678
     ],
     [
      -3.6944947,
      40.4882615
     ]
    ]
   }
  },
  {
   "type": "Feature",
   "properties": {
    "osm": "way/829694738",
    "building": "industrial",
    "disused:man_made": "works",
    "name": "Fábrica de Clesa",
    "wikidata": "Q27675874",
    "xy": [
     [
      [
       -231.93,
       -304.65
      ],
      [
       -224.79,
       -305.55
      ],
      [
       -224.48,
       -303.05
      ],
      [
       -211.66,
       -304.67
      ],
      [
       -213.29,
       -308.22
      ],
      [
       -206.3,
       -308.98
      ],
      [
       -205.75,
       -303.87
      ],
      [
       -181.32,
       -306.51
      ],
      [
       -181.07,
       -304.29
      ],
      [
       -117.54,
       -311.24
      ],
      [
       -110.66,
       -248.32
      ],
      [
       -104.06,
       -249.06
      ],
      [
       -102.26,
       -232.78
      ],
      [
       -112.49,
       -231.63
      ],
      [
       -109.81,
       -207.65
      ],
      [
       -136.83,
       -204.62
      ],
      [
       -139.43,
       -227.72
      ],
      [
       -149.85,
       -226.54
      ],
      [
       -146.76,
       -199.31
      ],
      [
       -174.87,
       -196.1
      ],
      [
       -177.0,
       -214.76
      ],
      [
       -156.45,
       -217.12
      ],
      [
       -157.45,
       -225.79
      ],
      [
       -188.75,
       -222.16
      ],
      [
       -189.33,
       -227.19
      ],
      [
       -198.45,
       -226.11
      ],
      [
       -199.57,
       -235.49
      ],
      [
       -191.56,
       -236.45
      ],
      [
       -197.27,
       -283.78
      ],
      [
       -210.55,
       -282.17
      ],
      [
       -211.01,
       -285.93
      ],
      [
       -220.34,
       -284.78
      ],
      [
       -219.94,
       -281.63
      ],
      [
       -228.9,
       -280.52
      ],
      [
       -231.93,
       -304.65
      ]
     ]
    ]
   },
   "geometry": {
    "type": "Polygon",
    "coordinates": [
     [
      [
       -3.6967394,
       40.4901367
      ],
      [
       -3.6966551,
       40.4901448
      ],
      [
       -3.6966514,
       40.4901223
      ],
      [
       -3.6965,
       40.4901369
      ],
      [
       -3.6965193,
       40.4901688
      ],
      [
       -3.6964367,
       40.4901756
      ],
      [
       -3.6964302,
       40.4901297
      ],
      [
       -3.6961416,
       40.4901534
      ],
      [
       -3.6961387,
       40.4901335
      ],
      [
       -3.6953883,
       40.4901959
      ],
      [
       -3.695307,
       40.4896307
      ],
      [
       -3.6952291,
       40.4896373
      ],
      [
       -3.6952078,
       40.4894911
      ],
      [
       -3.6953287,
       40.4894808
      ],
      [
       -3.695297,
       40.4892653
      ],
      [
       -3.6956162,
       40.4892381
      ],
      [
       -3.6956469,
       40.4894456
      ],
      [
       -3.6957699,
       40.489435
      ],
      [
       -3.6957334,
       40.4891904
      ],
      [
       -3.6960654,
       40.4891616
      ],
      [
       -3.6960906,
       40.4893292
      ],
      [
       -3.6958479,
       40.4893504
      ],
      [
       -3.6958597,
       40.4894283
      ],
      [
       -3.6962294,
       40.4893957
      ],
      [
       -3.6962363,
       40.4894409
      ],
      [
       -3.696344,
       40.4894312
      ],
      [
       -3.6963572,
       40.4895154
      ],
      [
       -3.6962626,
       40.4895241
      ],
      [
       -3.69633,
       40.4899492
      ],
      [
       -3.6964869,
       40.4899348
      ],
      [
       -3.6964923,
       40.4899685
      ],
      [
       -3.6966025,
       40.4899582
      ],
      [
       -3.6965978,
       40.4899299
      ],
      [
       -3.6967036,
       40.4899199
      ],
      [
       -3.6967394,
       40.4901367
      ]
     ]
    ]
   }
  },
  {
   "type": "Feature",
   "properties": {
    "osm": "way/907797862",
    "highway": "service",
    "lanes": "1",
    "surface": "asphalt",
    "xy": [
     [
      120.99,
      11.81
     ],
     [
      111.95,
      4.37
     ],
     [
      101.21,
      -4.2
     ],
     [
      95.92,
      -4.39
     ],
     [
      91.95,
      -2.59
     ],
     [
      90.43,
      2.96
     ],
     [
      91.73,
      8.35
     ],
     [
      98.85,
      11.12
     ],
     [
      104.31,
      8.08
     ],
     [
      105.97,
      2.96
     ]
    ]
   },
   "geometry": {
    "type": "LineString",
    "coordinates": [
     [
      -3.6925709,
      40.4872939
     ],
     [
      -3.6926777,
      40.4873607
     ],
     [
      -3.6928046,
      40.4874377
     ],
     [
      -3.6928671,
      40.4874394
     ],
     [
      -3.6929139,
      40.4874233
     ],
     [
      -3.6929319,
      40.4873734
     ],
     [
      -3.6929165,
      40.487325
     ],
     [
      -3.6928325,
      40.4873001
     ],
     [
      -3.6927679,
      40.4873274
     ],
     [
      -3.6927484,
      40.4873734
     ]
    ]
   }
  },
  {
   "type": "Feature",
   "properties": {
    "osm": "way/907797863",
    "highway": "service",
    "lanes": "1",
    "surface": "asphalt",
    "xy": [
     [
      123.98,
      9.85
     ],
     [
      120.99,
      11.81
     ],
     [
      117.46,
      14.13
     ],
     [
      92.06,
      20.05
     ],
     [
      85.18,
      6.78
     ],
     [
      70.18,
      9.72
     ]
    ]
   },
   "geometry": {
    "type": "LineString",
    "coordinates": [
     [
      -3.6925356,
      40.4873115
     ],
     [
      -3.6925709,
      40.4872939
     ],
     [
      -3.6926126,
      40.4872731
     ],
     [
      -3.6929126,
      40.4872199
     ],
     [
      -3.6929939,
      40.4873391
     ],
     [
      -3.6931711,
      40.4873127
     ]
    ]
   }
  },
  {
   "type": "Feature",
   "properties": {
    "osm": "way/937713657",
    "highway": "service",
    "lanes": "1",
    "name": "Calle de San Modesto",
    "oneway": "yes",
    "surface": "asphalt",
    "xy": [
     [
      -156.03,
      7.89
     ],
     [
      -163.22,
      10.48
     ],
     [
      -166.67,
      11.13
     ],
     [
      -169.72,
      10.33
     ]
    ]
   },
   "geometry": {
    "type": "LineString",
    "coordinates": [
     [
      -3.6958429,
      40.4873291
     ],
     [
      -3.6959278,
      40.4873059
     ],
     [
      -3.6959686,
      40.4873
     ],
     [
      -3.6960046,
      40.4873072
     ]
    ]
   }
  },
  {
   "type": "Feature",
   "properties": {
    "osm": "way/965407868",
    "highway": "service",
    "name": "BUS",
    "oneway": "yes",
    "surface": "asphalt",
    "xy": [
     [
      -268.44,
      -63.81
     ],
     [
      -268.62,
      -67.53
     ],
     [
      -270.13,
      -71.99
     ],
     [
      -278.57,
      -88.01
     ],
     [
      -289.19,
      -107.82
     ],
     [
      -296.86,
      -123.38
     ],
     [
      -300.48,
      -129.48
     ]
    ]
   },
   "geometry": {
    "type": "LineString",
    "coordinates": [
     [
      -3.6971706,
      40.4879732
     ],
     [
      -3.6971728,
      40.4880066
     ],
     [
      -3.6971906,
      40.4880467
     ],
     [
      -3.6972903,
      40.4881906
     ],
     [
      -3.6974157,
      40.4883686
     ],
     [
      -3.6975063,
      40.4885083
     ],
     [
      -3.6975491,
      40.4885631
     ]
    ]
   }
  },
  {
   "type": "Feature",
   "properties": {
    "osm": "way/968812172",
    "building": "hospital",
    "building:levels": "1",
    "healthcare": "counselling;rehabilitation",
    "name": "Pabellón Docente",
    "id": "pabellon-docente",
    "nombre": "Pabellón Docente / Consultas Externas",
    "categoria": "docente",
    "rotular": true,
    "xy": [
     [
      [
       -197.12,
       -64.19
      ],
      [
       -201.93,
       -65.58
      ],
      [
       -206.37,
       -67.88
      ],
      [
       -211.22,
       -71.98
      ],
      [
       -214.43,
       -76.31
      ],
      [
       -216.58,
       -81.0
      ],
      [
       -217.74,
       -85.97
      ],
      [
       -217.88,
       -91.04
      ],
      [
       -217.04,
       -96.01
      ],
      [
       -215.23,
       -100.7
      ],
      [
       -212.54,
       -104.93
      ],
      [
       -209.08,
       -108.56
      ],
      [
       -201.87,
       -112.91
      ],
      [
       -200.32,
       -108.36
      ],
      [
       -196.17,
       -109.82
      ],
      [
       -190.56,
       -110.36
      ],
      [
       -185.65,
       -109.59
      ],
      [
       -180.96,
       -107.64
      ],
      [
       -176.85,
       -104.56
      ],
      [
       -173.59,
       -100.57
      ],
      [
       -171.42,
       -95.94
      ],
      [
       -170.83,
       -92.23
      ],
      [
       -148.98,
       -93.04
      ],
      [
       -147.37,
       -73.22
      ],
      [
       -145.64,
       -73.43
      ],
      [
       -140.38,
       -72.68
      ],
      [
       -136.76,
       -71.32
      ],
      [
       -132.25,
       -68.36
      ],
      [
       -128.71,
       -64.44
      ],
      [
       -126.58,
       -60.59
      ],
      [
       -125.2,
       -55.73
      ],
      [
       -125.04,
       -50.43
      ],
      [
       -126.63,
       -42.26
      ],
      [
       -121.98,
       -40.22
      ],
      [
       -124.25,
       -35.38
      ],
      [
       -127.51,
       -31.06
      ],
      [
       -131.48,
       -27.6
      ],
      [
       -136.07,
       -25.01
      ],
      [
       -141.25,
       -23.38
      ],
      [
       -146.65,
       -22.87
      ],
      [
       -152.04,
       -23.49
      ],
      [
       -156.89,
       -25.09
      ],
      [
       -161.53,
       -27.75
      ],
      [
       -165.96,
       -31.82
      ],
      [
       -168.96,
       -36.1
      ],
      [
       -171.02,
       -40.89
      ],
      [
       -172.56,
       -47.76
      ],
      [
       -189.67,
       -46.69
      ],
      [
       -190.46,
       -63.27
      ],
      [
       -197.12,
       -64.19
      ]
     ]
    ]
   },
   "geometry": {
    "type": "Polygon",
    "coordinates": [
     [
      [
       -3.6963282,
       40.4879766
      ],
      [
       -3.6963851,
       40.4879891
      ],
      [
       -3.6964375,
       40.4880098
      ],
      [
       -3.6964948,
       40.4880466
      ],
      [
       -3.6965327,
       40.4880855
      ],
      [
       -3.6965581,
       40.4881276
      ],
      [
       -3.6965718,
       40.4881723
      ],
      [
       -3.6965735,
       40.4882178
      ],
      [
       -3.6965635,
       40.4882625
      ],
      [
       -3.6965421,
       40.4883046
      ],
      [
       -3.6965104,
       40.4883426
      ],
      [
       -3.6964695,
       40.4883752
      ],
      [
       -3.6963844,
       40.4884143
      ],
      [
       -3.696366,
       40.4883734
      ],
      [
       -3.696317,
       40.4883865
      ],
      [
       -3.6962508,
       40.4883914
      ],
      [
       -3.6961928,
       40.4883845
      ],
      [
       -3.6961374,
       40.4883669
      ],
      [
       -3.6960888,
       40.4883393
      ],
      [
       -3.6960503,
       40.4883034
      ],
      [
       -3.6960247,
       40.4882618
      ],
      [
       -3.6960177,
       40.4882285
      ],
      [
       -3.6957596,
       40.4882358
      ],
      [
       -3.6957406,
       40.4880577
      ],
      [
       -3.6957202,
       40.4880596
      ],
      [
       -3.6956581,
       40.4880529
      ],
      [
       -3.6956153,
       40.4880407
      ],
      [
       -3.695562,
       40.4880141
      ],
      [
       -3.6955202,
       40.4879789
      ],
      [
       -3.6954951,
       40.4879443
      ],
      [
       -3.6954788,
       40.4879006
      ],
      [
       -3.6954769,
       40.487853
      ],
      [
       -3.6954957,
       40.4877796
      ],
      [
       -3.6954408,
       40.4877613
      ],
      [
       -3.6954676,
       40.4877178
      ],
      [
       -3.6955061,
       40.487679
      ],
      [
       -3.6955529,
       40.4876479
      ],
      [
       -3.6956072,
       40.4876247
      ],
      [
       -3.6956684,
       40.48761
      ],
      [
       -3.6957321,
       40.4876054
      ],
      [
       -3.6957958,
       40.487611
      ],
      [
       -3.6958531,
       40.4876254
      ],
      [
       -3.6959079,
       40.4876493
      ],
      [
       -3.6959602,
       40.4876858
      ],
      [
       -3.6959956,
       40.4877243
      ],
      [
       -3.69602,
       40.4877673
      ],
      [
       -3.6960382,
       40.487829
      ],
      [
       -3.6962403,
       40.4878194
      ],
      [
       -3.6962496,
       40.4879684
      ],
      [
       -3.6963282,
       40.4879766
      ]
     ]
    ]
   }
  },
  {
   "type": "Feature",
   "properties": {
    "osm": "way/1132593942",
    "electrified": "contact_line",
    "frequency": "0",
    "gauge": "1668",
    "maxspeed": "100",
    "name": "Línea Madrid-Hendaya",
    "railway": "rail",
    "railway:etcs": "2",
    "ref": "100",
    "usage": "main",
    "voltage": "3000",
    "xy": [
     [
      -297.6,
      -289.25
     ],
     [
      -269.99,
      -246.3
     ],
     [
      -261.13,
      -233.54
     ],
     [
      -255.97,
      -226.08
     ],
     [
      -242.58,
      -210.41
     ],
     [
      -234.6,
      -201.8
     ],
     [
      -225.26,
      -192.49
     ],
     [
      -212.65,
      -180.66
     ],
     [
      -198.75,
      -168.32
     ],
     [
      -183.89,
      -156.89
     ],
     [
      -171.19,
      -147.98
     ],
     [
      -152.72,
      -136.2
     ],
     [
      -138.51,
      -128.12
     ],
     [
      -112.12,
      -114.86
     ],
     [
      -97.84,
      -109.0
     ],
     [
      -76.05,
      -100.73
     ],
     [
      -73.31,
      -99.89
     ],
     [
      -48.19,
      -92.33
     ],
     [
      -32.73,
      -89.06
     ],
     [
      -19.36,
      -86.74
     ],
     [
      -6.13,
      -84.73
     ],
     [
      8.64,
      -82.87
     ],
     [
      21.23,
      -81.72
     ],
     [
      36.07,
      -81.03
     ],
     [
      54.63,
      -80.45
     ],
     [
      79.65,
      -80.6
     ],
     [
      102.38,
      -81.11
     ],
     [
      158.56,
      -83.42
     ],
     [
      194.89,
      -84.31
     ]
    ]
   },
   "geometry": {
    "type": "LineString",
    "coordinates": [
     [
      -3.6975151,
      40.4899984
     ],
     [
      -3.697189,
      40.4896125
     ],
     [
      -3.6970843,
      40.4894979
     ],
     [
      -3.6970233,
      40.4894309
     ],
     [
      -3.6968652,
      40.4892901
     ],
     [
      -3.696771,
      40.4892128
     ],
     [
      -3.6966606,
      40.4891292
     ],
     [
      -3.6965117,
      40.4890229
     ],
     [
      -3.6963475,
      40.488912
     ],
     [
      -3.696172,
      40.4888094
     ],
     [
      -3.696022,
      40.4887293
     ],
     [
      -3.6958038,
      40.4886235
     ],
     [
      -3.695636,
      40.4885509
     ],
     [
      -3.6953243,
      40.4884318
     ],
     [
      -3.6951556,
      40.4883792
     ],
     [
      -3.6948983,
      40.4883049
     ],
     [
      -3.6948659,
      40.4882973
     ],
     [
      -3.6945692,
      40.4882294
     ],
     [
      -3.6943866,
      40.4882
     ],
     [
      -3.6942287,
      40.4881792
     ],
     [
      -3.6940724,
      40.4881611
     ],
     [
      -3.6938979,
      40.4881444
     ],
     [
      -3.6937493,
      40.4881341
     ],
     [
      -3.693574,
      40.4881279
     ],
     [
      -3.6933548,
      40.4881227
     ],
     [
      -3.6930592,
      40.488124
     ],
     [
      -3.6927908,
      40.4881286
     ],
     [
      -3.6921272,
      40.4881494
     ],
     [
      -3.6916981,
      40.4881574
     ]
    ]
   }
  },
  {
   "type": "Feature",
   "properties": {
    "osm": "way/1132593943",
    "electrified": "contact_line",
    "frequency": "0",
    "gauge": "1668",
    "maxspeed": "100",
    "name": "Línea Madrid-Hendaya",
    "railway": "rail",
    "railway:etcs": "2",
    "ref": "100",
    "usage": "main",
    "voltage": "3000",
    "xy": [
     [
      195.46,
      -80.43
     ],
     [
      157.15,
      -79.39
     ],
     [
      131.31,
      -78.89
     ],
     [
      86.58,
      -77.4
     ],
     [
      51.54,
      -77.09
     ],
     [
      36.41,
      -77.36
     ],
     [
      12.56,
      -79.24
     ],
     [
      -15.5,
      -82.02
     ],
     [
      -51.1,
      -89.63
     ],
     [
      -69.17,
      -94.81
     ],
     [
      -90.58,
      -101.94
     ],
     [
      -103.61,
      -107.11
     ],
     [
      -123.07,
      -115.64
     ],
     [
      -136.35,
      -122.74
     ],
     [
      -154.92,
      -132.9
     ],
     [
      -165.57,
      -139.55
     ],
     [
      -179.18,
      -148.87
     ],
     [
      -192.14,
      -158.24
     ],
     [
      -208.31,
      -171.6
     ],
     [
      -220.12,
      -181.76
     ],
     [
      -227.49,
      -189.05
     ],
     [
      -241.24,
      -203.15
     ],
     [
      -247.21,
      -209.74
     ],
     [
      -257.64,
      -222.01
     ],
     [
      -267.62,
      -235.03
     ],
     [
      -274.15,
      -244.43
     ],
     [
      -301.18,
      -287.98
     ]
    ]
   },
   "geometry": {
    "type": "LineString",
    "coordinates": [
     [
      -3.6916913,
      40.4881225
     ],
     [
      -3.6921439,
      40.4881132
     ],
     [
      -3.692449,
      40.4881087
     ],
     [
      -3.6929774,
      40.4880953
     ],
     [
      -3.6933913,
      40.4880925
     ],
     [
      -3.69357,
      40.4880949
     ],
     [
      -3.6938517,
      40.4881118
     ],
     [
      -3.6941831,
      40.4881368
     ],
     [
      -3.6946036,
      40.4882052
     ],
     [
      -3.694817,
      40.4882517
     ],
     [
      -3.6950699,
      40.4883157
     ],
     [
      -3.6952238,
      40.4883622
     ],
     [
      -3.6954536,
      40.4884388
     ],
     [
      -3.6956105,
      40.4885026
     ],
     [
      -3.6958298,
      40.4885939
     ],
     [
      -3.6959556,
      40.4886536
     ],
     [
      -3.6961164,
      40.4887373
     ],
     [
      -3.6962694,
      40.4888215
     ],
     [
      -3.6964604,
      40.4889415
     ],
     [
      -3.6965999,
      40.4890328
     ],
     [
      -3.696687,
      40.4890983
     ],
     [
      -3.6968494,
      40.4892249
     ],
     [
      -3.6969199,
      40.4892841
     ],
     [
      -3.6970431,
      40.4893943
     ],
     [
      -3.6971609,
      40.4895113
     ],
     [
      -3.6972381,
      40.4895957
     ],
     [
      -3.6975574,
      40.489987
     ]
    ]
   }
  },
  {
   "type": "Feature",
   "properties": {
    "osm": "way/1173637438",
    "highway": "motorway",
    "lanes": "3",
    "maxspeed": "70",
    "name": "Autovía de Colmenar",
    "oneway": "yes",
    "ref": "M-607",
    "surface": "asphalt",
    "turn:lanes": "through|through|slight_right",
    "xy": [
     [
      10.02,
      206.75
     ],
     [
      87.41,
      240.81
     ]
    ]
   },
   "geometry": {
    "type": "LineString",
    "coordinates": [
     [
      -3.6938816,
      40.4855427
     ],
     [
      -3.6929676,
      40.4852368
     ]
    ]
   }
  },
  {
   "type": "Feature",
   "properties": {
    "osm": "way/1173637439",
    "bridge": "yes",
    "highway": "motorway",
    "lanes": "3",
    "layer": "1",
    "maxspeed": "70",
    "name": "Autovía de Colmenar",
    "oneway": "yes",
    "ref": "M-607",
    "surface": "asphalt",
    "turn:lanes": "through|through|slight_right",
    "xy": [
     [
      -50.45,
      173.95
     ],
     [
      10.02,
      206.75
     ]
    ]
   },
   "geometry": {
    "type": "LineString",
    "coordinates": [
     [
      -3.6945959,
      40.4858374
     ],
     [
      -3.6938816,
      40.4855427
     ]
    ]
   }
  },
  {
   "type": "Feature",
   "properties": {
    "osm": "way/1173637440",
    "bridge": "yes",
    "highway": "motorway",
    "lanes": "3",
    "layer": "1",
    "maxspeed": "90",
    "name": "Autovía de Colmenar",
    "oneway": "yes",
    "ref": "M-607",
    "source:maxspeed": "sign",
    "surface": "asphalt",
    "turn:lanes": "through|through;right|right",
    "xy": [
     [
      33.4,
      199.5
     ],
     [
      -16.66,
      171.47
     ]
    ]
   },
   "geometry": {
    "type": "LineString",
    "coordinates": [
     [
      -3.6936055,
      40.4856079
     ],
     [
      -3.6941968,
      40.4858597
     ]
    ]
   }
  },
  {
   "type": "Feature",
   "properties": {
    "osm": "way/1176447925",
    "highway": "motorway",
    "lanes": "3",
    "name": "Autovía de Colmenar",
    "oneway": "yes",
    "ref": "M-607",
    "surface": "asphalt",
    "turn:lanes": "through|through;right|right",
    "xy": [
     [
      162.81,
      268.72
     ],
     [
      95.32,
      233.02
     ],
     [
      33.4,
      199.5
     ]
    ]
   },
   "geometry": {
    "type": "LineString",
    "coordinates": [
     [
      -3.692077,
      40.4849861
     ],
     [
      -3.6928741,
      40.4853068
     ],
     [
      -3.6936055,
      40.4856079
     ]
    ]
   }
  },
  {
   "type": "Feature",
   "properties": {
    "osm": "way/1225527327",
    "cycleway:both": "no",
    "highway": "residential",
    "lanes": "2",
    "lit": "yes",
    "name": "Calle de Virgen de Aránzazu",
    "oneway": "yes",
    "postal_code": "28034",
    "sidewalk:both": "separate",
    "smoothness": "excellent",
    "surface": "asphalt",
    "xy": [
     [
      382.31,
      48.66
     ],
     [
      380.67,
      51.95
     ],
     [
      380.35,
      52.63
     ],
     [
      367.98,
      83.75
     ],
     [
      363.62,
      95.51
     ],
     [
      353.77,
      120.06
     ],
     [
      349.23,
      131.07
     ],
     [
      345.1,
      141.67
     ],
     [
      343.31,
      146.22
     ],
     [
      340.49,
      153.33
     ],
     [
      335.95,
      164.74
     ],
     [
      335.63,
      165.67
     ],
     [
      331.73,
      176.13
     ],
     [
      327.5,
      188.7
     ],
     [
      325.94,
      197.89
     ],
     [
      336.21,
      203.87
     ]
    ]
   },
   "geometry": {
    "type": "LineString",
    "coordinates": [
     [
      -3.6894844,
      40.4869629
     ],
     [
      -3.6895038,
      40.4869333
     ],
     [
      -3.6895075,
      40.4869272
     ],
     [
      -3.6896536,
      40.4866477
     ],
     [
      -3.6897052,
      40.486542
     ],
     [
      -3.6898215,
      40.4863215
     ],
     [
      -3.6898751,
      40.4862226
     ],
     [
      -3.6899239,
      40.4861274
     ],
     [
      -3.6899451,
      40.4860865
     ],
     [
      -3.6899783,
      40.4860226
     ],
     [
      -3.690032,
      40.4859201
     ],
     [
      -3.6900357,
      40.4859118
     ],
     [
      -3.6900818,
      40.4858178
     ],
     [
      -3.6901318,
      40.4857049
     ],
     [
      -3.6901502,
      40.4856223
     ],
     [
      -3.6900289,
      40.4855686
     ]
    ]
   }
  },
  {
   "type": "Feature",
   "properties": {
    "osm": "way/1225527330",
    "highway": "footway",
    "lit": "yes",
    "name": "Calle Virgen de Aránzazu",
    "oneway": "no",
    "smoothness": "good",
    "surface": "paving_stones",
    "xy": [
     [
      388.41,
      206.08
     ],
     [
      357.14,
      187.05
     ],
     [
      353.62,
      193.31
     ],
     [
      338.85,
      183.52
     ],
     [
      333.42,
      193.49
     ],
     [
      338.25,
      196.49
     ],
     [
      342.03,
      198.81
     ],
     [
      343.27,
      200.05
     ],
     [
      343.42,
      200.78
     ]
    ]
   },
   "geometry": {
    "type": "LineString",
    "coordinates": [
     [
      -3.6894123,
      40.4855488
     ],
     [
      -3.6897817,
      40.4857197
     ],
     [
      -3.6898233,
      40.4856635
     ],
     [
      -3.6899977,
      40.4857514
     ],
     [
      -3.6900618,
      40.4856619
     ],
     [
      -3.6900048,
      40.4856349
     ],
     [
      -3.6899602,
      40.4856141
     ],
     [
      -3.6899455,
      40.4856029
     ],
     [
      -3.6899437,
      40.4855964
     ]
    ]
   }
  },
  {
   "type": "Feature",
   "properties": {
    "osm": "way/1225527332",
    "footway": "sidewalk",
    "highway": "footway",
    "lit": "yes",
    "name": "Calle Virgen de Aránzazu",
    "smoothness": "good",
    "surface": "paving_stones",
    "xy": [
     [
      341.51,
      172.7
     ],
     [
      339.49,
      176.87
     ],
     [
      336.09,
      181.63
     ],
     [
      332.03,
      190.61
     ],
     [
      331.11,
      192.87
     ],
     [
      331.6,
      194.26
     ],
     [
      333.93,
      195.08
     ],
     [
      343.42,
      200.78
     ],
     [
      348.44,
      203.33
     ],
     [
      349.29,
      203.38
     ],
     [
      350.1,
      203.14
     ],
     [
      352.97,
      198.35
     ],
     [
      354.29,
      199.12
     ],
     [
      360.08,
      202.75
     ],
     [
      374.99,
      211.79
     ],
     [
      382.87,
      216.37
     ]
    ]
   },
   "geometry": {
    "type": "LineString",
    "coordinates": [
     [
      -3.6899663,
      40.4858486
     ],
     [
      -3.6899902,
      40.4858112
     ],
     [
      -3.6900303,
      40.4857684
     ],
     [
      -3.6900783,
      40.4856877
     ],
     [
      -3.6900892,
      40.4856674
     ],
     [
      -3.6900833,
      40.4856549
     ],
     [
      -3.6900558,
      40.4856476
     ],
     [
      -3.6899437,
      40.4855964
     ],
     [
      -3.6898845,
      40.4855735
     ],
     [
      -3.6898744,
      40.485573
     ],
     [
      -3.6898648,
      40.4855752
     ],
     [
      -3.6898309,
      40.4856182
     ],
     [
      -3.6898153,
      40.4856113
     ],
     [
      -3.689747,
      40.4855787
     ],
     [
      -3.6895709,
      40.4854975
     ],
     [
      -3.6894778,
      40.4854563
     ]
    ]
   }
  },
  {
   "type": "Feature",
   "properties": {
    "osm": "way/1225527367",
    "crossing": "uncontrolled",
    "crossing:island": "no",
    "crossing:markings": "zebra",
    "footway": "crossing",
    "highway": "footway",
    "lit": "yes",
    "smoothness": "excellent",
    "surface": "asphalt",
    "tactile_paving": "yes",
    "xy": [
     [
      324.44,
      187.38
     ],
     [
      327.5,
      188.7
     ],
     [
      330.06,
      189.87
     ]
    ]
   },
   "geometry": {
    "type": "LineString",
    "coordinates": [
     [
      -3.6901679,
      40.4857167
     ],
     [
      -3.6901318,
      40.4857049
     ],
     [
      -3.6901015,
      40.4856944
     ]
    ]
   }
  },
  {
   "type": "Feature",
   "properties": {
    "osm": "way/1225527369",
    "cycleway:both": "no",
    "highway": "residential",
    "lanes": "1",
    "lit": "yes",
    "maxspeed:type": "ES:urban",
    "name": "Calle de Virgen de Aránzazu",
    "oneway": "yes",
    "postal_code": "28034",
    "sidewalk:both": "separate",
    "smoothness": "excellent",
    "surface": "asphalt",
    "xy": [
     [
      336.21,
      203.87
     ],
     [
      368.6,
      222.58
     ],
     [
      372.74,
      225.02
     ],
     [
      375.79,
      227.83
     ],
     [
      377.02,
      231.52
     ],
     [
      373.49,
      277.91
     ],
     [
      372.79,
      290.83
     ],
     [
      373.91,
      301.47
     ],
     [
      374.2,
      304.2
     ],
     [
      377.17,
      311.42
     ],
     [
      379.93,
      317.45
     ]
    ]
   },
   "geometry": {
    "type": "LineString",
    "coordinates": [
     [
      -3.6900289,
      40.4855686
     ],
     [
      -3.6896463,
      40.4854005
     ],
     [
      -3.6895974,
      40.4853786
     ],
     [
      -3.6895614,
      40.4853534
     ],
     [
      -3.6895469,
      40.4853202
     ],
     [
      -3.6895886,
      40.4849035
     ],
     [
      -3.6895968,
      40.4847874
     ],
     [
      -3.6895836,
      40.4846919
     ],
     [
      -3.6895802,
      40.4846673
     ],
     [
      -3.6895451,
      40.4846025
     ],
     [
      -3.6895125,
      40.4845483
     ]
    ]
   }
  },
  {
   "type": "Feature",
   "properties": {
    "osm": "way/1225527375",
    "footway": "sidewalk",
    "highway": "footway",
    "lit": "yes",
    "name": "Calle Virgen de Aránzazu",
    "smoothness": "good",
    "surface": "paving_stones",
    "xy": [
     [
      298.81,
      207.04
     ],
     [
      301.96,
      208.99
     ],
     [
      309.8,
      213.59
     ],
     [
      314.1,
      216.41
     ],
     [
      320.83,
      213.78
     ],
     [
      330.33,
      212.64
     ],
     [
      337.23,
      215.14
     ],
     [
      339.75,
      210.9
     ],
     [
      364.12,
      225.45
     ],
     [
      366.4,
      226.71
     ],
     [
      368.92,
      228.28
     ],
     [
      372.73,
      230.47
     ],
     [
      373.23,
      232.88
     ],
     [
      370.42,
      257.1
     ],
     [
      368.72,
      270.47
     ],
     [
      368.2,
      276.2
     ],
     [
      367.86,
      280.89
     ],
     [
      365.63,
      284.17
     ],
     [
      366.14,
      301.51
     ]
    ]
   },
   "geometry": {
    "type": "LineString",
    "coordinates": [
     [
      -3.6904706,
      40.4855401
     ],
     [
      -3.6904334,
      40.4855226
     ],
     [
      -3.6903409,
      40.4854813
     ],
     [
      -3.6902901,
      40.485456
     ],
     [
      -3.6902106,
      40.4854796
     ],
     [
      -3.6900983,
      40.4854898
     ],
     [
      -3.6900169,
      40.4854674
     ],
     [
      -3.6899871,
      40.4855055
     ],
     [
      -3.6896992,
      40.4853748
     ],
     [
      -3.6896723,
      40.4853634
     ],
     [
      -3.6896426,
      40.4853493
     ],
     [
      -3.6895976,
      40.4853297
     ],
     [
      -3.6895916,
      40.485308
     ],
     [
      -3.6896248,
      40.4850904
     ],
     [
      -3.6896449,
      40.4849703
     ],
     [
      -3.689651,
      40.4849189
     ],
     [
      -3.6896551,
      40.4848767
     ],
     [
      -3.6896814,
      40.4848473
     ],
     [
      -3.6896754,
      40.4846915
     ]
    ]
   }
  },
  {
   "type": "Feature",
   "properties": {
    "osm": "way/1225527385",
    "crossing": "unmarked",
    "crossing:island": "no",
    "crossing:markings": "no",
    "footway": "crossing",
    "highway": "footway",
    "lit": "yes",
    "smoothness": "good",
    "surface": "asphalt",
    "tactile_paving": "yes",
    "xy": [
     [
      311.19,
      207.66
     ],
     [
      311.83,
      205.25
     ],
     [
      313.38,
      199.45
     ],
     [
      314.2,
      196.68
     ]
    ]
   },
   "geometry": {
    "type": "LineString",
    "coordinates": [
     [
      -3.6903244,
      40.4855346
     ],
     [
      -3.6903169,
      40.4855562
     ],
     [
      -3.6902986,
      40.4856083
     ],
     [
      -3.6902889,
      40.4856332
     ]
    ]
   }
  },
  {
   "type": "Feature",
   "properties": {
    "osm": "way/1225527386",
    "highway": "footway",
    "lit": "yes",
    "smoothness": "good",
    "surface": "paving_stones",
    "xy": [
     [
      314.1,
      216.41
     ],
     [
      320.79,
      220.26
     ],
     [
      330.39,
      225.78
     ],
     [
      337.23,
      215.14
     ]
    ]
   },
   "geometry": {
    "type": "LineString",
    "coordinates": [
     [
      -3.6902901,
      40.485456
     ],
     [
      -3.690211,
      40.4854214
     ],
     [
      -3.6900976,
      40.4853718
     ],
     [
      -3.6900169,
      40.4854674
     ]
    ]
   }
  },
  {
   "type": "Feature",
   "properties": {
    "osm": "way/1225527387",
    "footway": "sidewalk",
    "highway": "footway",
    "lit": "yes",
    "smoothness": "excellent",
    "surface": "paving_stones",
    "tactile_paving": "yes",
    "xy": [
     [
      309.8,
      213.59
     ],
     [
      311.19,
      207.66
     ]
    ]
   },
   "geometry": {
    "type": "LineString",
    "coordinates": [
     [
      -3.6903409,
      40.4854813
     ],
     [
      -3.6903244,
      40.4855346
     ]
    ]
   }
  },
  {
   "type": "Feature",
   "properties": {
    "osm": "way/1225639447",
    "footway": "sidewalk",
    "highway": "footway",
    "lit": "yes",
    "smoothness": "good",
    "surface": "paving_stones",
    "xy": [
     [
      321.27,
      175.85
     ],
     [
      323.69,
      178.82
     ],
     [
      324.05,
      180.19
     ],
     [
      322.21,
      186.2
     ],
     [
      318.38,
      191.58
     ],
     [
      316.45,
      191.47
     ],
     [
      309.35,
      187.02
     ],
     [
      294.09,
      177.44
     ],
     [
      287.79,
      173.69
     ],
     [
      284.39,
      178.92
     ],
     [
      276.2,
      174.1
     ],
     [
      266.86,
      168.62
     ],
     [
      266.53,
      166.58
     ],
     [
      267.87,
      163.81
     ],
     [
      271.76,
      156.87
     ],
     [
      285.83,
      164.59
     ],
     [
      290.38,
      157.14
     ],
     [
      321.27,
      175.85
     ]
    ]
   },
   "geometry": {
    "type": "LineString",
    "coordinates": [
     [
      -3.6902054,
      40.4858203
     ],
     [
      -3.6901768,
      40.4857936
     ],
     [
      -3.6901725,
      40.4857813
     ],
     [
      -3.6901943,
      40.4857273
     ],
     [
      -3.6902395,
      40.485679
     ],
     [
      -3.6902623,
      40.48568
     ],
     [
      -3.6903462,
      40.48572
     ],
     [
      -3.6905264,
      40.485806
     ],
     [
      -3.6906008,
      40.4858397
     ],
     [
      -3.690641,
      40.4857927
     ],
     [
      -3.6907377,
      40.485836
     ],
     [
      -3.690848,
      40.4858853
     ],
     [
      -3.6908519,
      40.4859036
     ],
     [
      -3.6908361,
      40.4859285
     ],
     [
      -3.6907901,
      40.4859908
     ],
     [
      -3.690624,
      40.4859215
     ],
     [
      -3.6905702,
      40.4859884
     ],
     [
      -3.6902054,
      40.4858203
     ]
    ]
   }
  },
  {
   "type": "Feature",
   "properties": {
    "osm": "way/1225639448",
    "footway": "sidewalk",
    "highway": "footway",
    "lit": "yes",
    "smoothness": "good",
    "surface": "paving_stones",
    "xy": [
     [
      314.2,
      196.68
     ],
     [
      316.45,
      191.47
     ]
    ]
   },
   "geometry": {
    "type": "LineString",
    "coordinates": [
     [
      -3.6902889,
      40.4856332
     ],
     [
      -3.6902623,
      40.48568
     ]
    ]
   }
  },
  {
   "type": "Feature",
   "properties": {
    "osm": "way/1225639449",
    "footway": "sidewalk",
    "highway": "footway",
    "lit": "yes",
    "name": "Calle Virgen de Aránzazu",
    "smoothness": "good",
    "surface": "paving_stones",
    "xy": [
     [
      300.36,
      -0.17
     ],
     [
      272.72,
      48.27
     ],
     [
      270.25,
      61.0
     ],
     [
      271.01,
      72.89
     ],
     [
      270.43,
      114.48
     ],
     [
      266.79,
      145.56
     ],
     [
      261.5,
      160.89
     ],
     [
      259.89,
      162.77
     ],
     [
      252.77,
      158.42
     ],
     [
      248.29,
      155.68
     ],
     [
      245.59,
      161.0
     ],
     [
      239.9,
      172.19
     ],
     [
      240.94,
      172.8
     ],
     [
      256.11,
      181.76
     ],
     [
      257.74,
      182.72
     ],
     [
      258.31,
      183.04
     ],
     [
      293.18,
      203.64
     ]
    ]
   },
   "geometry": {
    "type": "LineString",
    "coordinates": [
     [
      -3.6904523,
      40.4874015
     ],
     [
      -3.6907788,
      40.4869664
     ],
     [
      -3.690808,
      40.486852
     ],
     [
      -3.690799,
      40.4867452
     ],
     [
      -3.6908058,
      40.4863716
     ],
     [
      -3.6908489,
      40.4860924
     ],
     [
      -3.6909113,
      40.4859547
     ],
     [
      -3.6909304,
      40.4859378
     ],
     [
      -3.6910145,
      40.4859769
     ],
     [
      -3.6910673,
      40.4860015
     ],
     [
      -3.6910992,
      40.4859537
     ],
     [
      -3.6911665,
      40.4858532
     ],
     [
      -3.6911542,
      40.4858477
     ],
     [
      -3.690975,
      40.4857672
     ],
     [
      -3.6909558,
      40.4857586
     ],
     [
      -3.690949,
      40.4857557
     ],
     [
      -3.6905372,
      40.4855707
     ]
    ]
   }
  },
  {
   "type": "Feature",
   "properties": {
    "osm": "way/1225639450",
    "crossing": "uncontrolled",
    "crossing:markings": "yes",
    "footway": "crossing",
    "highway": "footway",
    "surface": "asphalt",
    "xy": [
     [
      301.57,
      0.61
     ],
     [
      304.18,
      2.13
     ],
     [
      306.43,
      3.48
     ]
    ]
   },
   "geometry": {
    "type": "LineString",
    "coordinates": [
     [
      -3.6904381,
      40.4873945
     ],
     [
      -3.6904072,
      40.4873809
     ],
     [
      -3.6903807,
      40.4873687
     ]
    ]
   }
  },
  {
   "type": "Feature",
   "properties": {
    "osm": "way/1225639451",
    "highway": "service",
    "service": "parking_aisle",
    "surface": "asphalt",
    "xy": [
     [
      261.4,
      169.82
     ],
     [
      249.95,
      163.44
     ],
     [
      252.18,
      159.47
     ],
     [
      252.77,
      158.42
     ],
     [
      253.98,
      156.22
     ]
    ]
   },
   "geometry": {
    "type": "LineString",
    "coordinates": [
     [
      -3.6909125,
      40.4858745
     ],
     [
      -3.6910477,
      40.4859318
     ],
     [
      -3.6910214,
      40.4859675
     ],
     [
      -3.6910145,
      40.4859769
     ],
     [
      -3.6910002,
      40.4859967
     ]
    ]
   }
  },
  {
   "type": "Feature",
   "properties": {
    "osm": "way/1225639452",
    "access": "yes",
    "amenity": "parking",
    "capacity": "3",
    "capacity:disabled": "3",
    "fee": "no",
    "orientation": "perpendicular",
    "parking": "street_side",
    "surface": "asphalt",
    "xy": [
     [
      [
       249.71,
       175.33
      ],
      [
       252.38,
       170.89
      ],
      [
       245.29,
       166.72
      ],
      [
       242.73,
       171.3
      ],
      [
       249.71,
       175.33
      ]
     ]
    ]
   },
   "geometry": {
    "type": "Polygon",
    "coordinates": [
     [
      [
       -3.6910506,
       40.485825
      ],
      [
       -3.691019,
       40.4858649
      ],
      [
       -3.6911028,
       40.4859023
      ],
      [
       -3.691133,
       40.4858612
      ],
      [
       -3.6910506,
       40.485825
      ]
     ]
    ]
   }
  },
  {
   "type": "Feature",
   "properties": {
    "osm": "way/1225639454",
    "access": "yes",
    "amenity": "parking",
    "capacity": "13",
    "capacity:disabled": "13",
    "fee": "no",
    "orientation": "diagonal",
    "parking": "street_side",
    "surface": "asphalt",
    "xy": [
     [
      [
       270.68,
       176.5
      ],
      [
       264.8,
       178.21
      ],
      [
       270.61,
       181.66
      ],
      [
       302.34,
       200.93
      ],
      [
       307.58,
       198.95
      ],
      [
       270.68,
       176.5
      ]
     ]
    ]
   },
   "geometry": {
    "type": "Polygon",
    "coordinates": [
     [
      [
       -3.6908029,
       40.4858145
      ],
      [
       -3.6908724,
       40.4857991
      ],
      [
       -3.6908037,
       40.4857681
      ],
      [
       -3.690429,
       40.485595
      ],
      [
       -3.6903671,
       40.4856128
      ],
      [
       -3.6908029,
       40.4858145
      ]
     ]
    ]
   }
  },
  {
   "type": "Feature",
   "properties": {
    "osm": "way/1225639455",
    "footway": "sidewalk",
    "highway": "footway",
    "lit": "yes",
    "smoothness": "good",
    "surface": "paving_stones",
    "xy": [
     [
      271.76,
      156.87
     ],
     [
      273.11,
      150.65
     ],
     [
      275.24,
      139.12
     ],
     [
      276.11,
      134.32
     ],
     [
      280.09,
      136.77
     ],
     [
      281.24,
      129.1
     ],
     [
      282.41,
      115.49
     ],
     [
      283.33,
      76.68
     ],
     [
      279.26,
      66.83
     ],
     [
      278.43,
      60.51
     ],
     [
      280.28,
      50.59
     ],
     [
      284.35,
      43.19
     ],
     [
      296.19,
      22.8
     ],
     [
      307.64,
      4.25
     ],
     [
      309.12,
      2.63
     ],
     [
      310.48,
      2.44
     ],
     [
      326.41,
      11.72
     ],
     [
      357.34,
      29.96
     ],
     [
      360.7,
      24.41
     ],
     [
      362.27,
      23.32
     ],
     [
      363.77,
      23.43
     ],
     [
      379.97,
      33.02
     ],
     [
      379.21,
      34.65
     ],
     [
      366.92,
      53.14
     ],
     [
      366.01,
      54.69
     ],
     [
      356.66,
      71.62
     ],
     [
      355.13,
      74.11
     ],
     [
      348.71,
      84.43
     ],
     [
      347.28,
      86.51
     ],
     [
      346.14,
      90.34
     ],
     [
      346.24,
      93.65
     ],
     [
      353.6,
      98.85
     ],
     [
      356.56,
      100.66
     ],
     [
      350.69,
      114.16
     ],
     [
      347.08,
      122.89
     ],
     [
      343.24,
      131.84
     ],
     [
      337.97,
      140.75
     ],
     [
      337.73,
      141.15
     ]
    ]
   },
   "geometry": {
    "type": "LineString",
    "coordinates": [
     [
      -3.6907901,
      40.4859908
     ],
     [
      -3.6907742,
      40.4860467
     ],
     [
      -3.6907491,
      40.4861503
     ],
     [
      -3.6907388,
      40.4861934
     ],
     [
      -3.6906918,
      40.4861714
     ],
     [
      -3.6906782,
      40.4862403
     ],
     [
      -3.6906644,
      40.4863625
     ],
     [
      -3.6906535,
      40.4867112
     ],
     [
      -3.6907016,
      40.4867997
     ],
     [
      -3.6907114,
      40.4868564
     ],
     [
      -3.6906895,
      40.4869455
     ],
     [
      -3.6906415,
      40.487012
     ],
     [
      -3.6905016,
      40.4871952
     ],
     [
      -3.6903664,
      40.4873618
     ],
     [
      -3.6903489,
      40.4873764
     ],
     [
      -3.6903328,
      40.4873781
     ],
     [
      -3.6901446,
      40.4872947
     ],
     [
      -3.6897793,
      40.4871309
     ],
     [
      -3.6897397,
      40.4871807
     ],
     [
      -3.6897211,
      40.4871905
     ],
     [
      -3.6897034,
      40.4871895
     ],
     [
      -3.689512,
      40.4871034
     ],
     [
      -3.689521,
      40.4870887
     ],
     [
      -3.6896662,
      40.4869226
     ],
     [
      -3.6896769,
      40.4869087
     ],
     [
      -3.6897874,
      40.4867566
     ],
     [
      -3.6898054,
      40.4867343
     ],
     [
      -3.6898813,
      40.4866416
     ],
     [
      -3.6898982,
      40.4866229
     ],
     [
      -3.6899116,
      40.4865885
     ],
     [
      -3.6899104,
      40.4865587
     ],
     [
      -3.6898235,
      40.486512
     ],
     [
      -3.6897885,
      40.4864958
     ],
     [
      -3.6898579,
      40.4863745
     ],
     [
      -3.6899005,
      40.4862961
     ],
     [
      -3.6899459,
      40.4862157
     ],
     [
      -3.6900081,
      40.4861356
     ],
     [
      -3.6900109,
      40.486132
     ]
    ]
   }
  },
  {
   "type": "Feature",
   "properties": {
    "osm": "way/1225639456",
    "footway": "sidewalk",
    "highway": "footway",
    "lit": "yes",
    "smoothness": "good",
    "surface": "paving_stones",
    "xy": [
     [
      335.41,
      145.13
     ],
     [
      291.69,
      119.44
     ],
     [
      290.97,
      120.59
     ],
     [
      284.4,
      131.03
     ],
     [
      299.49,
      140.15
     ],
     [
      302.7,
      134.86
     ],
     [
      331.25,
      152.09
     ],
     [
      334.05,
      153.78
     ],
     [
      327.48,
      163.43
     ],
     [
      298.31,
      145.55
     ],
     [
      295.14,
      150.79
     ],
     [
      278.7,
      140.82
     ],
     [
      276.16,
      145.63
     ],
     [
      273.11,
      150.65
     ]
    ]
   },
   "geometry": {
    "type": "LineString",
    "coordinates": [
     [
      -3.6900383,
      40.4860963
     ],
     [
      -3.6905547,
      40.4863271
     ],
     [
      -3.6905633,
      40.4863167
     ],
     [
      -3.6906408,
      40.4862229
     ],
     [
      -3.6904626,
      40.486141
     ],
     [
      -3.6904247,
      40.4861885
     ],
     [
      -3.6900875,
      40.4860338
     ],
     [
      -3.6900544,
      40.4860186
     ],
     [
      -3.690132,
      40.4859319
     ],
     [
      -3.6904766,
      40.4860925
     ],
     [
      -3.690514,
      40.4860454
     ],
     [
      -3.6907082,
      40.486135
     ],
     [
      -3.6907382,
      40.4860918
     ],
     [
      -3.6907742,
      40.4860467
     ]
    ]
   }
  },
  {
   "type": "Feature",
   "properties": {
    "osm": "way/1225639457",
    "crossing": "uncontrolled",
    "crossing:island": "no",
    "crossing:markings": "zebra",
    "footway": "crossing",
    "highway": "footway",
    "lit": "yes",
    "smoothness": "excellent",
    "surface": "asphalt",
    "tactile_paving": "yes",
    "xy": [
     [
      324.41,
      169.23
     ],
     [
      323.39,
      171.42
     ],
     [
      321.84,
      174.78
     ]
    ]
   },
   "geometry": {
    "type": "LineString",
    "coordinates": [
     [
      -3.6901683,
      40.4858798
     ],
     [
      -3.6901803,
      40.4858601
     ],
     [
      -3.6901986,
      40.4858299
     ]
    ]
   }
  },
  {
   "type": "Feature",
   "properties": {
    "osm": "way/1225639459",
    "crossing": "uncontrolled",
    "crossing:markings": "zebra",
    "footway": "crossing",
    "highway": "footway",
    "lit": "yes",
    "smoothness": "good",
    "surface": "asphalt",
    "xy": [
     [
      266.95,
      163.24
     ],
     [
      264.8,
      162.06
     ],
     [
      262.97,
      161.41
     ]
    ]
   },
   "geometry": {
    "type": "LineString",
    "coordinates": [
     [
      -3.6908469,
      40.4859336
     ],
     [
      -3.6908723,
      40.4859442
     ],
     [
      -3.690894,
      40.48595
     ]
    ]
   }
  },
  {
   "type": "Feature",
   "properties": {
    "osm": "way/1225639460",
    "highway": "footway",
    "lit": "yes",
    "smoothness": "good",
    "surface": "paving_stones",
    "xy": [
     [
      281.24,
      129.1
     ],
     [
      284.4,
      131.03
     ],
     [
      280.56,
      137.61
     ],
     [
      278.7,
      140.82
     ]
    ]
   },
   "geometry": {
    "type": "LineString",
    "coordinates": [
     [
      -3.6906782,
      40.4862403
     ],
     [
      -3.6906408,
      40.4862229
     ],
     [
      -3.6906862,
      40.4861638
     ],
     [
      -3.6907082,
      40.486135
     ]
    ]
   }
  },
  {
   "type": "Feature",
   "properties": {
    "osm": "way/1225639462",
    "highway": "footway",
    "lit": "yes",
    "smoothness": "good",
    "surface": "paving_stones",
    "xy": [
     [
      314.06,
      33.32
     ],
     [
      306.7,
      45.41
     ],
     [
      321.32,
      54.57
     ],
     [
      322.87,
      54.9
     ],
     [
      324.48,
      55.34
     ],
     [
      339.02,
      63.78
     ],
     [
      355.13,
      74.11
     ]
    ]
   },
   "geometry": {
    "type": "LineString",
    "coordinates": [
     [
      -3.6902905,
      40.4871007
     ],
     [
      -3.6903774,
      40.4869921
     ],
     [
      -3.6902048,
      40.4869098
     ],
     [
      -3.6901865,
      40.4869068
     ],
     [
      -3.6901674,
      40.4869029
     ],
     [
      -3.6899957,
      40.4868271
     ],
     [
      -3.6898054,
      40.4867343
     ]
    ]
   }
  },
  {
   "type": "Feature",
   "properties": {
    "osm": "way/1225639463",
    "highway": "footway",
    "lit": "yes",
    "smoothness": "good",
    "surface": "paving_stones",
    "xy": [
     [
      322.87,
      54.9
     ],
     [
      322.08,
      55.78
     ],
     [
      317.06,
      65.1
     ],
     [
      317.91,
      65.6
     ],
     [
      334.99,
      75.58
     ],
     [
      348.71,
      84.43
     ]
    ]
   },
   "geometry": {
    "type": "LineString",
    "coordinates": [
     [
      -3.6901865,
      40.4869068
     ],
     [
      -3.6901958,
      40.4868989
     ],
     [
      -3.6902551,
      40.4868152
     ],
     [
      -3.690245,
      40.4868107
     ],
     [
      -3.6900433,
      40.4867211
     ],
     [
      -3.6898813,
      40.4866416
     ]
    ]
   }
  },
  {
   "type": "Feature",
   "properties": {
    "osm": "way/1225639464",
    "highway": "footway",
    "lit": "yes",
    "smoothness": "good",
    "surface": "paving_stones",
    "xy": [
     [
      334.99,
      75.58
     ],
     [
      328.19,
      87.29
     ],
     [
      344.13,
      97.23
     ],
     [
      351.69,
      101.92
     ]
    ]
   },
   "geometry": {
    "type": "LineString",
    "coordinates": [
     [
      -3.6900433,
      40.4867211
     ],
     [
      -3.6901236,
      40.4866159
     ],
     [
      -3.6899353,
      40.4865266
     ],
     [
      -3.6898461,
      40.4864844
     ]
    ]
   }
  },
  {
   "type": "Feature",
   "properties": {
    "osm": "way/1225639470",
    "highway": "footway",
    "lit": "yes",
    "surface": "paving_stones",
    "xy": [
     [
      340.13,
      120.89
     ],
     [
      339.98,
      121.21
     ],
     [
      339.08,
      123.02
     ],
     [
      338.64,
      124.67
     ],
     [
      339.32,
      127.32
     ],
     [
      343.24,
      131.84
     ]
    ]
   },
   "geometry": {
    "type": "LineString",
    "coordinates": [
     [
      -3.6899826,
      40.486314
     ],
     [
      -3.6899844,
      40.4863112
     ],
     [
      -3.689995,
      40.4862949
     ],
     [
      -3.6900002,
      40.4862801
     ],
     [
      -3.6899922,
      40.4862563
     ],
     [
      -3.6899459,
      40.4862157
     ]
    ]
   }
  },
  {
   "type": "Feature",
   "properties": {
    "osm": "way/1225639474",
    "crossing": "uncontrolled",
    "crossing:island": "no",
    "crossing:markings": "zebra",
    "footway": "crossing",
    "highway": "footway",
    "smoothness": "excellent",
    "surface": "asphalt",
    "tactile_paving": "yes",
    "xy": [
     [
      334.95,
      145.96
     ],
     [
      333.31,
      148.67
     ],
     [
      331.92,
      150.99
     ]
    ]
   },
   "geometry": {
    "type": "LineString",
    "coordinates": [
     [
      -3.6900438,
      40.4860888
     ],
     [
      -3.6900632,
      40.4860645
     ],
     [
      -3.6900796,
      40.4860436
     ]
    ]
   }
  },
  {
   "type": "Feature",
   "properties": {
    "osm": "way/1225639476",
    "access": "yes",
    "amenity": "parking",
    "capacity": "4",
    "capacity:disabled": "4",
    "fee": "no",
    "parking": "street_side",
    "surface": "asphalt",
    "xy": [
     [
      [
       272.53,
       186.85
      ],
      [
       289.95,
       197.39
      ],
      [
       288.88,
       199.14
      ],
      [
       271.49,
       188.38
      ],
      [
       272.53,
       186.85
      ]
     ]
    ]
   },
   "geometry": {
    "type": "Polygon",
    "coordinates": [
     [
      [
       -3.6907811,
       40.4857215
      ],
      [
       -3.6905753,
       40.4856268
      ],
      [
       -3.6905879,
       40.4856111
      ],
      [
       -3.6907933,
       40.4857078
      ],
      [
       -3.6907811,
       40.4857215
      ]
     ]
    ]
   }
  },
  {
   "type": "Feature",
   "properties": {
    "osm": "way/1226008627",
    "footway": "sidewalk",
    "highway": "footway",
    "lit": "yes",
    "name": "Calle de San Modesto",
    "smoothness": "good",
    "surface": "paving_stones",
    "xy": [
     [
      360.03,
      308.41
     ],
     [
      360.76,
      306.83
     ],
     [
      361.39,
      305.31
     ],
     [
      299.75,
      271.24
     ],
     [
      257.76,
      251.0
     ],
     [
      176.41,
      213.48
     ],
     [
      159.41,
      205.05
     ]
    ]
   },
   "geometry": {
    "type": "LineString",
    "coordinates": [
     [
      -3.6897476,
      40.4846295
     ],
     [
      -3.6897389,
      40.4846437
     ],
     [
      -3.6897315,
      40.4846574
     ],
     [
      -3.6904596,
      40.4849634
     ],
     [
      -3.6909555,
      40.4851452
     ],
     [
      -3.6919163,
      40.4854823
     ],
     [
      -3.6921171,
      40.485558
     ]
    ]
   }
  },
  {
   "type": "Feature",
   "properties": {
    "osm": "way/1226008628",
    "footway": "sidewalk",
    "highway": "footway",
    "surface": "paving_stones",
    "xy": [
     [
      59.71,
      152.89
     ],
     [
      59.47,
      146.19
     ],
     [
      62.21,
      139.66
     ],
     [
      65.4,
      136.22
     ],
     [
      75.11,
      128.2
     ],
     [
      77.63,
      125.88
     ],
     [
      97.6,
      108.37
     ],
     [
      101.73,
      104.69
     ],
     [
      106.24,
      100.67
     ],
     [
      107.12,
      99.89
     ],
     [
      131.7,
      79.42
     ],
     [
      144.67,
      67.76
     ],
     [
      146.31,
      66.29
     ],
     [
      170.91,
      44.62
     ],
     [
      241.38,
      -17.48
     ],
     [
      261.6,
      -39.98
     ]
    ]
   },
   "geometry": {
    "type": "LineString",
    "coordinates": [
     [
      -3.6932947,
      40.4860266
     ],
     [
      -3.6932976,
      40.4860868
     ],
     [
      -3.6932652,
      40.4861454
     ],
     [
      -3.6932275,
      40.4861763
     ],
     [
      -3.6931128,
      40.4862484
     ],
     [
      -3.6930831,
      40.4862692
     ],
     [
      -3.6928472,
      40.4864265
     ],
     [
      -3.6927984,
      40.4864596
     ],
     [
      -3.6927452,
      40.4864957
     ],
     [
      -3.6927348,
      40.4865027
     ],
     [
      -3.6924445,
      40.4866866
     ],
     [
      -3.6922912,
      40.4867913
     ],
     [
      -3.6922719,
      40.4868045
     ],
     [
      -3.6919813,
      40.4869992
     ],
     [
      -3.691149,
      40.487557
     ],
     [
      -3.6909101,
      40.4877591
     ]
    ]
   }
  },
  {
   "type": "Feature",
   "properties": {
    "osm": "way/1226008629",
    "footway": "sidewalk",
    "highway": "footway",
    "name": "Calle de San Modesto",
    "surface": "paving_stones",
    "xy": [
     [
      141.77,
      197.16
     ],
     [
      139.93,
      197.29
     ],
     [
      120.64,
      187.74
     ],
     [
      101.12,
      178.5
     ],
     [
      86.94,
      172.12
     ]
    ]
   },
   "geometry": {
    "type": "LineString",
    "coordinates": [
     [
      -3.6923255,
      40.4856289
     ],
     [
      -3.6923472,
      40.4856277
     ],
     [
      -3.6925751,
      40.4857135
     ],
     [
      -3.6928056,
      40.4857965
     ],
     [
      -3.6929731,
      40.4858538
     ]
    ]
   }
  },
  {
   "type": "Feature",
   "properties": {
    "osm": "way/1226008630",
    "crossing": "uncontrolled",
    "crossing:island": "no",
    "crossing:markings": "zebra",
    "footway": "crossing",
    "highway": "footway",
    "lit": "yes",
    "name": "Calle de San Modesto",
    "smoothness": "excellent",
    "surface": "asphalt",
    "tactile_paving": "yes",
    "xy": [
     [
      154.12,
      203.4
     ],
     [
      149.64,
      201.26
     ],
     [
      146.09,
      199.69
     ],
     [
      142.02,
      197.88
     ]
    ]
   },
   "geometry": {
    "type": "LineString",
    "coordinates": [
     [
      -3.6921796,
      40.4855728
     ],
     [
      -3.6922326,
      40.4855921
     ],
     [
      -3.6922745,
      40.4856062
     ],
     [
      -3.6923225,
      40.4856224
     ]
    ]
   }
  },
  {
   "type": "Feature",
   "properties": {
    "osm": "way/1226008631",
    "footway": "sidewalk",
    "highway": "footway",
    "name": "Calle de San Modesto",
    "surface": "paving_stones",
    "xy": [
     [
      78.97,
      168.74
     ],
     [
      67.81,
      164.05
     ],
     [
      62.99,
      160.12
     ],
     [
      59.71,
      152.89
     ]
    ]
   },
   "geometry": {
    "type": "LineString",
    "coordinates": [
     [
      -3.6930672,
      40.4858842
     ],
     [
      -3.6931991,
      40.4859263
     ],
     [
      -3.693256,
      40.4859616
     ],
     [
      -3.6932947,
      40.4860266
     ]
    ]
   }
  },
  {
   "type": "Feature",
   "properties": {
    "osm": "way/1226008632",
    "crossing": "uncontrolled",
    "crossing:island": "no",
    "crossing:markings": "zebra",
    "footway": "crossing",
    "highway": "footway",
    "name": "Calle de San Modesto",
    "smoothness": "good",
    "surface": "paving_stones",
    "xy": [
     [
      86.94,
      172.12
     ],
     [
      78.97,
      168.74
     ]
    ]
   },
   "geometry": {
    "type": "LineString",
    "coordinates": [
     [
      -3.6929731,
      40.4858538
     ],
     [
      -3.6930672,
      40.4858842
     ]
    ]
   }
  },
  {
   "type": "Feature",
   "properties": {
    "osm": "way/1226008633",
    "crossing": "uncontrolled",
    "crossing:island": "yes",
    "crossing:markings": "zebra",
    "footway": "crossing",
    "highway": "footway",
    "surface": "asphalt",
    "tactile_paving": "yes",
    "xy": [
     [
      57.33,
      152.37
     ],
     [
      55.14,
      152.06
     ],
     [
      52.97,
      151.73
     ]
    ]
   },
   "geometry": {
    "type": "LineString",
    "coordinates": [
     [
      -3.6933229,
      40.4860312
     ],
     [
      -3.6933487,
      40.486034
     ],
     [
      -3.6933743,
      40.486037
     ]
    ]
   }
  },
  {
   "type": "Feature",
   "properties": {
    "osm": "way/1226008634",
    "crossing": "uncontrolled",
    "crossing:island": "yes",
    "crossing:markings": "zebra",
    "footway": "crossing",
    "highway": "footway",
    "surface": "asphalt",
    "tactile_paving": "yes",
    "xy": [
     [
      45.23,
      145.43
     ],
     [
      43.25,
      143.35
     ],
     [
      41.43,
      141.35
     ]
    ]
   },
   "geometry": {
    "type": "LineString",
    "coordinates": [
     [
      -3.6934658,
      40.4860936
     ],
     [
      -3.6934892,
      40.4861123
     ],
     [
      -3.6935107,
      40.4861302
     ]
    ]
   }
  },
  {
   "type": "Feature",
   "properties": {
    "osm": "way/1226008635",
    "crossing:island": "yes",
    "crossing:markings": "zebra",
    "footway": "traffic_island",
    "highway": "footway",
    "surface": "asphalt",
    "tactile_paving": "yes",
    "xy": [
     [
      52.97,
      151.73
     ],
     [
      45.23,
      145.43
     ]
    ]
   },
   "geometry": {
    "type": "LineString",
    "coordinates": [
     [
      -3.6933743,
      40.486037
     ],
     [
      -3.6934658,
      40.4860936
     ]
    ]
   }
  },
  {
   "type": "Feature",
   "properties": {
    "osm": "way/1226008636",
    "highway": "footway",
    "surface": "paving_stones",
    "xy": [
     [
      77.63,
      125.88
     ],
     [
      80.47,
      127.74
     ],
     [
      84.55,
      130.34
     ]
    ]
   },
   "geometry": {
    "type": "LineString",
    "coordinates": [
     [
      -3.6930831,
      40.4862692
     ],
     [
      -3.6930495,
      40.4862525
     ],
     [
      -3.6930013,
      40.4862291
     ]
    ]
   }
  },
  {
   "type": "Feature",
   "properties": {
    "osm": "way/1226008637",
    "highway": "service",
    "surface": "asphalt",
    "xy": [
     [
      131.95,
      143.17
     ],
     [
      126.58,
      140.23
     ],
     [
      125.19,
      139.41
     ],
     [
      106.24,
      129.49
     ]
    ]
   },
   "geometry": {
    "type": "LineString",
    "coordinates": [
     [
      -3.6924415,
      40.4861139
     ],
     [
      -3.6925049,
      40.4861403
     ],
     [
      -3.6925213,
      40.4861477
     ],
     [
      -3.6927452,
      40.4862368
     ]
    ]
   }
  },
  {
   "type": "Feature",
   "properties": {
    "osm": "way/1226008638",
    "footway": "sidewalk",
    "highway": "footway",
    "name": "Calle de San Modesto",
    "surface": "paving_stones",
    "xy": [
     [
      126.89,
      136.58
     ],
     [
      129.24,
      132.74
     ],
     [
      131.13,
      129.45
     ],
     [
      144.39,
      136.58
     ],
     [
      134.69,
      154.65
     ],
     [
      156.47,
      166.31
     ]
    ]
   },
   "geometry": {
    "type": "LineString",
    "coordinates": [
     [
      -3.6925013,
      40.4861731
     ],
     [
      -3.6924735,
      40.4862076
     ],
     [
      -3.6924512,
      40.4862371
     ],
     [
      -3.6922945,
      40.4861731
     ],
     [
      -3.6924091,
      40.4860108
     ],
     [
      -3.6921519,
      40.485906
     ]
    ]
   }
  },
  {
   "type": "Feature",
   "properties": {
    "osm": "way/1226008639",
    "footway": "sidewalk",
    "highway": "footway",
    "name": "Calle San Modesto",
    "surface": "paving_stones",
    "xy": [
     [
      123.69,
      142.2
     ],
     [
      114.65,
      158.78
     ],
     [
      130.87,
      167.68
     ],
     [
      124.52,
      180.13
     ],
     [
      120.64,
      187.74
     ]
    ]
   },
   "geometry": {
    "type": "LineString",
    "coordinates": [
     [
      -3.6925391,
      40.4861226
     ],
     [
      -3.6926458,
      40.4859737
     ],
     [
      -3.6924543,
      40.4858937
     ],
     [
      -3.6925292,
      40.4857819
     ],
     [
      -3.6925751,
      40.4857135
     ]
    ]
   }
  },
  {
   "type": "Feature",
   "properties": {
    "osm": "way/1226008641",
    "crossing": "unmarked",
    "crossing:markings": "no",
    "footway": "crossing",
    "highway": "footway",
    "surface": "asphalt",
    "xy": [
     [
      126.89,
      136.58
     ],
     [
      125.19,
      139.41
     ],
     [
      123.69,
      142.2
     ]
    ]
   },
   "geometry": {
    "type": "LineString",
    "coordinates": [
     [
      -3.6925013,
      40.4861731
     ],
     [
      -3.6925213,
      40.4861477
     ],
     [
      -3.6925391,
      40.4861226
     ]
    ]
   }
  },
  {
   "type": "Feature",
   "properties": {
    "osm": "way/1226008642",
    "highway": "footway",
    "name": "Calle San Modesto",
    "smoothness": "good",
    "surface": "paving_stones",
    "xy": [
     [
      124.52,
      180.13
     ],
     [
      145.51,
      191.05
     ],
     [
      142.85,
      196.15
     ],
     [
      141.77,
      197.16
     ]
    ]
   },
   "geometry": {
    "type": "LineString",
    "coordinates": [
     [
      -3.6925292,
      40.4857819
     ],
     [
      -3.6922813,
      40.4856838
     ],
     [
      -3.6923127,
      40.485638
     ],
     [
      -3.6923255,
      40.4856289
     ]
    ]
   }
  },
  {
   "type": "Feature",
   "properties": {
    "osm": "way/1226008643",
    "highway": "footway",
    "surface": "paving_stones",
    "xy": [
     [
      156.47,
      166.31
     ],
     [
      167.85,
      144.05
     ],
     [
      151.9,
      135.19
     ],
     [
      160.48,
      117.71
     ],
     [
      155.88,
      115.28
     ],
     [
      145.08,
      109.59
     ],
     [
      150.38,
      98.64
     ],
     [
      153.2,
      92.82
     ],
     [
      149.96,
      90.8
     ],
     [
      131.7,
      79.42
     ]
    ]
   },
   "geometry": {
    "type": "LineString",
    "coordinates": [
     [
      -3.6921519,
      40.485906
     ],
     [
      -3.6920175,
      40.486106
     ],
     [
      -3.6922058,
      40.4861856
     ],
     [
      -3.6921045,
      40.4863426
     ],
     [
      -3.6921588,
      40.4863644
     ],
     [
      -3.6922864,
      40.4864155
     ],
     [
      -3.6922238,
      40.4865139
     ],
     [
      -3.6921905,
      40.4865662
     ],
     [
      -3.6922288,
      40.4865843
     ],
     [
      -3.6924445,
      40.4866866
     ]
    ]
   }
  },
  {
   "type": "Feature",
   "properties": {
    "osm": "way/1226008644",
    "footway": "sidewalk",
    "highway": "footway",
    "lit": "yes",
    "smoothness": "good",
    "surface": "paving_stones",
    "xy": [
     [
      156.47,
      166.31
     ],
     [
      166.18,
      172.06
     ],
     [
      167.55,
      174.76
     ],
     [
      167.38,
      177.92
     ],
     [
      165.71,
      181.5
     ],
     [
      155.2,
      201.51
     ],
     [
      155.23,
      203.1
     ],
     [
      154.12,
      203.4
     ]
    ]
   },
   "geometry": {
    "type": "LineString",
    "coordinates": [
     [
      -3.6921519,
      40.485906
     ],
     [
      -3.6920372,
      40.4858544
     ],
     [
      -3.692021,
      40.4858301
     ],
     [
      -3.692023,
      40.4858017
     ],
     [
      -3.6920427,
      40.4857696
     ],
     [
      -3.6921669,
      40.4855898
     ],
     [
      -3.6921665,
      40.4855755
     ],
     [
      -3.6921796,
      40.4855728
     ]
    ]
   }
  },
  {
   "type": "Feature",
   "properties": {
    "osm": "way/1226008645",
    "highway": "footway",
    "smoothness": "good",
    "surface": "paving_stones",
    "xy": [
     [
      165.71,
      181.5
     ],
     [
      185.25,
      191.49
     ],
     [
      186.04,
      192.32
     ],
     [
      186.43,
      193.21
     ],
     [
      186.3,
      194.19
     ],
     [
      176.41,
      213.48
     ]
    ]
   },
   "geometry": {
    "type": "LineString",
    "coordinates": [
     [
      -3.6920427,
      40.4857696
     ],
     [
      -3.6918119,
      40.4856798
     ],
     [
      -3.6918026,
      40.4856724
     ],
     [
      -3.691798,
      40.4856644
     ],
     [
      -3.6917996,
      40.4856556
     ],
     [
      -3.6919163,
      40.4854823
     ]
    ]
   }
  },
  {
   "type": "Feature",
   "properties": {
    "osm": "way/1226008646",
    "highway": "footway",
    "surface": "paving_stones",
    "xy": [
     [
      84.55,
      130.34
     ],
     [
      83.73,
      131.86
     ],
     [
      82.9,
      133.64
     ],
     [
      75.54,
      149.01
     ],
     [
      74.72,
      153.0
     ],
     [
      78.97,
      168.74
     ]
    ]
   },
   "geometry": {
    "type": "LineString",
    "coordinates": [
     [
      -3.6930013,
      40.4862291
     ],
     [
      -3.693011,
      40.4862155
     ],
     [
      -3.6930208,
      40.4861995
     ],
     [
      -3.6931078,
      40.4860614
     ],
     [
      -3.6931175,
      40.4860256
     ],
     [
      -3.6930672,
      40.4858842
     ]
    ]
   }
  },
  {
   "type": "Feature",
   "properties": {
    "osm": "way/1226008647",
    "highway": "footway",
    "surface": "paving_stones",
    "xy": [
     [
      82.9,
      133.64
     ],
     [
      79.03,
      130.8
     ],
     [
      75.11,
      128.2
     ]
    ]
   },
   "geometry": {
    "type": "LineString",
    "coordinates": [
     [
      -3.6930208,
      40.4861995
     ],
     [
      -3.6930666,
      40.486225
     ],
     [
      -3.6931128,
      40.4862484
     ]
    ]
   }
  },
  {
   "type": "Feature",
   "properties": {
    "osm": "way/1226008648",
    "highway": "footway",
    "surface": "paving_stones",
    "xy": [
     [
      80.47,
      127.74
     ],
     [
      79.03,
      130.8
     ]
    ]
   },
   "geometry": {
    "type": "LineString",
    "coordinates": [
     [
      -3.6930495,
      40.4862525
     ],
     [
      -3.6930666,
      40.486225
     ]
    ]
   }
  },
  {
   "type": "Feature",
   "properties": {
    "osm": "way/1226008649",
    "highway": "footway",
    "surface": "paving_stones",
    "xy": [
     [
      121.81,
      99.58
     ],
     [
      131.7,
      79.42
     ]
    ]
   },
   "geometry": {
    "type": "LineString",
    "coordinates": [
     [
      -3.6925612,
      40.4865055
     ],
     [
      -3.6924445,
      40.4866866
     ]
    ]
   }
  },
  {
   "type": "Feature",
   "properties": {
    "osm": "way/1226008653",
    "highway": "footway",
    "surface": "paving_stones",
    "xy": [
     [
      83.73,
      131.86
     ],
     [
      85.12,
      132.94
     ],
     [
      112.79,
      116.06
     ]
    ]
   },
   "geometry": {
    "type": "LineString",
    "coordinates": [
     [
      -3.693011,
      40.4862155
     ],
     [
      -3.6929946,
      40.4862058
     ],
     [
      -3.6926678,
      40.4863574
     ]
    ]
   }
  },
  {
   "type": "Feature",
   "properties": {
    "osm": "way/1226008655",
    "highway": "footway",
    "surface": "paving_stones",
    "xy": [
     [
      101.12,
      178.5
     ],
     [
      101.81,
      177.11
     ]
    ]
   },
   "geometry": {
    "type": "LineString",
    "coordinates": [
     [
      -3.6928056,
      40.4857965
     ],
     [
      -3.6927975,
      40.485809
     ]
    ]
   }
  },
  {
   "type": "Feature",
   "properties": {
    "osm": "way/1226226676",
    "crossing:island": "no",
    "crossing:markings": "zebra",
    "footway": "sidewalk",
    "highway": "footway",
    "surface": "asphalt",
    "tactile_paving": "yes",
    "xy": [
     [
      156.24,
      38.04
     ],
     [
      159.51,
      37.6
     ],
     [
      162.89,
      35.1
     ],
     [
      167.48,
      28.07
     ]
    ]
   },
   "geometry": {
    "type": "LineString",
    "coordinates": [
     [
      -3.6921546,
      40.4870583
     ],
     [
      -3.692116,
      40.4870622
     ],
     [
      -3.6920761,
      40.4870847
     ],
     [
      -3.6920218,
      40.4871478
     ]
    ]
   }
  },
  {
   "type": "Feature",
   "properties": {
    "osm": "way/1226226677",
    "crossing": "uncontrolled",
    "crossing:island": "no",
    "crossing:markings": "zebra",
    "footway": "crossing",
    "highway": "footway",
    "surface": "asphalt",
    "tactile_paving": "yes",
    "xy": [
     [
      156.02,
      38.88
     ],
     [
      150.87,
      43.9
     ],
     [
      146.82,
      47.64
     ]
    ]
   },
   "geometry": {
    "type": "LineString",
    "coordinates": [
     [
      -3.6921572,
      40.4870507
     ],
     [
      -3.692218,
      40.4870056
     ],
     [
      -3.6922659,
      40.486972
     ]
    ]
   }
  },
  {
   "type": "Feature",
   "properties": {
    "osm": "way/1226226678",
    "crossing": "uncontrolled",
    "crossing:island": "no",
    "crossing:markings": "zebra",
    "footway": "crossing",
    "highway": "footway",
    "surface": "asphalt",
    "tactile_paving": "yes",
    "xy": [
     [
      163.58,
      35.85
     ],
     [
      166.21,
      39.02
     ],
     [
      169.18,
      42.49
     ]
    ]
   },
   "geometry": {
    "type": "LineString",
    "coordinates": [
     [
      -3.6920679,
      40.487078
     ],
     [
      -3.6920368,
      40.4870495
     ],
     [
      -3.6920017,
      40.4870183
     ]
    ]
   }
  },
  {
   "type": "Feature",
   "properties": {
    "osm": "way/1226226679",
    "crossing": "uncontrolled",
    "crossing:island": "no",
    "crossing:markings": "zebra",
    "footway": "crossing",
    "highway": "footway",
    "surface": "asphalt",
    "tactile_paving": "yes",
    "xy": [
     [
      167.48,
      28.07
     ],
     [
      173.28,
      22.74
     ],
     [
      176.92,
      19.4
     ]
    ]
   },
   "geometry": {
    "type": "LineString",
    "coordinates": [
     [
      -3.6920218,
      40.4871478
     ],
     [
      -3.6919533,
      40.4871957
     ],
     [
      -3.6919103,
      40.4872257
     ]
    ]
   }
  },
  {
   "type": "Feature",
   "properties": {
    "osm": "way/1226226680",
    "footway": "sidewalk",
    "highway": "footway",
    "surface": "paving_stones",
    "xy": [
     [
      176.92,
      19.4
     ],
     [
      210.64,
      -10.14
     ],
     [
      243.0,
      -36.05
     ],
     [
      248.2,
      -40.77
     ],
     [
      253.49,
      -48.11
     ],
     [
      255.23,
      -46.41
     ]
    ]
   },
   "geometry": {
    "type": "LineString",
    "coordinates": [
     [
      -3.6919103,
      40.4872257
     ],
     [
      -3.6915121,
      40.4874911
     ],
     [
      -3.6911298,
      40.4877238
     ],
     [
      -3.6910684,
      40.4877662
     ],
     [
      -3.6910059,
      40.4878322
     ],
     [
      -3.6909854,
      40.4878169
     ]
    ]
   }
  },
  {
   "type": "Feature",
   "properties": {
    "osm": "way/1226226681",
    "footway": "sidewalk",
    "highway": "footway",
    "smoothness": "good",
    "surface": "paving_stones",
    "xy": [
     [
      265.73,
      -93.42
     ],
     [
      263.93,
      -96.56
     ],
     [
      261.36,
      -97.57
     ],
     [
      242.27,
      -97.91
     ]
    ]
   },
   "geometry": {
    "type": "LineString",
    "coordinates": [
     [
      -3.6908614,
      40.4882392
     ],
     [
      -3.6908826,
      40.4882674
     ],
     [
      -3.690913,
      40.4882765
     ],
     [
      -3.6911385,
      40.4882795
     ]
    ]
   }
  },
  {
   "type": "Feature",
   "properties": {
    "osm": "way/1226226682",
    "crossing": "uncontrolled",
    "crossing:island": "no",
    "crossing:markings": "zebra",
    "footway": "crossing",
    "highway": "footway",
    "surface": "paving_stones",
    "tactile_paving": "yes",
    "xy": [
     [
      265.73,
      -93.42
     ],
     [
      267.68,
      -93.14
     ],
     [
      271.49,
      -92.6
     ],
     [
      275.0,
      -92.13
     ],
     [
      276.14,
      -91.97
     ]
    ]
   },
   "geometry": {
    "type": "LineString",
    "coordinates": [
     [
      -3.6908614,
      40.4882392
     ],
     [
      -3.6908383,
      40.4882367
     ],
     [
      -3.6907933,
      40.4882318
     ],
     [
      -3.6907519,
      40.4882276
     ],
     [
      -3.6907384,
      40.4882262
     ]
    ]
   }
  },
  {
   "type": "Feature",
   "properties": {
    "osm": "way/1226226683",
    "footway": "sidewalk",
    "highway": "footway",
    "smoothness": "good",
    "surface": "paving_stones",
    "xy": [
     [
      272.11,
      -70.13
     ],
     [
      269.53,
      -53.67
     ],
     [
      266.08,
      -46.75
     ],
     [
      261.6,
      -39.98
     ]
    ]
   },
   "geometry": {
    "type": "LineString",
    "coordinates": [
     [
      -3.690786,
      40.48803
     ],
     [
      -3.6908165,
      40.4878821
     ],
     [
      -3.6908572,
      40.48782
     ],
     [
      -3.6909101,
      40.4877591
     ]
    ]
   }
  },
  {
   "type": "Feature",
   "properties": {
    "osm": "way/1226226684",
    "footway": "sidewalk",
    "highway": "footway",
    "layer": "-1",
    "surface": "paving_stones",
    "tunnel": "yes",
    "xy": [
     [
      276.14,
      -91.97
     ],
     [
      272.11,
      -70.13
     ]
    ]
   },
   "geometry": {
    "type": "LineString",
    "coordinates": [
     [
      -3.6907384,
      40.4882262
     ],
     [
      -3.690786,
      40.48803
     ]
    ]
   }
  },
  {
   "type": "Feature",
   "properties": {
    "osm": "way/1226226685",
    "highway": "pedestrian",
    "layer": "-1",
    "name": "Calle de Antoniorrobles",
    "oneway": "no",
    "postal_code": "28034",
    "smoothness": "good",
    "surface": "paving_stones",
    "tunnel": "yes",
    "xy": [
     [
      245.71,
      -74.73
     ],
     [
      242.98,
      -88.41
     ]
    ]
   },
   "geometry": {
    "type": "LineString",
    "coordinates": [
     [
      -3.6910978,
      40.4880713
     ],
     [
      -3.6911301,
      40.4881942
     ]
    ]
   }
  },
  {
   "type": "Feature",
   "properties": {
    "osm": "way/1226226687",
    "addr:housenumber": "10",
    "addr:street": "Calle de Antoniorrobles",
    "building": "apartments",
    "xy": [
     [
      [
       257.54,
       -5.12
      ],
      [
       236.7,
       14.55
      ],
      [
       225.02,
       1.61
      ],
      [
       245.83,
       -16.98
      ],
      [
       257.54,
       -5.12
      ]
     ]
    ]
   },
   "geometry": {
    "type": "Polygon",
    "coordinates": [
     [
      [
       -3.6909581,
       40.487446
      ],
      [
       -3.6912043,
       40.4872693
      ],
      [
       -3.6913422,
       40.4873855
      ],
      [
       -3.6910964,
       40.4875525
      ],
      [
       -3.6909581,
       40.487446
      ]
     ]
    ]
   }
  },
  {
   "type": "Feature",
   "properties": {
    "osm": "way/1226226688",
    "crossing": "uncontrolled",
    "crossing:island": "no",
    "crossing:markings": "zebra",
    "footway": "crossing",
    "highway": "footway",
    "lit": "yes",
    "smoothness": "excellent",
    "surface": "asphalt",
    "tactile_paving": "yes",
    "xy": [
     [
      157.52,
      208.89
     ],
     [
      156.0,
      211.67
     ],
     [
      153.45,
      216.22
     ]
    ]
   },
   "geometry": {
    "type": "LineString",
    "coordinates": [
     [
      -3.6921395,
      40.4855235
     ],
     [
      -3.6921574,
      40.4854985
     ],
     [
      -3.6921876,
      40.4854577
     ]
    ]
   }
  },
  {
   "type": "Feature",
   "properties": {
    "osm": "way/1226226689",
    "footway": "sidewalk",
    "highway": "footway",
    "lit": "yes",
    "name": "Calle de San Modesto",
    "smoothness": "intermediate",
    "surface": "paving_stones",
    "xy": [
     [
      -247.49,
      -117.53
     ],
     [
      -237.83,
      -83.14
     ],
     [
      -230.29,
      -63.68
     ],
     [
      -224.55,
      -51.93
     ],
     [
      -211.56,
      -30.62
     ],
     [
      -197.34,
      -7.88
     ],
     [
      -186.77,
      6.73
     ],
     [
      -166.76,
      32.39
     ],
     [
      -156.6,
      44.73
     ],
     [
      -143.86,
      59.81
     ],
     [
      -132.07,
      71.76
     ],
     [
      -131.81,
      72.0
     ],
     [
      -124.17,
      79.5
     ],
     [
      -107.73,
      93.03
     ],
     [
      -96.37,
      101.47
     ],
     [
      -79.57,
      112.29
     ],
     [
      -59.96,
      122.55
     ],
     [
      -8.0,
      146.49
     ],
     [
      11.01,
      155.01
     ],
     [
      151.47,
      220.46
     ],
     [
      282.85,
      282.78
     ],
     [
      282.98,
      286.09
     ],
     [
      353.28,
      321.63
     ]
    ]
   },
   "geometry": {
    "type": "LineString",
    "coordinates": [
     [
      -3.6969232,
      40.4884558
     ],
     [
      -3.6968091,
      40.4881469
     ],
     [
      -3.69672,
      40.487972
     ],
     [
      -3.6966522,
      40.4878665
     ],
     [
      -3.6964988,
      40.4876751
     ],
     [
      -3.6963309,
      40.4874708
     ],
     [
      -3.696206,
      40.4873395
     ],
     [
      -3.6959697,
      40.487109
     ],
     [
      -3.6958496,
      40.4869982
     ],
     [
      -3.6956992,
      40.4868627
     ],
     [
      -3.6955599,
      40.4867554
     ],
     [
      -3.6955569,
      40.4867532
     ],
     [
      -3.6954666,
      40.4866858
     ],
     [
      -3.6952724,
      40.4865643
     ],
     [
      -3.6951383,
      40.4864885
     ],
     [
      -3.6949398,
      40.4863913
     ],
     [
      -3.6947082,
      40.4862991
     ],
     [
      -3.6940945,
      40.4860841
     ],
     [
      -3.6938699,
      40.4860075
     ],
     [
      -3.6922109,
      40.4854196
     ],
     [
      -3.6906591,
      40.4848598
     ],
     [
      -3.6906576,
      40.48483
     ],
     [
      -3.6898273,
      40.4845108
     ]
    ]
   }
  },
  {
   "type": "Feature",
   "properties": {
    "osm": "way/1226226691",
    "crossing": "uncontrolled",
    "crossing:island": "no",
    "crossing:markings": "zebra",
    "footway": "crossing",
    "highway": "footway",
    "surface": "asphalt",
    "tactile_paving": "yes",
    "xy": [
     [
      226.38,
      -97.78
     ],
     [
      226.38,
      -99.8
     ],
     [
      226.38,
      -101.26
     ],
     [
      226.27,
      -103.85
     ]
    ]
   },
   "geometry": {
    "type": "LineString",
    "coordinates": [
     [
      -3.6913262,
      40.4882784
     ],
     [
      -3.6913261,
      40.4882965
     ],
     [
      -3.6913261,
      40.4883096
     ],
     [
      -3.6913275,
      40.4883329
     ]
    ]
   }
  },
  {
   "type": "Feature",
   "properties": {
    "osm": "way/1226226692",
    "footway": "sidewalk",
    "highway": "footway",
    "smoothness": "intermediate",
    "surface": "paving_stones",
    "xy": [
     [
      276.14,
      -91.97
     ],
     [
      277.31,
      -93.76
     ],
     [
      278.88,
      -95.21
     ],
     [
      281.19,
      -96.28
     ],
     [
      283.79,
      -96.25
     ],
     [
      295.03,
      -94.28
     ],
     [
      314.65,
      -94.43
     ],
     [
      331.33,
      -86.2
     ],
     [
      403.72,
      -46.72
     ],
     [
      481.56,
      -4.2
     ],
     [
      504.57,
      8.97
     ],
     [
      506.93,
      3.54
     ]
    ]
   },
   "geometry": {
    "type": "LineString",
    "coordinates": [
     [
      -3.6907384,
      40.4882262
     ],
     [
      -3.6907246,
      40.4882423
     ],
     [
      -3.6907061,
      40.4882553
     ],
     [
      -3.6906788,
      40.4882649
     ],
     [
      -3.690648,
      40.4882646
     ],
     [
      -3.6905153,
      40.4882469
     ],
     [
      -3.6902835,
      40.4882483
     ],
     [
      -3.6900866,
      40.4881743
     ],
     [
      -3.6892315,
      40.4878197
     ],
     [
      -3.6883121,
      40.4874377
     ],
     [
      -3.6880404,
      40.4873194
     ],
     [
      -3.6880125,
      40.4873682
     ]
    ]
   }
  },
  {
   "type": "Feature",
   "properties": {
    "osm": "way/1226226695",
    "footway": "sidewalk",
    "highway": "footway",
    "smoothness": "intermediate",
    "surface": "paving_stones",
    "xy": [
     [
      331.33,
      -86.2
     ],
     [
      334.22,
      -90.79
     ]
    ]
   },
   "geometry": {
    "type": "LineString",
    "coordinates": [
     [
      -3.6900866,
      40.4881743
     ],
     [
      -3.6900524,
      40.4882156
     ]
    ]
   }
  },
  {
   "type": "Feature",
   "properties": {
    "osm": "way/1226226696",
    "footway": "sidewalk",
    "highway": "footway",
    "xy": [
     [
      81.36,
      101.05
     ],
     [
      98.74,
      85.71
     ],
     [
      103.89,
      85.52
     ],
     [
      145.11,
      50.91
     ],
     [
      145.77,
      48.01
     ]
    ]
   },
   "geometry": {
    "type": "LineString",
    "coordinates": [
     [
      -3.693039,
      40.4864923
     ],
     [
      -3.6928337,
      40.4866301
     ],
     [
      -3.6927729,
      40.4866318
     ],
     [
      -3.692286,
      40.4869427
     ],
     [
      -3.6922782,
      40.4869687
     ]
    ]
   }
  },
  {
   "type": "Feature",
   "properties": {
    "osm": "way/1226226697",
    "footway": "sidewalk",
    "highway": "footway",
    "lit": "yes",
    "smoothness": "intermediate",
    "surface": "paving_stones",
    "xy": [
     [
      4.5,
      135.62
     ],
     [
      17.17,
      141.16
     ],
     [
      22.31,
      142.98
     ],
     [
      28.22,
      143.65
     ],
     [
      35.29,
      142.66
     ],
     [
      40.7,
      140.44
     ],
     [
      44.85,
      138.35
     ],
     [
      55.0,
      129.6
     ],
     [
      54.58,
      124.52
     ],
     [
      81.36,
      101.05
     ]
    ]
   },
   "geometry": {
    "type": "LineString",
    "coordinates": [
     [
      -3.6939468,
      40.4861817
     ],
     [
      -3.6937972,
      40.4861319
     ],
     [
      -3.6937365,
      40.4861156
     ],
     [
      -3.6936667,
      40.4861096
     ],
     [
      -3.6935832,
      40.4861185
     ],
     [
      -3.6935193,
      40.4861384
     ],
     [
      -3.6934703,
      40.4861572
     ],
     [
      -3.6933504,
      40.4862358
     ],
     [
      -3.6933553,
      40.4862814
     ],
     [
      -3.693039,
      40.4864923
     ]
    ]
   }
  },
  {
   "type": "Feature",
   "properties": {
    "osm": "way/1227355023",
    "highway": "service",
    "lit": "yes",
    "smoothness": "good",
    "surface": "paving_stones",
    "xy": [
     [
      298.9,
      201.07
     ],
     [
      297.1,
      203.93
     ],
     [
      296.16,
      205.41
     ],
     [
      294.86,
      207.52
     ]
    ]
   },
   "geometry": {
    "type": "LineString",
    "coordinates": [
     [
      -3.6904696,
      40.4855938
     ],
     [
      -3.6904909,
      40.4855681
     ],
     [
      -3.690502,
      40.4855548
     ],
     [
      -3.6905173,
      40.4855358
     ]
    ]
   }
  },
  {
   "type": "Feature",
   "properties": {
    "osm": "way/1227355025",
    "crossing:island": "no",
    "footway": "crossing",
    "highway": "footway",
    "lit": "yes",
    "name": "Calle Virgen de Aránzazu",
    "smoothness": "good",
    "surface": "paving_stones",
    "tactile_paving": "yes",
    "xy": [
     [
      293.18,
      203.64
     ],
     [
      296.16,
      205.41
     ],
     [
      298.81,
      207.04
     ]
    ]
   },
   "geometry": {
    "type": "LineString",
    "coordinates": [
     [
      -3.6905372,
      40.4855707
     ],
     [
      -3.690502,
      40.4855548
     ],
     [
      -3.6904706,
      40.4855401
     ]
    ]
   }
  },
  {
   "type": "Feature",
   "properties": {
    "osm": "way/1227530522",
    "highway": "service",
    "lit": "no",
    "service": "parking_aisle",
    "smoothness": "good",
    "surface": "paving_stones",
    "xy": [
     [
      304.01,
      203.74
     ],
     [
      303.4,
      205.31
     ],
     [
      301.96,
      208.99
     ],
     [
      302.28,
      211.89
     ],
     [
      303.99,
      228.01
     ],
     [
      314.13,
      233.54
     ]
    ]
   },
   "geometry": {
    "type": "LineString",
    "coordinates": [
     [
      -3.6904092,
      40.4855698
     ],
     [
      -3.6904164,
      40.4855557
     ],
     [
      -3.6904334,
      40.4855226
     ],
     [
      -3.6904297,
      40.4854966
     ],
     [
      -3.6904095,
      40.4853518
     ],
     [
      -3.6902897,
      40.4853021
     ]
    ]
   }
  },
  {
   "type": "Feature",
   "properties": {
    "osm": "way/1227530524",
    "highway": "footway",
    "surface": "paving_stones",
    "xy": [
     [
      257.74,
      182.72
     ],
     [
      256.81,
      184.88
     ]
    ]
   },
   "geometry": {
    "type": "LineString",
    "coordinates": [
     [
      -3.6909558,
      40.4857586
     ],
     [
      -3.6909667,
      40.4857392
     ]
    ]
   }
  },
  {
   "type": "Feature",
   "properties": {
    "osm": "way/1227541811",
    "footway": "sidewalk",
    "highway": "footway",
    "surface": "paving_stones",
    "xy": [
     [
      242.27,
      -97.91
     ],
     [
      226.38,
      -97.78
     ]
    ]
   },
   "geometry": {
    "type": "LineString",
    "coordinates": [
     [
      -3.6911385,
      40.4882795
     ],
     [
      -3.6913262,
      40.4882784
     ]
    ]
   }
  },
  {
   "type": "Feature",
   "properties": {
    "osm": "way/1227541812",
    "covered": "no",
    "dog": "leashed",
    "foot": "yes",
    "footway": "sidewalk",
    "highway": "footway",
    "informal": "no",
    "lit": "yes",
    "oneway": "no",
    "smoothness": "good",
    "stroller": "yes",
    "surface": "paving_stones",
    "tactile_paving": "yes",
    "wheelchair": "yes",
    "xy": [
     [
      226.27,
      -103.85
     ],
     [
      226.28,
      -107.19
     ],
     [
      233.67,
      -107.32
     ],
     [
      234.37,
      -108.02
     ],
     [
      234.36,
      -111.18
     ],
     [
      233.89,
      -153.02
     ],
     [
      233.31,
      -154.1
     ],
     [
      232.16,
      -154.83
     ],
     [
      230.71,
      -155.2
     ],
     [
      158.6,
      -154.1
     ],
     [
      157.22,
      -151.03
     ],
     [
      157.17,
      -149.09
     ],
     [
      157.32,
      -106.58
     ]
    ]
   },
   "geometry": {
    "type": "LineString",
    "coordinates": [
     [
      -3.6913275,
      40.4883329
     ],
     [
      -3.6913273,
      40.4883629
     ],
     [
      -3.69124,
      40.4883641
     ],
     [
      -3.6912318,
      40.4883704
     ],
     [
      -3.6912319,
      40.4883987
     ],
     [
      -3.6912374,
      40.4887746
     ],
     [
      -3.6912443,
      40.4887843
     ],
     [
      -3.6912579,
      40.4887909
     ],
     [
      -3.691275,
      40.4887942
     ],
     [
      -3.6921267,
      40.4887843
     ],
     [
      -3.692143,
      40.4887567
     ],
     [
      -3.6921436,
      40.4887393
     ],
     [
      -3.6921418,
      40.4883574
     ]
    ]
   }
  },
  {
   "type": "Feature",
   "properties": {
    "osm": "way/1227541813",
    "crossing": "uncontrolled",
    "crossing:island": "no",
    "crossing:markings": "zebra",
    "footway": "crossing",
    "highway": "footway",
    "surface": "asphalt",
    "tactile_paving": "yes",
    "xy": [
     [
      239.63,
      -111.3
     ],
     [
      242.0,
      -111.25
     ],
     [
      244.51,
      -111.3
     ]
    ]
   },
   "geometry": {
    "type": "LineString",
    "coordinates": [
     [
      -3.6911696,
      40.4883998
     ],
     [
      -3.6911417,
      40.4883994
     ],
     [
      -3.691112,
      40.4883998
     ]
    ]
   }
  },
  {
   "type": "Feature",
   "properties": {
    "osm": "way/1227541814",
    "footway": "sidewalk",
    "highway": "footway",
    "surface": "paving_stones",
    "xy": [
     [
      23.04,
      -95.42
     ],
     [
      28.25,
      -90.45
     ]
    ]
   },
   "geometry": {
    "type": "LineString",
    "coordinates": [
     [
      -3.6937279,
      40.4882572
     ],
     [
      -3.6936663,
      40.4882125
     ]
    ]
   }
  },
  {
   "type": "Feature",
   "properties": {
    "osm": "way/1227541815",
    "crossing": "uncontrolled",
    "crossing:island": "no",
    "crossing:markings": "zebra",
    "footway": "crossing",
    "highway": "footway",
    "surface": "asphalt",
    "tactile_paving": "yes",
    "xy": [
     [
      28.88,
      -110.97
     ],
     [
      26.53,
      -110.87
     ],
     [
      23.88,
      -110.84
     ]
    ]
   },
   "geometry": {
    "type": "LineString",
    "coordinates": [
     [
      -3.6936589,
      40.4883969
     ],
     [
      -3.6936867,
      40.488396
     ],
     [
      -3.6937179,
      40.4883957
     ]
    ]
   }
  },
  {
   "type": "Feature",
   "properties": {
    "osm": "way/1227541816",
    "footway": "sidewalk",
    "highway": "footway",
    "smoothness": "good",
    "xy": [
     [
      67.3,
      -152.81
     ],
     [
      38.77,
      -152.33
     ],
     [
      37.3,
      -152.07
     ],
     [
      35.84,
      -151.32
     ],
     [
      34.62,
      -150.17
     ],
     [
      33.6,
      -148.79
     ],
     [
      33.1,
      -148.07
     ],
     [
      32.82,
      -147.18
     ],
     [
      32.71,
      -126.62
     ]
    ]
   },
   "geometry": {
    "type": "LineString",
    "coordinates": [
     [
      -3.6932051,
      40.4887727
     ],
     [
      -3.6935421,
      40.4887684
     ],
     [
      -3.6935594,
      40.4887661
     ],
     [
      -3.6935767,
      40.4887593
     ],
     [
      -3.6935911,
      40.488749
     ],
     [
      -3.6936031,
      40.4887366
     ],
     [
      -3.6936091,
      40.4887301
     ],
     [
      -3.6936124,
      40.4887221
     ],
     [
      -3.6936137,
      40.4885374
     ]
    ]
   }
  },
  {
   "type": "Feature",
   "properties": {
    "osm": "way/1227541817",
    "crossing": "uncontrolled",
    "crossing:island": "no",
    "crossing:markings": "zebra",
    "footway": "crossing",
    "highway": "footway",
    "surface": "asphalt",
    "tactile_paving": "yes",
    "xy": [
     [
      138.61,
      -95.08
     ],
     [
      138.48,
      -98.28
     ],
     [
      138.4,
      -99.98
     ],
     [
      138.3,
      -102.53
     ]
    ]
   },
   "geometry": {
    "type": "LineString",
    "coordinates": [
     [
      -3.6923628,
      40.4882541
     ],
     [
      -3.6923644,
      40.4882829
     ],
     [
      -3.6923653,
      40.4882981
     ],
     [
      -3.6923665,
      40.488321
     ]
    ]
   }
  },
  {
   "type": "Feature",
   "properties": {
    "osm": "way/1227541818",
    "crossing": "uncontrolled",
    "crossing:island": "no",
    "crossing:markings": "zebra",
    "footway": "crossing",
    "highway": "footway",
    "surface": "asphalt",
    "tactile_paving": "yes",
    "xy": [
     [
      146.83,
      -106.01
     ],
     [
      152.01,
      -106.53
     ],
     [
      154.14,
      -106.56
     ]
    ]
   },
   "geometry": {
    "type": "LineString",
    "coordinates": [
     [
      -3.6922657,
      40.4883523
     ],
     [
      -3.6922045,
      40.488357
     ],
     [
      -3.6921794,
      40.4883572
     ]
    ]
   }
  },
  {
   "type": "Feature",
   "properties": {
    "osm": "way/1227541819",
    "crossing": "uncontrolled",
    "crossing:island": "no",
    "crossing:markings": "zebra",
    "footway": "crossing",
    "highway": "footway",
    "surface": "asphalt",
    "tactile_paving": "yes",
    "xy": [
     [
      147.65,
      -148.92
     ],
     [
      150.98,
      -149.06
     ],
     [
      153.19,
      -149.07
     ]
    ]
   },
   "geometry": {
    "type": "LineString",
    "coordinates": [
     [
      -3.6922561,
      40.4887378
     ],
     [
      -3.6922167,
      40.488739
     ],
     [
      -3.6921906,
      40.4887391
     ]
    ]
   }
  },
  {
   "type": "Feature",
   "properties": {
    "osm": "way/1227541820",
    "crossing": "uncontrolled",
    "crossing:island": "no",
    "crossing:markings": "zebra",
    "flashing_lights": "no",
    "footway": "crossing",
    "highway": "footway",
    "lit": "yes",
    "smoothness": "excellent",
    "surface": "asphalt",
    "tactile_paving": "yes",
    "xy": [
     [
      158.64,
      -157.4
     ],
     [
      158.64,
      -159.83
     ],
     [
      158.69,
      -163.74
     ]
    ]
   },
   "geometry": {
    "type": "LineString",
    "coordinates": [
     [
      -3.6921263,
      40.4888139
     ],
     [
      -3.6921262,
      40.4888358
     ],
     [
      -3.6921256,
      40.4888709
     ]
    ]
   }
  },
  {
   "type": "Feature",
   "properties": {
    "osm": "way/1227541821",
    "crossing": "uncontrolled",
    "crossing:island": "no",
    "crossing:markings": "zebra",
    "flashing_lights": "no",
    "footway": "crossing",
    "highway": "footway",
    "lit": "yes",
    "smoothness": "excellent",
    "surface": "asphalt",
    "tactile_paving": "yes",
    "xy": [
     [
      137.82,
      -156.74
     ],
     [
      137.77,
      -160.33
     ],
     [
      137.78,
      -161.7
     ]
    ]
   },
   "geometry": {
    "type": "LineString",
    "coordinates": [
     [
      -3.6923722,
      40.488808
     ],
     [
      -3.6923727,
      40.4888403
     ],
     [
      -3.6923726,
      40.4888526
     ]
    ]
   }
  },
  {
   "type": "Feature",
   "properties": {
    "osm": "way/1227557099",
    "covered": "no",
    "dog": "leashed",
    "foot": "yes",
    "footway": "sidewalk",
    "highway": "footway",
    "informal": "no",
    "lit": "yes",
    "oneway": "no",
    "smoothness": "good",
    "stroller": "yes",
    "surface": "paving_stones",
    "tactile_paving": "yes",
    "wheelchair": "yes",
    "xy": [
     [
      -21.89,
      -237.25
     ],
     [
      19.94,
      -237.43
     ],
     [
      20.87,
      -238.09
     ],
     [
      20.87,
      -324.82
     ],
     [
      19.35,
      -328.15
     ],
     [
      16.37,
      -328.37
     ],
     [
      14.98,
      -326.79
     ],
     [
      -36.18,
      -325.71
     ],
     [
      -84.88,
      -323.17
     ],
     [
      -88.84,
      -322.53
     ],
     [
      -92.06,
      -319.61
     ],
     [
      -92.2,
      -316.34
     ],
     [
      -65.22,
      -231.67
     ],
     [
      -73.35,
      -229.39
     ],
     [
      -104.15,
      -327.39
     ],
     [
      -104.85,
      -328.47
     ],
     [
      -107.2,
      -330.06
     ]
    ]
   },
   "geometry": {
    "type": "LineString",
    "coordinates": [
     [
      -3.6942586,
      40.4895312
     ],
     [
      -3.6937645,
      40.4895329
     ],
     [
      -3.6937535,
      40.4895388
     ],
     [
      -3.6937535,
      40.4903179
     ],
     [
      -3.6937715,
      40.4903478
     ],
     [
      -3.6938066,
      40.4903498
     ],
     [
      -3.6938231,
      40.4903356
     ],
     [
      -3.6944273,
      40.4903259
     ],
     [
      -3.6950026,
      40.4903031
     ],
     [
      -3.6950493,
      40.4902973
     ],
     [
      -3.6950874,
      40.4902711
     ],
     [
      -3.695089,
      40.4902417
     ],
     [
      -3.6947703,
      40.4894811
     ],
     [
      -3.6948664,
      40.4894606
     ],
     [
      -3.6952302,
      40.490341
     ],
     [
      -3.6952384,
      40.4903507
     ],
     [
      -3.6952662,
      40.490365
     ]
    ]
   }
  },
  {
   "type": "Feature",
   "properties": {
    "osm": "way/1227557100",
    "footway": "sidewalk",
    "highway": "footway",
    "surface": "paving_stones",
    "xy": [
     [
      67.84,
      -167.09
     ],
     [
      39.04,
      -167.14
     ],
     [
      35.67,
      -168.48
     ],
     [
      33.53,
      -171.73
     ],
     [
      32.53,
      -174.41
     ],
     [
      32.65,
      -195.97
     ],
     [
      32.48,
      -214.18
     ],
     [
      33.41,
      -216.77
     ],
     [
      35.57,
      -219.09
     ],
     [
      38.18,
      -220.38
     ],
     [
      111.75,
      -221.07
     ]
    ]
   },
   "geometry": {
    "type": "LineString",
    "coordinates": [
     [
      -3.6931987,
      40.488901
     ],
     [
      -3.6935389,
      40.4889014
     ],
     [
      -3.6935787,
      40.4889135
     ],
     [
      -3.693604,
      40.4889427
     ],
     [
      -3.6936158,
      40.4889667
     ],
     [
      -3.6936144,
      40.4891604
     ],
     [
      -3.6936164,
      40.489324
     ],
     [
      -3.6936054,
      40.4893473
     ],
     [
      -3.6935799,
      40.4893681
     ],
     [
      -3.6935491,
      40.4893797
     ],
     [
      -3.6926801,
      40.4893859
     ]
    ]
   }
  },
  {
   "type": "Feature",
   "properties": {
    "osm": "way/1227557101",
    "crossing": "uncontrolled",
    "crossing:island": "no",
    "crossing:markings": "zebra",
    "flashing_lights": "no",
    "footway": "crossing",
    "highway": "footway",
    "lit": "yes",
    "note": "crossing removed after new asphalt",
    "smoothness": "excellent",
    "surface": "asphalt",
    "tactile_paving": "no",
    "xy": [
     [
      31.66,
      -171.73
     ],
     [
      25.04,
      -171.61
     ],
     [
      20.55,
      -171.51
     ]
    ]
   },
   "geometry": {
    "type": "LineString",
    "coordinates": [
     [
      -3.6936261,
      40.4889427
     ],
     [
      -3.6937042,
      40.4889416
     ],
     [
      -3.6937573,
      40.4889407
     ]
    ]
   }
  },
  {
   "type": "Feature",
   "properties": {
    "osm": "way/1227557102",
    "crossing": "uncontrolled",
    "crossing:island": "no",
    "crossing:markings": "zebra",
    "flashing_lights": "no",
    "footway": "crossing",
    "highway": "footway",
    "lit": "yes",
    "smoothness": "excellent",
    "surface": "asphalt",
    "tactile_paving": "yes",
    "xy": [
     [
      148.85,
      -217.37
     ],
     [
      150.65,
      -217.41
     ],
     [
      152.37,
      -217.42
     ]
    ]
   },
   "geometry": {
    "type": "LineString",
    "coordinates": [
     [
      -3.6922419,
      40.4893527
     ],
     [
      -3.6922206,
      40.489353
     ],
     [
      -3.6922003,
      40.4893531
     ]
    ]
   }
  },
  {
   "type": "Feature",
   "properties": {
    "osm": "way/1227557103",
    "crossing": "uncontrolled",
    "crossing:island": "no",
    "crossing:markings": "zebra",
    "flashing_lights": "no",
    "footway": "crossing",
    "highway": "footway",
    "lit": "yes",
    "smoothness": "good",
    "surface": "asphalt",
    "tactile_paving": "yes",
    "xy": [
     [
      160.84,
      -227.49
     ],
     [
      160.79,
      -230.0
     ],
     [
      160.72,
      -232.54
     ]
    ]
   },
   "geometry": {
    "type": "LineString",
    "coordinates": [
     [
      -3.6921003,
      40.4894436
     ],
     [
      -3.6921009,
      40.4894661
     ],
     [
      -3.6921017,
      40.4894889
     ]
    ]
   }
  },
  {
   "type": "Feature",
   "properties": {
    "osm": "way/1227557104",
    "crossing": "uncontrolled",
    "crossing:island": "no",
    "crossing:markings": "zebra",
    "flashing_lights": "no",
    "footway": "crossing",
    "highway": "footway",
    "lit": "yes",
    "smoothness": "excellent",
    "surface": "asphalt",
    "tactile_paving": "yes",
    "xy": [
     [
      139.75,
      -225.26
     ],
     [
      139.73,
      -228.25
     ],
     [
      139.73,
      -230.6
     ]
    ]
   },
   "geometry": {
    "type": "LineString",
    "coordinates": [
     [
      -3.6923494,
      40.4894235
     ],
     [
      -3.6923496,
      40.4894504
     ],
     [
      -3.6923496,
      40.4894715
     ]
    ]
   }
  },
  {
   "type": "Feature",
   "properties": {
    "osm": "way/1227557109",
    "covered": "no",
    "dog": "leashed",
    "foot": "yes",
    "footway": "sidewalk",
    "highway": "footway",
    "informal": "no",
    "lit": "yes",
    "oneway": "no",
    "smoothness": "good",
    "stroller": "yes",
    "surface": "paving_stones",
    "tactile_paving": "yes",
    "wheelchair": "yes",
    "xy": [
     [
      139.72,
      -235.25
     ],
     [
      142.17,
      -235.41
     ],
     [
      142.95,
      -236.23
     ],
     [
      142.83,
      -243.52
     ],
     [
      141.8,
      -283.08
     ],
     [
      141.59,
      -285.8
     ],
     [
      141.15,
      -287.13
     ],
     [
      140.06,
      -287.92
     ],
     [
      138.57,
      -288.3
     ],
     [
      40.58,
      -287.19
     ],
     [
      38.52,
      -286.53
     ],
     [
      37.04,
      -285.65
     ],
     [
      35.36,
      -284.12
     ],
     [
      34.48,
      -282.1
     ],
     [
      34.79,
      -237.75
     ],
     [
      36.79,
      -234.83
     ],
     [
      39.73,
      -233.16
     ],
     [
      42.3,
      -232.79
     ],
     [
      102.79,
      -233.06
     ],
     [
      106.48,
      -235.3
     ],
     [
      139.72,
      -235.25
     ]
    ]
   },
   "geometry": {
    "type": "LineString",
    "coordinates": [
     [
      -3.6923497,
      40.4895133
     ],
     [
      -3.6923208,
      40.4895147
     ],
     [
      -3.6923116,
      40.4895221
     ],
     [
      -3.692313,
      40.4895876
     ],
     [
      -3.6923252,
      40.4899429
     ],
     [
      -3.6923276,
      40.4899674
     ],
     [
      -3.6923328,
      40.4899793
     ],
     [
      -3.6923457,
      40.4899864
     ],
     [
      -3.6923633,
      40.4899898
     ],
     [
      -3.6935207,
      40.4899799
     ],
     [
      -3.693545,
      40.4899739
     ],
     [
      -3.6935625,
      40.489966
     ],
     [
      -3.6935824,
      40.4899523
     ],
     [
      -3.6935927,
      40.4899341
     ],
     [
      -3.6935891,
      40.4895357
     ],
     [
      -3.6935655,
      40.4895095
     ],
     [
      -3.6935307,
      40.4894945
     ],
     [
      -3.6935004,
      40.4894912
     ],
     [
      -3.6927859,
      40.4894936
     ],
     [
      -3.6927423,
      40.4895137
     ],
     [
      -3.6923497,
      40.4895133
     ]
    ]
   }
  },
  {
   "type": "Feature",
   "properties": {
    "osm": "way/1227557110",
    "covered": "no",
    "dog": "leashed",
    "foot": "yes",
    "footway": "sidewalk",
    "highway": "footway",
    "informal": "no",
    "lit": "yes",
    "oneway": "no",
    "smoothness": "good",
    "stroller": "yes",
    "surface": "paving_stones",
    "tactile_paving": "yes",
    "wheelchair": "yes",
    "xy": [
     [
      139.72,
      -235.25
     ],
     [
      139.73,
      -230.6
     ]
    ]
   },
   "geometry": {
    "type": "LineString",
    "coordinates": [
     [
      -3.6923497,
      40.4895133
     ],
     [
      -3.6923496,
      40.4894715
     ]
    ]
   }
  },
  {
   "type": "Feature",
   "properties": {
    "osm": "way/1227557111",
    "covered": "no",
    "dog": "leashed",
    "foot": "yes",
    "footway": "sidewalk",
    "highway": "footway",
    "informal": "no",
    "lit": "yes",
    "oneway": "no",
    "smoothness": "good",
    "stroller": "yes",
    "surface": "paving_stones",
    "tactile_paving": "yes",
    "wheelchair": "yes",
    "xy": [
     [
      443.9,
      -171.42
     ],
     [
      158.66,
      -167.48
     ],
     [
      156.21,
      -170.39
     ],
     [
      155.42,
      -217.46
     ],
     [
      156.05,
      -220.04
     ],
     [
      158.34,
      -222.54
     ],
     [
      160.9,
      -223.33
     ],
     [
      429.97,
      -226.17
     ]
    ]
   },
   "geometry": {
    "type": "LineString",
    "coordinates": [
     [
      -3.6887569,
      40.4889399
     ],
     [
      -3.692126,
      40.4889045
     ],
     [
      -3.6921549,
      40.4889306
     ],
     [
      -3.6921643,
      40.4893535
     ],
     [
      -3.6921568,
      40.4893766
     ],
     [
      -3.6921298,
      40.4893991
     ],
     [
      -3.6920995,
      40.4894062
     ],
     [
      -3.6889215,
      40.4894317
     ]
    ]
   }
  },
  {
   "type": "Feature",
   "properties": {
    "osm": "way/1228222952",
    "highway": "footway",
    "lit": "yes",
    "smoothness": "intermediate",
    "surface": "paving_stones",
    "xy": [
     [
      333.42,
      193.49
     ],
     [
      332.31,
      192.54
     ],
     [
      331.11,
      192.87
     ]
    ]
   },
   "geometry": {
    "type": "LineString",
    "coordinates": [
     [
      -3.6900618,
      40.4856619
     ],
     [
      -3.690075,
      40.4856704
     ],
     [
      -3.6900892,
      40.4856674
     ]
    ]
   }
  },
  {
   "type": "Feature",
   "properties": {
    "osm": "way/1228222954",
    "highway": "footway",
    "lit": "yes",
    "oneway": "no",
    "smoothness": "good",
    "step_count": "1",
    "surface": "paving_stones",
    "xy": [
     [
      336.72,
      182.19
     ],
     [
      336.09,
      181.63
     ]
    ]
   },
   "geometry": {
    "type": "LineString",
    "coordinates": [
     [
      -3.6900229,
      40.4857634
     ],
     [
      -3.6900303,
      40.4857684
     ]
    ]
   }
  },
  {
   "type": "Feature",
   "properties": {
    "osm": "way/1228222961",
    "footway": "sidewalk",
    "highway": "footway",
    "lit": "yes",
    "smoothness": "excellent",
    "surface": "paving_stones",
    "tactile_paving": "yes",
    "xy": [
     [
      322.21,
      186.2
     ],
     [
      324.44,
      187.38
     ]
    ]
   },
   "geometry": {
    "type": "LineString",
    "coordinates": [
     [
      -3.6901943,
      40.4857273
     ],
     [
      -3.6901679,
      40.4857167
     ]
    ]
   }
  },
  {
   "type": "Feature",
   "properties": {
    "osm": "way/1228222962",
    "footway": "sidewalk",
    "highway": "footway",
    "lit": "yes",
    "smoothness": "excellent",
    "surface": "paving_stones",
    "tactile_paving": "yes",
    "xy": [
     [
      330.06,
      189.87
     ],
     [
      332.03,
      190.61
     ]
    ]
   },
   "geometry": {
    "type": "LineString",
    "coordinates": [
     [
      -3.6901015,
      40.4856944
     ],
     [
      -3.6900783,
      40.4856877
     ]
    ]
   }
  },
  {
   "type": "Feature",
   "properties": {
    "osm": "way/1228222979",
    "highway": "footway",
    "lit": "yes",
    "smoothness": "good",
    "surface": "paving_stones",
    "xy": [
     [
      256.11,
      181.76
     ],
     [
      255.09,
      183.79
     ]
    ]
   },
   "geometry": {
    "type": "LineString",
    "coordinates": [
     [
      -3.690975,
      40.4857672
     ],
     [
      -3.6909871,
      40.485749
     ]
    ]
   }
  },
  {
   "type": "Feature",
   "properties": {
    "osm": "way/1228222980",
    "highway": "service",
    "surface": "paving_stones",
    "xy": [
     [
      262.09,
      178.38
     ],
     [
      258.31,
      183.04
     ],
     [
      256.81,
      184.88
     ]
    ]
   },
   "geometry": {
    "type": "LineString",
    "coordinates": [
     [
      -3.6909044,
      40.4857976
     ],
     [
      -3.690949,
      40.4857557
     ],
     [
      -3.6909667,
      40.4857392
     ]
    ]
   }
  },
  {
   "type": "Feature",
   "properties": {
    "osm": "way/1228222982",
    "access": "yes",
    "amenity": "parking",
    "fee": "no",
    "parking": "street_side",
    "xy": [
     [
      [
       288.99,
       176.1
      ],
      [
       314.31,
       191.11
      ],
      [
       311.78,
       195.95
      ],
      [
       286.47,
       180.45
      ],
      [
       288.99,
       176.1
      ]
     ]
    ]
   },
   "geometry": {
    "type": "Polygon",
    "coordinates": [
     [
      [
       -3.6905866,
       40.4858181
      ],
      [
       -3.6902876,
       40.4856832
      ],
      [
       -3.6903174,
       40.4856398
      ],
      [
       -3.6906164,
       40.485779
      ],
      [
       -3.6905866,
       40.4858181
      ]
     ]
    ]
   }
  },
  {
   "type": "Feature",
   "properties": {
    "osm": "way/1228222985",
    "footway": "sidewalk",
    "highway": "footway",
    "smoothness": "good",
    "surface": "paving_stones",
    "xy": [
     [
      335.41,
      145.13
     ],
     [
      334.95,
      145.96
     ]
    ]
   },
   "geometry": {
    "type": "LineString",
    "coordinates": [
     [
      -3.6900383,
      40.4860963
     ],
     [
      -3.6900438,
      40.4860888
     ]
    ]
   }
  },
  {
   "type": "Feature",
   "properties": {
    "osm": "way/1228222988",
    "crossing:island": "no",
    "footway": "sidewalk",
    "highway": "footway",
    "surface": "paving_stones",
    "tactile_paving": "yes",
    "xy": [
     [
      331.92,
      150.99
     ],
     [
      331.25,
      152.09
     ]
    ]
   },
   "geometry": {
    "type": "LineString",
    "coordinates": [
     [
      -3.6900796,
      40.4860436
     ],
     [
      -3.6900875,
      40.4860338
     ]
    ]
   }
  },
  {
   "type": "Feature",
   "properties": {
    "osm": "way/1228222989",
    "footway": "sidewalk",
    "highway": "footway",
    "lit": "yes",
    "smoothness": "excellent",
    "surface": "paving_stones",
    "xy": [
     [
      327.48,
      163.43
     ],
     [
      324.41,
      169.23
     ]
    ]
   },
   "geometry": {
    "type": "LineString",
    "coordinates": [
     [
      -3.690132,
      40.4859319
     ],
     [
      -3.6901683,
      40.4858798
     ]
    ]
   }
  },
  {
   "type": "Feature",
   "properties": {
    "osm": "way/1228222990",
    "footway": "sidewalk",
    "highway": "footway",
    "lit": "yes",
    "smoothness": "excellent",
    "surface": "paving_stones",
    "xy": [
     [
      321.84,
      174.78
     ],
     [
      321.27,
      175.85
     ]
    ]
   },
   "geometry": {
    "type": "LineString",
    "coordinates": [
     [
      -3.6901986,
      40.4858299
     ],
     [
      -3.6902054,
      40.4858203
     ]
    ]
   }
  },
  {
   "type": "Feature",
   "properties": {
    "osm": "way/1228222991",
    "footway": "sidewalk",
    "highway": "footway",
    "lit": "yes",
    "smoothness": "good",
    "surface": "paving_stones",
    "xy": [
     [
      276.2,
      174.1
     ],
     [
      276.76,
      173.17
     ]
    ]
   },
   "geometry": {
    "type": "LineString",
    "coordinates": [
     [
      -3.6907377,
      40.485836
     ],
     [
      -3.6907311,
      40.4858444
     ]
    ]
   }
  },
  {
   "type": "Feature",
   "properties": {
    "osm": "way/1228222992",
    "footway": "sidewalk",
    "highway": "footway",
    "surface": "paving_stones",
    "xy": [
     [
      294.09,
      177.44
     ],
     [
      294.71,
      176.6
     ]
    ]
   },
   "geometry": {
    "type": "LineString",
    "coordinates": [
     [
      -3.6905264,
      40.485806
     ],
     [
      -3.6905191,
      40.4858136
     ]
    ]
   }
  },
  {
   "type": "Feature",
   "properties": {
    "osm": "way/1228222993",
    "footway": "sidewalk",
    "highway": "footway",
    "smoothness": "good",
    "surface": "paving_stones",
    "xy": [
     [
      309.35,
      187.02
     ],
     [
      310.02,
      185.84
     ]
    ]
   },
   "geometry": {
    "type": "LineString",
    "coordinates": [
     [
      -3.6903462,
      40.48572
     ],
     [
      -3.6903382,
      40.4857306
     ]
    ]
   }
  },
  {
   "type": "Feature",
   "properties": {
    "osm": "way/1228222998",
    "highway": "footway",
    "lit": "yes",
    "smoothness": "good",
    "surface": "paving_stones",
    "xy": [
     [
      320.79,
      220.26
     ],
     [
      320.04,
      221.62
     ]
    ]
   },
   "geometry": {
    "type": "LineString",
    "coordinates": [
     [
      -3.690211,
      40.4854214
     ],
     [
      -3.6902199,
      40.4854092
     ]
    ]
   }
  },
  {
   "type": "Feature",
   "properties": {
    "osm": "way/1228525210",
    "footway": "sidewalk",
    "highway": "footway",
    "lit": "yes",
    "name": "Calle de San Modesto",
    "smoothness": "good",
    "surface": "paving_stones",
    "xy": [
     [
      157.52,
      208.89
     ],
     [
      159.41,
      205.05
     ],
     [
      155.23,
      203.1
     ]
    ]
   },
   "geometry": {
    "type": "LineString",
    "coordinates": [
     [
      -3.6921395,
      40.4855235
     ],
     [
      -3.6921171,
      40.485558
     ],
     [
      -3.6921665,
      40.4855755
     ]
    ]
   }
  },
  {
   "type": "Feature",
   "properties": {
    "osm": "way/1228525211",
    "footway": "sidewalk",
    "highway": "footway",
    "lit": "yes",
    "smoothness": "good",
    "surface": "paving_stones",
    "xy": [
     [
      153.45,
      216.22
     ],
     [
      151.47,
      220.46
     ]
    ]
   },
   "geometry": {
    "type": "LineString",
    "coordinates": [
     [
      -3.6921876,
      40.4854577
     ],
     [
      -3.6922109,
      40.4854196
     ]
    ]
   }
  },
  {
   "type": "Feature",
   "properties": {
    "osm": "way/1228590806",
    "highway": "footway",
    "surface": "paving_stones",
    "xy": [
     [
      357.34,
      29.96
     ],
     [
      350.83,
      40.72
     ],
     [
      336.27,
      32.06
     ],
     [
      322.87,
      54.9
     ]
    ]
   },
   "geometry": {
    "type": "LineString",
    "coordinates": [
     [
      -3.6897793,
      40.4871309
     ],
     [
      -3.6898562,
      40.4870342
     ],
     [
      -3.6900282,
      40.487112
     ],
     [
      -3.6901865,
      40.4869068
     ]
    ]
   }
  },
  {
   "type": "Feature",
   "properties": {
    "osm": "way/1228590807",
    "highway": "footway",
    "lit": "no",
    "surface": "paving_stones",
    "xy": [
     [
      326.41,
      11.72
     ],
     [
      314.06,
      33.32
     ]
    ]
   },
   "geometry": {
    "type": "LineString",
    "coordinates": [
     [
      -3.6901446,
      40.4872947
     ],
     [
      -3.6902905,
      40.4871007
     ]
    ]
   }
  },
  {
   "type": "Feature",
   "properties": {
    "osm": "way/1228590808",
    "footway": "sidewalk",
    "highway": "footway",
    "xy": [
     [
      307.64,
      4.25
     ],
     [
      306.43,
      3.48
     ]
    ]
   },
   "geometry": {
    "type": "LineString",
    "coordinates": [
     [
      -3.6903664,
      40.4873618
     ],
     [
      -3.6903807,
      40.4873687
     ]
    ]
   }
  },
  {
   "type": "Feature",
   "properties": {
    "osm": "way/1228590809",
    "footway": "sidewalk",
    "highway": "footway",
    "lit": "yes",
    "name": "Calle Virgen de Aránzazu",
    "smoothness": "good",
    "surface": "paving_stones",
    "xy": [
     [
      300.36,
      -0.17
     ],
     [
      301.4,
      -1.83
     ],
     [
      300.95,
      -3.16
     ],
     [
      298.19,
      -5.2
     ],
     [
      301.21,
      -10.66
     ],
     [
      301.98,
      -14.25
     ],
     [
      318.3,
      -4.13
     ],
     [
      326.02,
      -17.69
     ],
     [
      339.66,
      -9.11
     ],
     [
      331.75,
      4.34
     ],
     [
      348.44,
      14.58
     ],
     [
      356.5,
      1.1
     ],
     [
      371.94,
      9.82
     ],
     [
      380.09,
      -3.9
     ],
     [
      384.52,
      -11.34
     ],
     [
      383.83,
      -11.73
     ]
    ]
   },
   "geometry": {
    "type": "LineString",
    "coordinates": [
     [
      -3.6904523,
      40.4874015
     ],
     [
      -3.6904401,
      40.4874164
     ],
     [
      -3.6904454,
      40.4874284
     ],
     [
      -3.690478,
      40.4874467
     ],
     [
      -3.6904423,
      40.4874958
     ],
     [
      -3.6904332,
      40.487528
     ],
     [
      -3.6902405,
      40.4874371
     ],
     [
      -3.6901493,
      40.4875589
     ],
     [
      -3.6899881,
      40.4874818
     ],
     [
      -3.6900816,
      40.487361
     ],
     [
      -3.6898845,
      40.487269
     ],
     [
      -3.6897893,
      40.4873901
     ],
     [
      -3.6896069,
      40.4873118
     ],
     [
      -3.6895106,
      40.487435
     ],
     [
      -3.6894583,
      40.4875019
     ],
     [
      -3.6894665,
      40.4875054
     ]
    ]
   }
  },
  {
   "type": "Feature",
   "properties": {
    "osm": "way/1228590810",
    "footway": "sidewalk",
    "highway": "footway",
    "lit": "yes",
    "name": "Calle Virgen de Aránzazu",
    "smoothness": "good",
    "surface": "paving_stones",
    "xy": [
     [
      301.57,
      0.61
     ],
     [
      300.36,
      -0.17
     ]
    ]
   },
   "geometry": {
    "type": "LineString",
    "coordinates": [
     [
      -3.6904381,
      40.4873945
     ],
     [
      -3.6904523,
      40.4874015
     ]
    ]
   }
  },
  {
   "type": "Feature",
   "properties": {
    "osm": "way/1228590823",
    "footway": "sidewalk",
    "highway": "footway",
    "surface": "paving_stones",
    "xy": [
     [
      41.43,
      141.35
     ],
     [
      40.7,
      140.44
     ]
    ]
   },
   "geometry": {
    "type": "LineString",
    "coordinates": [
     [
      -3.6935107,
      40.4861302
     ],
     [
      -3.6935193,
      40.4861384
     ]
    ]
   }
  },
  {
   "type": "Feature",
   "properties": {
    "osm": "way/1228590824",
    "footway": "sidewalk",
    "highway": "footway",
    "surface": "paving_stones",
    "xy": [
     [
      59.71,
      152.89
     ],
     [
      57.33,
      152.37
     ]
    ]
   },
   "geometry": {
    "type": "LineString",
    "coordinates": [
     [
      -3.6932947,
      40.4860266
     ],
     [
      -3.6933229,
      40.4860312
     ]
    ]
   }
  },
  {
   "type": "Feature",
   "properties": {
    "osm": "way/1228590825",
    "crossing": "uncontrolled",
    "crossing:island": "no",
    "crossing:markings": "zebra",
    "footway": "crossing",
    "highway": "footway",
    "surface": "asphalt",
    "tactile_paving": "yes",
    "xy": [
     [
      16.32,
      143.2
     ],
     [
      14.19,
      147.71
     ],
     [
      11.46,
      153.9
     ]
    ]
   },
   "geometry": {
    "type": "LineString",
    "coordinates": [
     [
      -3.6938072,
      40.4861136
     ],
     [
      -3.6938324,
      40.4860731
     ],
     [
      -3.6938647,
      40.4860175
     ]
    ]
   }
  },
  {
   "type": "Feature",
   "properties": {
    "osm": "way/1228590826",
    "footway": "sidewalk",
    "highway": "footway",
    "xy": [
     [
      11.46,
      153.9
     ],
     [
      11.01,
      155.01
     ]
    ]
   },
   "geometry": {
    "type": "LineString",
    "coordinates": [
     [
      -3.6938647,
      40.4860175
     ],
     [
      -3.6938699,
      40.4860075
     ]
    ]
   }
  },
  {
   "type": "Feature",
   "properties": {
    "osm": "way/1228590827",
    "crossing:island": "no",
    "crossing:markings": "zebra",
    "footway": "sidewalk",
    "highway": "footway",
    "surface": "paving_stones",
    "tactile_paving": "yes",
    "xy": [
     [
      169.18,
      42.49
     ],
     [
      170.91,
      44.62
     ]
    ]
   },
   "geometry": {
    "type": "LineString",
    "coordinates": [
     [
      -3.6920017,
      40.4870183
     ],
     [
      -3.6919813,
      40.4869992
     ]
    ]
   }
  },
  {
   "type": "Feature",
   "properties": {
    "osm": "way/1228590828",
    "crossing:island": "no",
    "crossing:markings": "zebra",
    "footway": "sidewalk",
    "highway": "footway",
    "surface": "paving_stones",
    "tactile_paving": "yes",
    "xy": [
     [
      162.89,
      35.1
     ],
     [
      163.58,
      35.85
     ]
    ]
   },
   "geometry": {
    "type": "LineString",
    "coordinates": [
     [
      -3.6920761,
      40.4870847
     ],
     [
      -3.6920679,
      40.487078
     ]
    ]
   }
  },
  {
   "type": "Feature",
   "properties": {
    "osm": "way/1228590829",
    "footway": "sidewalk",
    "highway": "footway",
    "surface": "asphalt",
    "xy": [
     [
      261.6,
      -39.98
     ],
     [
      260.33,
      -41.02
     ]
    ]
   },
   "geometry": {
    "type": "LineString",
    "coordinates": [
     [
      -3.6909101,
      40.4877591
     ],
     [
      -3.6909251,
      40.4877685
     ]
    ]
   }
  },
  {
   "type": "Feature",
   "properties": {
    "osm": "way/1228651723",
    "covered": "no",
    "dog": "leashed",
    "foot": "yes",
    "footway": "sidewalk",
    "highway": "footway",
    "informal": "no",
    "lit": "yes",
    "oneway": "no",
    "smoothness": "excellent",
    "stroller": "yes",
    "surface": "paving_stones",
    "tactile_paving": "yes",
    "wheelchair": "yes",
    "xy": [
     [
      158.69,
      -163.74
     ],
     [
      158.66,
      -167.48
     ]
    ]
   },
   "geometry": {
    "type": "LineString",
    "coordinates": [
     [
      -3.6921256,
      40.4888709
     ],
     [
      -3.692126,
      40.4889045
     ]
    ]
   }
  },
  {
   "type": "Feature",
   "properties": {
    "osm": "way/1228651724",
    "covered": "no",
    "crossing:island": "no",
    "crossing:markings": "zebra",
    "dog": "leashed",
    "foot": "yes",
    "footway": "sidewalk",
    "highway": "footway",
    "informal": "no",
    "lit": "yes",
    "oneway": "no",
    "smoothness": "good",
    "stroller": "yes",
    "surface": "paving_stones",
    "tactile_paving": "yes",
    "wheelchair": "yes",
    "xy": [
     [
      158.6,
      -154.1
     ],
     [
      158.64,
      -157.4
     ]
    ]
   },
   "geometry": {
    "type": "LineString",
    "coordinates": [
     [
      -3.6921267,
      40.4887843
     ],
     [
      -3.6921263,
      40.4888139
     ]
    ]
   }
  },
  {
   "type": "Feature",
   "properties": {
    "osm": "way/1228651725",
    "covered": "no",
    "crossing:island": "no",
    "crossing:markings": "zebra",
    "dog": "leashed",
    "foot": "yes",
    "footway": "sidewalk",
    "highway": "footway",
    "informal": "no",
    "lit": "yes",
    "oneway": "no",
    "smoothness": "good",
    "stroller": "yes",
    "surface": "paving_stones",
    "tactile_paving": "yes",
    "wheelchair": "yes",
    "xy": [
     [
      153.19,
      -149.07
     ],
     [
      157.17,
      -149.09
     ]
    ]
   },
   "geometry": {
    "type": "LineString",
    "coordinates": [
     [
      -3.6921906,
      40.4887391
     ],
     [
      -3.6921436,
      40.4887393
     ]
    ]
   }
  },
  {
   "type": "Feature",
   "properties": {
    "osm": "way/1228651726",
    "covered": "no",
    "dog": "leashed",
    "foot": "yes",
    "footway": "sidewalk",
    "highway": "footway",
    "informal": "no",
    "lit": "yes",
    "oneway": "no",
    "smoothness": "good",
    "stroller": "yes",
    "surface": "paving_stones",
    "tactile_paving": "yes",
    "wheelchair": "yes",
    "xy": [
     [
      143.81,
      -148.9
     ],
     [
      147.65,
      -148.92
     ]
    ]
   },
   "geometry": {
    "type": "LineString",
    "coordinates": [
     [
      -3.6923014,
      40.4887376
     ],
     [
      -3.6922561,
      40.4887378
     ]
    ]
   }
  },
  {
   "type": "Feature",
   "properties": {
    "osm": "way/1228651727",
    "covered": "no",
    "dog": "leashed",
    "foot": "yes",
    "footway": "sidewalk",
    "highway": "footway",
    "informal": "no",
    "lit": "yes",
    "oneway": "no",
    "smoothness": "good",
    "stroller": "yes",
    "surface": "paving_stones",
    "tactile_paving": "yes",
    "wheelchair": "yes",
    "xy": [
     [
      137.79,
      -154.29
     ],
     [
      137.82,
      -156.74
     ]
    ]
   },
   "geometry": {
    "type": "LineString",
    "coordinates": [
     [
      -3.6923725,
      40.488786
     ],
     [
      -3.6923722,
      40.488808
     ]
    ]
   }
  },
  {
   "type": "Feature",
   "properties": {
    "osm": "way/1228651728",
    "covered": "no",
    "crossing:island": "no",
    "crossing:markings": "zebra",
    "dog": "leashed",
    "foot": "yes",
    "footway": "sidewalk",
    "highway": "footway",
    "informal": "no",
    "lit": "yes",
    "oneway": "no",
    "smoothness": "good",
    "stroller": "yes",
    "surface": "paving_stones",
    "tactile_paving": "yes",
    "wheelchair": "yes",
    "xy": [
     [
      137.78,
      -161.7
     ],
     [
      137.75,
      -165.62
     ]
    ]
   },
   "geometry": {
    "type": "LineString",
    "coordinates": [
     [
      -3.6923726,
      40.4888526
     ],
     [
      -3.692373,
      40.4888878
     ]
    ]
   }
  },
  {
   "type": "Feature",
   "properties": {
    "osm": "way/1228652987",
    "crossing:island": "no",
    "crossing:markings": "zebra",
    "footway": "sidewalk",
    "highway": "footway",
    "surface": "paving_stones",
    "tactile_paving": "yes",
    "xy": [
     [
      20.55,
      -171.51
     ],
     [
      19.41,
      -171.5
     ]
    ]
   },
   "geometry": {
    "type": "LineString",
    "coordinates": [
     [
      -3.6937573,
      40.4889407
     ],
     [
      -3.6937708,
      40.4889406
     ]
    ]
   }
  },
  {
   "type": "Feature",
   "properties": {
    "osm": "way/1228652988",
    "covered": "no",
    "crossing:island": "no",
    "crossing:markings": "zebra",
    "dog": "leashed",
    "foot": "yes",
    "footway": "sidewalk",
    "highway": "footway",
    "informal": "no",
    "lit": "yes",
    "oneway": "no",
    "smoothness": "good",
    "stroller": "yes",
    "surface": "paving_stones",
    "tactile_paving": "yes",
    "wheelchair": "yes",
    "xy": [
     [
      33.53,
      -171.73
     ],
     [
      31.66,
      -171.73
     ]
    ]
   },
   "geometry": {
    "type": "LineString",
    "coordinates": [
     [
      -3.693604,
      40.4889427
     ],
     [
      -3.6936261,
      40.4889427
     ]
    ]
   }
  },
  {
   "type": "Feature",
   "properties": {
    "osm": "way/1228733050",
    "highway": "footway",
    "lit": "automatic",
    "smoothness": "good",
    "surface": "paving_stones",
    "xy": [
     [
      296.19,
      22.8
     ],
     [
      314.06,
      33.32
     ]
    ]
   },
   "geometry": {
    "type": "LineString",
    "coordinates": [
     [
      -3.6905016,
      40.4871952
     ],
     [
      -3.6902905,
      40.4871007
     ]
    ]
   }
  },
  {
   "type": "Feature",
   "properties": {
    "osm": "way/1228734078",
    "highway": "service",
    "service": "parking_aisle",
    "smoothness": "excellent",
    "surface": "asphalt",
    "xy": [
     [
      386.31,
      -15.48
     ],
     [
      332.29,
      -44.62
     ],
     [
      319.39,
      -50.72
     ],
     [
      301.03,
      -54.86
     ],
     [
      299.97,
      -45.6
     ],
     [
      327.03,
      -37.73
     ],
     [
      332.29,
      -44.62
     ]
    ]
   },
   "geometry": {
    "type": "LineString",
    "coordinates": [
     [
      -3.6894371,
      40.4875391
     ],
     [
      -3.6900752,
      40.4878008
     ],
     [
      -3.6902276,
      40.4878556
     ],
     [
      -3.6904444,
      40.4878928
     ],
     [
      -3.6904569,
      40.4878096
     ],
     [
      -3.6901373,
      40.4877389
     ],
     [
      -3.6900752,
      40.4878008
     ]
    ]
   }
  },
  {
   "type": "Feature",
   "properties": {
    "osm": "way/1228734080",
    "access": "private",
    "amenity": "parking",
    "fee": "no",
    "parking": "surface",
    "xy": [
     [
      [
       368.32,
       -19.73
      ],
      [
       364.31,
       -13.35
      ],
      [
       360.15,
       -6.35
      ],
      [
       344.98,
       -15.84
      ],
      [
       349.13,
       -22.5
      ],
      [
       353.15,
       -28.95
      ],
      [
       338.24,
       -38.26
      ],
      [
       334.17,
       -31.73
      ],
      [
       329.97,
       -24.99
      ],
      [
       315.05,
       -34.29
      ],
      [
       310.98,
       -27.76
      ],
      [
       306.78,
       -21.02
      ],
      [
       302.77,
       -14.57
      ],
      [
       302.72,
       -15.75
      ],
      [
       302.58,
       -16.4
      ],
      [
       297.68,
       -39.65
      ],
      [
       288.36,
       -48.82
      ],
      [
       287.38,
       -66.56
      ],
      [
       319.64,
       -58.03
      ],
      [
       344.25,
       -46.43
      ],
      [
       391.13,
       -22.9
      ],
      [
       386.31,
       -15.48
      ],
      [
       384.18,
       -12.35
      ],
      [
       383.83,
       -11.73
      ],
      [
       383.46,
       -11.13
      ],
      [
       368.32,
       -19.73
      ]
     ]
    ]
   },
   "geometry": {
    "type": "Polygon",
    "coordinates": [
     [
      [
       -3.6896496,
       40.4875772
      ],
      [
       -3.689697,
       40.4875199
      ],
      [
       -3.6897461,
       40.487457
      ],
      [
       -3.6899253,
       40.4875423
      ],
      [
       -3.6898763,
       40.4876021
      ],
      [
       -3.6898288,
       40.4876601
      ],
      [
       -3.6900049,
       40.4877437
      ],
      [
       -3.690053,
       40.487685
      ],
      [
       -3.6901026,
       40.4876245
      ],
      [
       -3.6902788,
       40.487708
      ],
      [
       -3.6903269,
       40.4876494
      ],
      [
       -3.6903765,
       40.4875888
      ],
      [
       -3.6904239,
       40.4875309
      ],
      [
       -3.6904245,
       40.4875415
      ],
      [
       -3.6904261,
       40.4875473
      ],
      [
       -3.690484,
       40.4877562
      ],
      [
       -3.6905941,
       40.4878386
      ],
      [
       -3.6906056,
       40.4879979
      ],
      [
       -3.6902246,
       40.4879213
      ],
      [
       -3.6899339,
       40.4878171
      ],
      [
       -3.6893802,
       40.4876057
      ],
      [
       -3.6894371,
       40.4875391
      ],
      [
       -3.6894623,
       40.4875109
      ],
      [
       -3.6894665,
       40.4875054
      ],
      [
       -3.6894708,
       40.4875
      ],
      [
       -3.6896496,
       40.4875772
      ]
     ]
    ]
   }
  },
  {
   "type": "Feature",
   "properties": {
    "osm": "way/1228734081",
    "footway": "sidewalk",
    "highway": "footway",
    "lit": "yes",
    "name": "Calle Virgen de Aránzazu",
    "smoothness": "good",
    "surface": "paving_stones",
    "xy": [
     [
      302.72,
      -15.75
     ],
     [
      301.98,
      -14.25
     ]
    ]
   },
   "geometry": {
    "type": "LineString",
    "coordinates": [
     [
      -3.6904245,
      40.4875415
     ],
     [
      -3.6904332,
      40.487528
     ]
    ]
   }
  },
  {
   "type": "Feature",
   "properties": {
    "osm": "way/1228734082",
    "access": "private",
    "footway": "sidewalk",
    "highway": "footway",
    "lit": "yes",
    "name": "Calle Virgen de Aránzazu",
    "smoothness": "good",
    "surface": "paving_stones",
    "xy": [
     [
      383.83,
      -11.73
     ],
     [
      368.06,
      -20.49
     ],
     [
      359.96,
      -7.16
     ],
     [
      345.91,
      -15.93
     ],
     [
      353.82,
      -29.17
     ],
     [
      337.91,
      -39.14
     ],
     [
      329.71,
      -25.9
     ],
     [
      314.85,
      -35.01
     ],
     [
      302.72,
      -15.75
     ]
    ]
   },
   "geometry": {
    "type": "LineString",
    "coordinates": [
     [
      -3.6894665,
      40.4875054
     ],
     [
      -3.6896527,
      40.4875841
     ],
     [
      -3.6897484,
      40.4874643
     ],
     [
      -3.6899143,
      40.4875431
     ],
     [
      -3.6898209,
      40.487662
     ],
     [
      -3.6900088,
      40.4877516
     ],
     [
      -3.6901057,
      40.4876327
     ],
     [
      -3.6902812,
      40.4877145
     ],
     [
      -3.6904245,
      40.4875415
     ]
    ]
   }
  },
  {
   "type": "Feature",
   "properties": {
    "osm": "way/1229025741",
    "footway": "sidewalk",
    "highway": "footway",
    "smoothness": "intermediate",
    "surface": "paving_stones",
    "xy": [
     [
      337.38,
      -96.5
     ],
     [
      336.46,
      -94.69
     ]
    ]
   },
   "geometry": {
    "type": "LineString",
    "coordinates": [
     [
      -3.6900151,
      40.4882669
     ],
     [
      -3.690026,
      40.4882506
     ]
    ]
   }
  },
  {
   "type": "Feature",
   "properties": {
    "osm": "way/1229025742",
    "crossing": "uncontrolled",
    "crossing:island": "no",
    "crossing:markings": "zebra",
    "footway": "crossing",
    "highway": "footway",
    "surface": "asphalt",
    "tactile_paving": "yes",
    "xy": [
     [
      334.22,
      -90.79
     ],
     [
      335.41,
      -92.8
     ],
     [
      336.46,
      -94.69
     ]
    ]
   },
   "geometry": {
    "type": "LineString",
    "coordinates": [
     [
      -3.6900524,
      40.4882156
     ],
     [
      -3.6900384,
      40.4882336
     ],
     [
      -3.690026,
      40.4882506
     ]
    ]
   }
  },
  {
   "type": "Feature",
   "properties": {
    "osm": "way/1229025746",
    "footway": "sidewalk",
    "highway": "footway",
    "lit": "yes",
    "smoothness": "intermediate",
    "surface": "paving_stones",
    "xy": [
     [
      372.18,
      -78.68
     ],
     [
      353.69,
      -88.82
     ],
     [
      340.28,
      -96.29
     ],
     [
      337.38,
      -96.5
     ],
     [
      335.74,
      -97.94
     ],
     [
      335.7,
      -99.38
     ],
     [
      337.33,
      -100.87
     ],
     [
      340.96,
      -101.65
     ],
     [
      403.1,
      -118.59
     ],
     [
      404.47,
      -118.47
     ]
    ]
   },
   "geometry": {
    "type": "LineString",
    "coordinates": [
     [
      -3.6896041,
      40.4881068
     ],
     [
      -3.6898224,
      40.4881979
     ],
     [
      -3.6899808,
      40.488265
     ],
     [
      -3.6900151,
      40.4882669
     ],
     [
      -3.6900344,
      40.4882798
     ],
     [
      -3.6900349,
      40.4882927
     ],
     [
      -3.6900157,
      40.4883061
     ],
     [
      -3.6899728,
      40.4883131
     ],
     [
      -3.6892388,
      40.4884653
     ],
     [
      -3.6892227,
      40.4884642
     ]
    ]
   }
  },
  {
   "type": "Feature",
   "properties": {
    "osm": "way/1229691973",
    "footway": "sidewalk",
    "highway": "footway",
    "smoothness": "intermediate",
    "surface": "paving_stones",
    "xy": [
     [
      244.51,
      -111.3
     ],
     [
      247.09,
      -111.22
     ],
     [
      246.58,
      -152.15
     ],
     [
      247.15,
      -153.45
     ],
     [
      247.79,
      -154.03
     ],
     [
      248.46,
      -154.65
     ],
     [
      249.88,
      -154.76
     ],
     [
      332.14,
      -156.07
     ],
     [
      381.76,
      -130.07
     ],
     [
      382.21,
      -129.21
     ],
     [
      382.21,
      -128.14
     ],
     [
      381.76,
      -127.23
     ],
     [
      340.84,
      -115.37
     ],
     [
      337.43,
      -114.2
     ],
     [
      320.3,
      -108.29
     ],
     [
      316.07,
      -107.72
     ],
     [
      311.19,
      -107.72
     ]
    ]
   },
   "geometry": {
    "type": "LineString",
    "coordinates": [
     [
      -3.691112,
      40.4883998
     ],
     [
      -3.6910815,
      40.4883991
     ],
     [
      -3.6910875,
      40.4887668
     ],
     [
      -3.6910808,
      40.4887785
     ],
     [
      -3.6910733,
      40.4887837
     ],
     [
      -3.6910654,
      40.4887892
     ],
     [
      -3.6910486,
      40.4887902
     ],
     [
      -3.690077,
      40.488802
     ],
     [
      -3.6894909,
      40.4885684
     ],
     [
      -3.6894856,
      40.4885607
     ],
     [
      -3.6894856,
      40.4885511
     ],
     [
      -3.6894909,
      40.4885429
     ],
     [
      -3.6899742,
      40.4884364
     ],
     [
      -3.6900145,
      40.4884259
     ],
     [
      -3.6902168,
      40.4883728
     ],
     [
      -3.6902668,
      40.4883677
     ],
     [
      -3.6903244,
      40.4883677
     ]
    ]
   }
  },
  {
   "type": "Feature",
   "properties": {
    "osm": "way/1229691974",
    "footway": "sidewalk",
    "highway": "footway",
    "smoothness": "intermediate",
    "surface": "paving_stones",
    "xy": [
     [
      239.63,
      -111.3
     ],
     [
      234.36,
      -111.18
     ]
    ]
   },
   "geometry": {
    "type": "LineString",
    "coordinates": [
     [
      -3.6911696,
      40.4883998
     ],
     [
      -3.6912319,
      40.4883987
     ]
    ]
   }
  },
  {
   "type": "Feature",
   "properties": {
    "osm": "way/1229691981",
    "access": "yes",
    "amenity": "parking",
    "fee": "no",
    "orientation": "parallel",
    "parking": "street_side",
    "surface": "asphalt",
    "xy": [
     [
      [
       254.9,
       -106.68
      ],
      [
       255.04,
       -104.3
      ],
      [
       289.87,
       -104.7
      ],
      [
       289.76,
       -107.22
      ],
      [
       254.9,
       -106.68
      ]
     ]
    ]
   },
   "geometry": {
    "type": "Polygon",
    "coordinates": [
     [
      [
       -3.6909893,
       40.4883583
      ],
      [
       -3.6909876,
       40.4883369
      ],
      [
       -3.6905762,
       40.4883405
      ],
      [
       -3.6905776,
       40.4883632
      ],
      [
       -3.6909893,
       40.4883583
      ]
     ]
    ]
   }
  },
  {
   "type": "Feature",
   "properties": {
    "osm": "way/1229691982",
    "footway": "sidewalk",
    "highway": "footway",
    "smoothness": "intermediate",
    "surface": "paving_stones",
    "xy": [
     [
      289.84,
      -107.96
     ],
     [
      251.64,
      -107.52
     ],
     [
      250.05,
      -107.87
     ],
     [
      247.89,
      -110.08
     ],
     [
      247.09,
      -111.22
     ]
    ]
   },
   "geometry": {
    "type": "LineString",
    "coordinates": [
     [
      -3.6905766,
      40.4883698
     ],
     [
      -3.6910278,
      40.4883659
     ],
     [
      -3.6910466,
      40.488369
     ],
     [
      -3.6910721,
      40.4883889
     ],
     [
      -3.6910815,
      40.4883991
     ]
    ]
   }
  },
  {
   "type": "Feature",
   "properties": {
    "osm": "way/1229691983",
    "crossing": "unmarked",
    "crossing:markings": "no",
    "footway": "crossing",
    "highway": "footway",
    "lit": "yes",
    "smoothness": "intermediate",
    "surface": "paving_stones",
    "xy": [
     [
      311.19,
      -107.72
     ],
     [
      289.84,
      -107.96
     ]
    ]
   },
   "geometry": {
    "type": "LineString",
    "coordinates": [
     [
      -3.6903244,
      40.4883677
     ],
     [
      -3.6905766,
      40.4883698
     ]
    ]
   }
  },
  {
   "type": "Feature",
   "properties": {
    "osm": "way/1229691984",
    "footway": "sidewalk",
    "highway": "footway",
    "surface": "paving_stones",
    "xy": [
     [
      337.43,
      -114.2
     ],
     [
      338.81,
      -109.16
     ]
    ]
   },
   "geometry": {
    "type": "LineString",
    "coordinates": [
     [
      -3.6900145,
      40.4884259
     ],
     [
      -3.6899982,
      40.4883806
     ]
    ]
   }
  },
  {
   "type": "Feature",
   "properties": {
    "osm": "way/1229691987",
    "destination": "calle Nuestra Señora de Valverde",
    "highway": "service",
    "lanes": "1",
    "maxspeed": "30",
    "name": "Calle de Labastida",
    "oneway": "yes",
    "postal_code": "28034",
    "smoothness": "excellent",
    "surface": "asphalt",
    "xy": [
     [
      318.46,
      -101.21
     ],
     [
      339.39,
      -107.15
     ],
     [
      403.15,
      -126.98
     ]
    ]
   },
   "geometry": {
    "type": "LineString",
    "coordinates": [
     [
      -3.6902386,
      40.4883092
     ],
     [
      -3.6899913,
      40.4883625
     ],
     [
      -3.6892382,
      40.4885407
     ]
    ]
   }
  },
  {
   "type": "Feature",
   "properties": {
    "osm": "way/1229691995",
    "access": "yes",
    "amenity": "parking",
    "fee": "no",
    "orientation": "parallel",
    "parking": "street_side",
    "surface": "asphalt",
    "xy": [
     [
      [
       250.78,
       -156.44
      ],
      [
       250.78,
       -158.93
      ],
      [
       332.08,
       -159.73
      ],
      [
       332.14,
       -157.52
      ],
      [
       250.78,
       -156.44
      ]
     ]
    ]
   },
   "geometry": {
    "type": "Polygon",
    "coordinates": [
     [
      [
       -3.6910379,
       40.4888053
      ],
      [
       -3.6910379,
       40.4888277
      ],
      [
       -3.6900777,
       40.4888349
      ],
      [
       -3.690077,
       40.488815
      ],
      [
       -3.6910379,
       40.4888053
      ]
     ]
    ]
   }
  },
  {
   "type": "Feature",
   "properties": {
    "osm": "way/1229691997",
    "crossing:island": "no",
    "highway": "service",
    "smoothness": "good",
    "surface": "paving_stones",
    "tactile_paving": "no",
    "xy": [
     [
      248.93,
      -152.72
     ],
     [
      247.79,
      -154.03
     ],
     [
      246.75,
      -155.3
     ]
    ]
   },
   "geometry": {
    "type": "LineString",
    "coordinates": [
     [
      -3.6910598,
      40.4887719
     ],
     [
      -3.6910733,
      40.4887837
     ],
     [
      -3.6910855,
      40.4887951
     ]
    ]
   }
  },
  {
   "type": "Feature",
   "properties": {
    "osm": "way/1229691998",
    "highway": "service",
    "oneway": "no",
    "smoothness": "good",
    "surface": "asphalt",
    "xy": [
     [
      246.75,
      -155.3
     ],
     [
      241.48,
      -160.73
     ]
    ]
   },
   "geometry": {
    "type": "LineString",
    "coordinates": [
     [
      -3.6910855,
      40.4887951
     ],
     [
      -3.6911478,
      40.4888439
     ]
    ]
   }
  },
  {
   "type": "Feature",
   "properties": {
    "osm": "way/1229691999",
    "highway": "service",
    "motor_vehicle": "no",
    "surface": "asphalt",
    "xy": [
     [
      27.25,
      -195.9
     ],
     [
      25.0,
      -195.83
     ]
    ]
   },
   "geometry": {
    "type": "LineString",
    "coordinates": [
     [
      -3.6936781,
      40.4891598
     ],
     [
      -3.6937047,
      40.4891592
     ]
    ]
   }
  },
  {
   "type": "Feature",
   "properties": {
    "osm": "way/1229692000",
    "highway": "service",
    "motor_vehicle": "no",
    "surface": "paving_stones",
    "xy": [
     [
      35.36,
      -195.93
     ],
     [
      32.65,
      -195.97
     ],
     [
      27.25,
      -195.9
     ]
    ]
   },
   "geometry": {
    "type": "LineString",
    "coordinates": [
     [
      -3.6935823,
      40.4891601
     ],
     [
      -3.6936144,
      40.4891604
     ],
     [
      -3.6936781,
      40.4891598
     ]
    ]
   }
  },
  {
   "type": "Feature",
   "properties": {
    "osm": "way/1229692003",
    "building": "industrial",
    "xy": [
     [
      [
       340.84,
       -131.97
      ],
      [
       341.33,
       -118.24
      ],
      [
       316.15,
       -111.1
      ],
      [
       266.4,
       -109.39
      ],
      [
       251.56,
       -109.17
      ],
      [
       248.54,
       -112.17
      ],
      [
       248.22,
       -128.72
      ],
      [
       258.29,
       -128.81
      ],
      [
       269.26,
       -128.91
      ],
      [
       279.49,
       -129.01
      ],
      [
       279.54,
       -133.94
      ],
      [
       284.79,
       -133.84
      ],
      [
       284.83,
       -138.85
      ],
      [
       289.72,
       -138.75
      ],
      [
       289.72,
       -144.1
      ],
      [
       291.05,
       -144.09
      ],
      [
       297.98,
       -144.05
      ],
      [
       297.92,
       -139.39
      ],
      [
       300.6,
       -139.35
      ],
      [
       300.75,
       -131.45
      ],
      [
       305.49,
       -131.52
      ],
      [
       305.6,
       -126.99
      ],
      [
       323.78,
       -127.07
      ],
      [
       323.65,
       -131.93
      ],
      [
       340.84,
       -131.97
      ]
     ]
    ]
   },
   "geometry": {
    "type": "Polygon",
    "coordinates": [
     [
      [
       -3.6899742,
       40.4885855
      ],
      [
       -3.6899684,
       40.4884622
      ],
      [
       -3.6902658,
       40.488398
      ],
      [
       -3.6908535,
       40.4883827
      ],
      [
       -3.6910287,
       40.4883807
      ],
      [
       -3.6910644,
       40.4884076
      ],
      [
       -3.6910682,
       40.4885563
      ],
      [
       -3.6909493,
       40.4885571
      ],
      [
       -3.6908197,
       40.488558
      ],
      [
       -3.6906989,
       40.4885589
      ],
      [
       -3.6906983,
       40.4886032
      ],
      [
       -3.6906363,
       40.4886023
      ],
      [
       -3.6906358,
       40.4886473
      ],
      [
       -3.690578,
       40.4886464
      ],
      [
       -3.690578,
       40.4886945
      ],
      [
       -3.6905623,
       40.4886944
      ],
      [
       -3.6904804,
       40.488694
      ],
      [
       -3.6904812,
       40.4886522
      ],
      [
       -3.6904495,
       40.4886518
      ],
      [
       -3.6904477,
       40.4885808
      ],
      [
       -3.6903917,
       40.4885815
      ],
      [
       -3.6903905,
       40.4885408
      ],
      [
       -3.6901757,
       40.4885415
      ],
      [
       -3.6901773,
       40.4885851
      ],
      [
       -3.6899742,
       40.4885855
      ]
     ]
    ]
   }
  },
  {
   "type": "Feature",
   "properties": {
    "osm": "way/1229692005",
    "footway": "sidewalk",
    "highway": "footway",
    "smoothness": "intermediate",
    "surface": "paving_stones",
    "xy": [
     [
      154.14,
      -106.56
     ],
     [
      157.32,
      -106.58
     ]
    ]
   },
   "geometry": {
    "type": "LineString",
    "coordinates": [
     [
      -3.6921794,
      40.4883572
     ],
     [
      -3.6921418,
      40.4883574
     ]
    ]
   }
  },
  {
   "type": "Feature",
   "properties": {
    "osm": "way/1229692006",
    "footway": "sidewalk",
    "highway": "footway",
    "smoothness": "intermediate",
    "surface": "paving_stones",
    "xy": [
     [
      157.32,
      -106.58
     ],
     [
      157.81,
      -106.05
     ],
     [
      226.28,
      -107.19
     ]
    ]
   },
   "geometry": {
    "type": "LineString",
    "coordinates": [
     [
      -3.6921418,
      40.4883574
     ],
     [
      -3.692136,
      40.4883527
     ],
     [
      -3.6913273,
      40.4883629
     ]
    ]
   }
  },
  {
   "type": "Feature",
   "properties": {
    "osm": "way/1229916588",
    "covered": "no",
    "dog": "leashed",
    "foot": "yes",
    "footway": "sidewalk",
    "highway": "footway",
    "informal": "no",
    "lit": "yes",
    "oneway": "no",
    "smoothness": "good",
    "stroller": "yes",
    "surface": "paving_stones",
    "tactile_paving": "yes",
    "wheelchair": "yes",
    "xy": [
     [
      146.83,
      -106.01
     ],
     [
      144.5,
      -107.79
     ],
     [
      143.81,
      -148.9
     ],
     [
      143.15,
      -151.68
     ],
     [
      141.68,
      -153.17
     ],
     [
      139.88,
      -154.2
     ],
     [
      137.79,
      -154.29
     ],
     [
      114.95,
      -153.73
     ]
    ]
   },
   "geometry": {
    "type": "LineString",
    "coordinates": [
     [
      -3.6922657,
      40.4883523
     ],
     [
      -3.6922933,
      40.4883683
     ],
     [
      -3.6923014,
      40.4887376
     ],
     [
      -3.6923092,
      40.4887626
     ],
     [
      -3.6923266,
      40.4887759
     ],
     [
      -3.6923478,
      40.4887852
     ],
     [
      -3.6923725,
      40.488786
     ],
     [
      -3.6926423,
      40.488781
     ]
    ]
   }
  },
  {
   "type": "Feature",
   "properties": {
    "osm": "way/1229916589",
    "crossing": "unmarked",
    "crossing:island": "no",
    "crossing:markings": "no",
    "footway": "crossing",
    "highway": "footway",
    "lit": "yes",
    "smoothness": "good",
    "surface": "paving_stones",
    "tactile_paving": "no",
    "xy": [
     [
      114.95,
      -153.73
     ],
     [
      104.6,
      -153.42
     ]
    ]
   },
   "geometry": {
    "type": "LineString",
    "coordinates": [
     [
      -3.6926423,
      40.488781
     ],
     [
      -3.6927645,
      40.4887782
     ]
    ]
   }
  },
  {
   "type": "Feature",
   "properties": {
    "osm": "way/1229916590",
    "access": "yes",
    "amenity": "parking",
    "fee": "no",
    "orientation": "diagonal",
    "parking": "street_side",
    "surface": "asphalt",
    "xy": [
     [
      [
       124.14,
       -157.35
      ],
      [
       124.06,
       -158.96
      ],
      [
       118.1,
       -158.83
      ],
      [
       116.4,
       -154.83
      ],
      [
       124.23,
       -154.9
      ],
      [
       124.14,
       -157.35
      ]
     ]
    ]
   },
   "geometry": {
    "type": "Polygon",
    "coordinates": [
     [
      [
       -3.6925337,
       40.4888135
      ],
      [
       -3.6925347,
       40.488828
      ],
      [
       -3.6926051,
       40.4888268
      ],
      [
       -3.6926251,
       40.4887909
      ],
      [
       -3.6925327,
       40.4887915
      ],
      [
       -3.6925337,
       40.4888135
      ]
     ]
    ]
   }
  },
  {
   "type": "Feature",
   "properties": {
    "osm": "way/1229916591",
    "access": "yes",
    "amenity": "parking",
    "fee": "no",
    "orientation": "parallel",
    "parking": "street_side",
    "surface": "asphalt",
    "xy": [
     [
      [
       134.24,
       -164.1
      ],
      [
       134.47,
       -161.77
      ],
      [
       79.43,
       -161.31
      ],
      [
       79.33,
       -163.83
      ],
      [
       134.24,
       -164.1
      ]
     ]
    ]
   },
   "geometry": {
    "type": "Polygon",
    "coordinates": [
     [
      [
       -3.6924145,
       40.4888741
      ],
      [
       -3.6924117,
       40.4888532
      ],
      [
       -3.6930618,
       40.4888491
      ],
      [
       -3.693063,
       40.4888717
      ],
      [
       -3.6924145,
       40.4888741
      ]
     ]
    ]
   }
  },
  {
   "type": "Feature",
   "properties": {
    "osm": "way/1229916592",
    "access": "yes",
    "amenity": "parking",
    "fee": "no",
    "orientation": "diagonal",
    "parking": "street_side",
    "surface": "asphalt",
    "xy": [
     [
      [
       100.56,
       -154.67
      ],
      [
       99.74,
       -158.59
      ],
      [
       77.2,
       -158.29
      ],
      [
       74.04,
       -154.07
      ],
      [
       100.56,
       -154.67
      ]
     ]
    ]
   },
   "geometry": {
    "type": "Polygon",
    "coordinates": [
     [
      [
       -3.6928122,
       40.4887894
      ],
      [
       -3.6928219,
       40.4888246
      ],
      [
       -3.6930882,
       40.4888219
      ],
      [
       -3.6931255,
       40.488784
      ],
      [
       -3.6928122,
       40.4887894
      ]
     ]
    ]
   }
  },
  {
   "type": "Feature",
   "properties": {
    "osm": "way/1229916593",
    "footway": "sidewalk",
    "highway": "footway",
    "smoothness": "good",
    "xy": [
     [
      76.12,
      -105.06
     ],
     [
      103.31,
      -105.35
     ]
    ]
   },
   "geometry": {
    "type": "LineString",
    "coordinates": [
     [
      -3.6931009,
      40.4883438
     ],
     [
      -3.6927798,
      40.4883464
     ]
    ]
   }
  },
  {
   "type": "Feature",
   "properties": {
    "osm": "way/1229916594",
    "crossing": "unmarked",
    "crossing:island": "no",
    "crossing:markings": "no",
    "footway": "crossing",
    "highway": "footway",
    "lit": "yes",
    "smoothness": "good",
    "surface": "paving_stones",
    "tactile_paving": "no",
    "xy": [
     [
      68.04,
      -104.95
     ],
     [
      76.12,
      -105.06
     ]
    ]
   },
   "geometry": {
    "type": "LineString",
    "coordinates": [
     [
      -3.6931963,
      40.4883428
     ],
     [
      -3.6931009,
      40.4883438
     ]
    ]
   }
  },
  {
   "type": "Feature",
   "properties": {
    "osm": "way/1229916595",
    "access": "yes",
    "amenity": "parking",
    "fee": "no",
    "orientation": "parallel",
    "parking": "street_side",
    "surface": "asphalt",
    "xy": [
     [
      [
       67.78,
       -104.06
      ],
      [
       43.75,
       -103.82
      ],
      [
       43.79,
       -101.56
      ],
      [
       67.88,
       -101.71
      ],
      [
       67.78,
       -104.06
      ]
     ]
    ]
   },
   "geometry": {
    "type": "Polygon",
    "coordinates": [
     [
      [
       -3.6931994,
       40.4883348
      ],
      [
       -3.6934832,
       40.4883326
      ],
      [
       -3.6934828,
       40.4883123
      ],
      [
       -3.6931983,
       40.4883137
      ],
      [
       -3.6931994,
       40.4883348
      ]
     ]
    ]
   }
  },
  {
   "type": "Feature",
   "properties": {
    "osm": "way/1229916596",
    "access": "yes",
    "amenity": "parking",
    "fee": "no",
    "orientation": "parallel",
    "parking": "street_side",
    "surface": "asphalt",
    "xy": [
     [
      [
       103.38,
       -102.26
      ],
      [
       76.56,
       -101.74
      ],
      [
       76.56,
       -104.33
      ],
      [
       103.19,
       -104.66
      ],
      [
       103.38,
       -102.26
      ]
     ]
    ]
   },
   "geometry": {
    "type": "Polygon",
    "coordinates": [
     [
      [
       -3.6927789,
       40.4883186
      ],
      [
       -3.6930957,
       40.4883139
      ],
      [
       -3.6930957,
       40.4883372
      ],
      [
       -3.6927812,
       40.4883402
      ],
      [
       -3.6927789,
       40.4883186
      ]
     ]
    ]
   }
  },
  {
   "type": "Feature",
   "properties": {
    "osm": "way/1229916597",
    "access": "yes",
    "amenity": "parking",
    "fee": "no",
    "orientation": "parallel",
    "parking": "street_side",
    "surface": "asphalt",
    "xy": [
     [
      [
       134.29,
       -98.3
      ],
      [
       134.29,
       -96.06
      ],
      [
       43.97,
       -94.66
      ],
      [
       44.01,
       -97.04
      ],
      [
       134.29,
       -98.3
      ]
     ]
    ]
   },
   "geometry": {
    "type": "Polygon",
    "coordinates": [
     [
      [
       -3.6924138,
       40.488283
      ],
      [
       -3.6924138,
       40.4882629
      ],
      [
       -3.6934806,
       40.4882503
      ],
      [
       -3.6934802,
       40.4882717
      ],
      [
       -3.6924138,
       40.488283
      ]
     ]
    ]
   }
  },
  {
   "type": "Feature",
   "properties": {
    "osm": "way/1229916598",
    "footway": "sidewalk",
    "highway": "footway",
    "smoothness": "good",
    "xy": [
     [
      130.13,
      -105.64
     ],
     [
      138.19,
      -105.66
     ]
    ]
   },
   "geometry": {
    "type": "LineString",
    "coordinates": [
     [
      -3.692463,
      40.488349
     ],
     [
      -3.6923678,
      40.4883492
     ]
    ]
   }
  },
  {
   "type": "Feature",
   "properties": {
    "osm": "way/1229916599",
    "crossing": "unmarked",
    "crossing:island": "no",
    "crossing:markings": "no",
    "footway": "crossing",
    "highway": "footway",
    "lit": "yes",
    "smoothness": "good",
    "surface": "paving_stones",
    "tactile_paving": "no",
    "xy": [
     [
      103.31,
      -105.35
     ],
     [
      130.13,
      -105.64
     ]
    ]
   },
   "geometry": {
    "type": "LineString",
    "coordinates": [
     [
      -3.6927798,
      40.4883464
     ],
     [
      -3.692463,
      40.488349
     ]
    ]
   }
  },
  {
   "type": "Feature",
   "properties": {
    "osm": "way/1229916600",
    "footway": "sidewalk",
    "highway": "footway",
    "smoothness": "good",
    "xy": [
     [
      32.88,
      -120.11
     ],
     [
      32.94,
      -113.97
     ],
     [
      32.94,
      -111.1
     ],
     [
      33.39,
      -108.43
     ],
     [
      34.5,
      -106.12
     ],
     [
      38.89,
      -104.28
     ],
     [
      68.04,
      -104.95
     ]
    ]
   },
   "geometry": {
    "type": "LineString",
    "coordinates": [
     [
      -3.6936116,
      40.488479
     ],
     [
      -3.6936109,
      40.4884238
     ],
     [
      -3.6936109,
      40.488398
     ],
     [
      -3.6936056,
      40.488374
     ],
     [
      -3.6935925,
      40.4883533
     ],
     [
      -3.6935406,
      40.4883368
     ],
     [
      -3.6931963,
      40.4883428
     ]
    ]
   }
  },
  {
   "type": "Feature",
   "properties": {
    "osm": "way/1229916601",
    "crossing": "unmarked",
    "crossing:island": "no",
    "crossing:markings": "no",
    "footway": "crossing",
    "highway": "footway",
    "lit": "yes",
    "smoothness": "good",
    "surface": "paving_stones",
    "tactile_paving": "no",
    "xy": [
     [
      32.71,
      -126.62
     ],
     [
      32.88,
      -120.11
     ]
    ]
   },
   "geometry": {
    "type": "LineString",
    "coordinates": [
     [
      -3.6936137,
      40.4885374
     ],
     [
      -3.6936116,
      40.488479
     ]
    ]
   }
  },
  {
   "type": "Feature",
   "properties": {
    "osm": "way/1229916602",
    "footway": "sidewalk",
    "highway": "footway",
    "smoothness": "good",
    "xy": [
     [
      104.6,
      -153.42
     ],
     [
      73.67,
      -152.94
     ]
    ]
   },
   "geometry": {
    "type": "LineString",
    "coordinates": [
     [
      -3.6927645,
      40.4887782
     ],
     [
      -3.6931298,
      40.4887739
     ]
    ]
   }
  },
  {
   "type": "Feature",
   "properties": {
    "osm": "way/1229916603",
    "crossing": "unmarked",
    "crossing:island": "no",
    "crossing:markings": "no",
    "footway": "crossing",
    "highway": "footway",
    "lit": "yes",
    "smoothness": "good",
    "surface": "paving_stones",
    "tactile_paving": "no",
    "xy": [
     [
      73.67,
      -152.94
     ],
     [
      67.3,
      -152.81
     ]
    ]
   },
   "geometry": {
    "type": "LineString",
    "coordinates": [
     [
      -3.6931298,
      40.4887739
     ],
     [
      -3.6932051,
      40.4887727
     ]
    ]
   }
  },
  {
   "type": "Feature",
   "properties": {
    "osm": "way/1229916604",
    "access": "yes",
    "amenity": "parking",
    "fee": "no",
    "orientation": "parallel",
    "parking": "street_side",
    "surface": "asphalt",
    "xy": [
     [
      [
       62.19,
       -165.11
      ],
      [
       62.19,
       -162.83
      ],
      [
       47.29,
       -162.65
      ],
      [
       47.12,
       -165.03
      ],
      [
       62.19,
       -165.11
      ]
     ]
    ]
   },
   "geometry": {
    "type": "Polygon",
    "coordinates": [
     [
      [
       -3.6932654,
       40.4888832
      ],
      [
       -3.6932655,
       40.4888627
      ],
      [
       -3.6934415,
       40.4888611
      ],
      [
       -3.6934435,
       40.4888825
      ],
      [
       -3.6932654,
       40.4888832
      ]
     ]
    ]
   }
  },
  {
   "type": "Feature",
   "properties": {
    "osm": "way/1229916605",
    "access": "yes",
    "amenity": "parking",
    "fee": "no",
    "orientation": "perpendicular",
    "parking": "street_side",
    "surface": "asphalt",
    "xy": [
     [
      [
       67.22,
       -154.09
      ],
      [
       65.85,
       -158.09
      ],
      [
       37.71,
       -157.61
      ],
      [
       33.73,
       -155.79
      ],
      [
       31.0,
       -153.39
      ],
      [
       28.85,
       -149.94
      ],
      [
       27.93,
       -147.06
      ],
      [
       27.64,
       -144.09
      ],
      [
       28.03,
       -127.17
      ],
      [
       32.25,
       -126.07
      ],
      [
       32.01,
       -146.2
      ],
      [
       32.25,
       -147.83
      ],
      [
       33.11,
       -149.6
      ],
      [
       34.6,
       -151.52
      ],
      [
       36.38,
       -152.71
      ],
      [
       38.36,
       -153.25
      ],
      [
       67.22,
       -154.09
      ]
     ]
    ]
   },
   "geometry": {
    "type": "Polygon",
    "coordinates": [
     [
      [
       -3.693206,
       40.4887842
      ],
      [
       -3.6932222,
       40.4888201
      ],
      [
       -3.6935546,
       40.4888158
      ],
      [
       -3.6936016,
       40.4887995
      ],
      [
       -3.6936338,
       40.4887779
      ],
      [
       -3.6936593,
       40.4887469
      ],
      [
       -3.6936701,
       40.4887211
      ],
      [
       -3.6936735,
       40.4886944
      ],
      [
       -3.6936689,
       40.4885424
      ],
      [
       -3.6936191,
       40.4885325
      ],
      [
       -3.6936219,
       40.4887133
      ],
      [
       -3.6936191,
       40.488728
      ],
      [
       -3.6936089,
       40.4887439
      ],
      [
       -3.6935913,
       40.4887611
      ],
      [
       -3.6935703,
       40.4887718
      ],
      [
       -3.6935469,
       40.4887767
      ],
      [
       -3.693206,
       40.4887842
      ]
     ]
    ]
   }
  },
  {
   "type": "Feature",
   "properties": {
    "osm": "way/1229916606",
    "covered": "no",
    "dog": "leashed",
    "foot": "yes",
    "footway": "sidewalk",
    "highway": "footway",
    "informal": "no",
    "lit": "yes",
    "oneway": "no",
    "smoothness": "good",
    "stroller": "yes",
    "surface": "paving_stones",
    "tactile_paving": "yes",
    "wheelchair": "yes",
    "xy": [
     [
      111.75,
      -221.07
     ],
     [
      112.35,
      -223.51
     ],
     [
      139.75,
      -223.82
     ],
     [
      144.52,
      -219.85
     ],
     [
      144.58,
      -217.35
     ],
     [
      144.64,
      -170.69
     ],
     [
      143.46,
      -167.55
     ],
     [
      140.71,
      -165.67
     ],
     [
      137.75,
      -165.62
     ],
     [
      79.83,
      -164.82
     ],
     [
      79.12,
      -165.17
     ],
     [
      78.47,
      -166.29
     ],
     [
      73.89,
      -167.16
     ]
    ]
   },
   "geometry": {
    "type": "LineString",
    "coordinates": [
     [
      -3.6926801,
      40.4893859
     ],
     [
      -3.692673,
      40.4894078
     ],
     [
      -3.6923494,
      40.4894106
     ],
     [
      -3.692293,
      40.4893749
     ],
     [
      -3.6922923,
      40.4893525
     ],
     [
      -3.6922916,
      40.4889333
     ],
     [
      -3.6923056,
      40.4889051
     ],
     [
      -3.692338,
      40.4888882
     ],
     [
      -3.692373,
      40.4888878
     ],
     [
      -3.6930571,
      40.4888806
     ],
     [
      -3.6930655,
      40.4888837
     ],
     [
      -3.6930732,
      40.4888938
     ],
     [
      -3.6931273,
      40.4889016
     ]
    ]
   }
  },
  {
   "type": "Feature",
   "properties": {
    "osm": "way/1229916607",
    "crossing": "unmarked",
    "crossing:island": "no",
    "crossing:markings": "no",
    "footway": "crossing",
    "highway": "footway",
    "surface": "asphalt",
    "tactile_paving": "no",
    "xy": [
     [
      73.89,
      -167.16
     ],
     [
      67.84,
      -167.09
     ]
    ]
   },
   "geometry": {
    "type": "LineString",
    "coordinates": [
     [
      -3.6931273,
      40.4889016
     ],
     [
      -3.6931987,
      40.488901
     ]
    ]
   }
  },
  {
   "type": "Feature",
   "properties": {
    "osm": "way/1229916608",
    "access": "yes",
    "amenity": "parking",
    "fee": "no",
    "orientation": "parallel",
    "parking": "street_side",
    "surface": "asphalt",
    "xy": [
     [
      [
       21.45,
       -114.39
      ],
      [
       23.8,
       -114.31
      ],
      [
       22.79,
       -168.77
      ],
      [
       20.6,
       -168.76
      ],
      [
       21.45,
       -114.39
      ]
     ]
    ]
   },
   "geometry": {
    "type": "Polygon",
    "coordinates": [
     [
      [
       -3.6937466,
       40.4884276
      ],
      [
       -3.6937189,
       40.4884269
      ],
      [
       -3.6937308,
       40.4889161
      ],
      [
       -3.6937567,
       40.488916
      ],
      [
       -3.6937466,
       40.4884276
      ]
     ]
    ]
   }
  },
  {
   "type": "Feature",
   "properties": {
    "osm": "way/1229916611",
    "footway": "sidewalk",
    "highway": "footway",
    "smoothness": "good",
    "xy": [
     [
      138.19,
      -105.66
     ],
     [
      138.3,
      -102.53
     ]
    ]
   },
   "geometry": {
    "type": "LineString",
    "coordinates": [
     [
      -3.6923678,
      40.4883492
     ],
     [
      -3.6923665,
      40.488321
     ]
    ]
   }
  },
  {
   "type": "Feature",
   "properties": {
    "osm": "way/1229916612",
    "footway": "sidewalk",
    "highway": "footway",
    "lit": "yes",
    "smoothness": "good",
    "surface": "paving_stones",
    "xy": [
     [
      138.19,
      -105.66
     ],
     [
      141.98,
      -105.9
     ],
     [
      144.5,
      -107.79
     ]
    ]
   },
   "geometry": {
    "type": "LineString",
    "coordinates": [
     [
      -3.6923678,
      40.4883492
     ],
     [
      -3.692323,
      40.4883513
     ],
     [
      -3.6922933,
      40.4883683
     ]
    ]
   }
  },
  {
   "type": "Feature",
   "properties": {
    "osm": "way/1229977017",
    "bicycle": "dismount",
    "footway": "sidewalk",
    "highway": "footway",
    "lit": "yes",
    "motor_vehicle": "no",
    "smoothness": "intermediate",
    "surface": "asphalt",
    "xy": [
     [
      -285.4,
      21.69
     ],
     [
      -282.16,
      19.45
     ]
    ]
   },
   "geometry": {
    "type": "LineString",
    "coordinates": [
     [
      -3.697371,
      40.4872052
     ],
     [
      -3.6973327,
      40.4872253
     ]
    ]
   }
  },
  {
   "type": "Feature",
   "properties": {
    "osm": "way/1229977018",
    "bicycle": "dismount",
    "bridge": "yes",
    "crossing": "uncontrolled",
    "crossing:markings": "zebra",
    "footway": "crossing",
    "highway": "footway",
    "layer": "2",
    "lit": "yes",
    "motor_vehicle": "no",
    "surface": "asphalt",
    "xy": [
     [
      -282.16,
      19.45
     ],
     [
      -279.81,
      17.88
     ],
     [
      -277.54,
      16.58
     ]
    ]
   },
   "geometry": {
    "type": "LineString",
    "coordinates": [
     [
      -3.6973327,
      40.4872253
     ],
     [
      -3.6973049,
      40.4872394
     ],
     [
      -3.6972781,
      40.4872511
     ]
    ]
   }
  },
  {
   "type": "Feature",
   "properties": {
    "osm": "way/1230028200",
    "highway": "footway",
    "xy": [
     [
      -48.0,
      -84.77
     ],
     [
      -47.5,
      -86.34
     ]
    ]
   },
   "geometry": {
    "type": "LineString",
    "coordinates": [
     [
      -3.6945669,
      40.4881615
     ],
     [
      -3.694561,
      40.4881756
     ]
    ]
   }
  },
  {
   "type": "Feature",
   "properties": {
    "osm": "way/1230028201",
    "highway": "footway",
    "xy": [
     [
      -41.88,
      -95.9
     ],
     [
      -42.11,
      -94.91
     ],
     [
      -42.32,
      -94.04
     ]
    ]
   },
   "geometry": {
    "type": "LineString",
    "coordinates": [
     [
      -3.6944947,
      40.4882615
     ],
     [
      -3.6944974,
      40.4882526
     ],
     [
      -3.6944998,
      40.4882448
     ]
    ]
   }
  },
  {
   "type": "Feature",
   "properties": {
    "osm": "way/1230331689",
    "highway": "footway",
    "lit": "yes",
    "smoothness": "good",
    "surface": "paving_stones",
    "xy": [
     [
      280.56,
      137.61
     ],
     [
      280.36,
      137.26
     ],
     [
      280.09,
      136.77
     ]
    ]
   },
   "geometry": {
    "type": "LineString",
    "coordinates": [
     [
      -3.6906862,
      40.4861638
     ],
     [
      -3.6906886,
      40.486167
     ],
     [
      -3.6906918,
      40.4861714
     ]
    ]
   }
  },
  {
   "type": "Feature",
   "properties": {
    "osm": "way/1230331690",
    "footway": "sidewalk",
    "highway": "footway",
    "smoothness": "good",
    "surface": "paving_stones",
    "xy": [
     [
      336.05,
      144.07
     ],
     [
      335.41,
      145.13
     ]
    ]
   },
   "geometry": {
    "type": "LineString",
    "coordinates": [
     [
      -3.6900308,
      40.4861058
     ],
     [
      -3.6900383,
      40.4860963
     ]
    ]
   }
  },
  {
   "type": "Feature",
   "properties": {
    "osm": "way/1230331691",
    "crossing": "unmarked",
    "crossing:island": "no",
    "crossing:markings": "no",
    "footway": "crossing",
    "highway": "footway",
    "smoothness": "good",
    "surface": "paving_stones",
    "tactile_paving": "yes",
    "xy": [
     [
      337.73,
      141.15
     ],
     [
      336.86,
      142.67
     ],
     [
      336.05,
      144.07
     ]
    ]
   },
   "geometry": {
    "type": "LineString",
    "coordinates": [
     [
      -3.6900109,
      40.486132
     ],
     [
      -3.6900212,
      40.4861184
     ],
     [
      -3.6900308,
      40.4861058
     ]
    ]
   }
  },
  {
   "type": "Feature",
   "properties": {
    "osm": "way/1230331692",
    "cycleway:both": "no",
    "highway": "service",
    "lane_markings": "no",
    "lit": "no",
    "oneway": "no",
    "postal_code": "28034",
    "sidewalk:both": "separate",
    "smoothness": "excellent",
    "surface": "asphalt",
    "xy": [
     [
      343.31,
      146.22
     ],
     [
      339.27,
      143.94
     ],
     [
      336.86,
      142.67
     ],
     [
      335.22,
      141.71
     ],
     [
      293.04,
      117.09
     ],
     [
      289.92,
      113.4
     ],
     [
      287.82,
      108.6
     ],
     [
      287.46,
      102.9
     ],
     [
      288.82,
      99.31
     ],
     [
      295.77,
      89.04
     ],
     [
      297.24,
      83.06
     ],
     [
      297.0,
      79.05
     ],
     [
      295.32,
      75.7
     ],
     [
      290.6,
      72.48
     ],
     [
      288.25,
      68.55
     ],
     [
      285.93,
      63.06
     ],
     [
      286.98,
      59.51
     ],
     [
      290.76,
      57.57
     ],
     [
      294.12,
      58.15
     ]
    ]
   },
   "geometry": {
    "type": "LineString",
    "coordinates": [
     [
      -3.6899451,
      40.4860865
     ],
     [
      -3.6899928,
      40.486107
     ],
     [
      -3.6900212,
      40.4861184
     ],
     [
      -3.6900406,
      40.486127
     ],
     [
      -3.6905388,
      40.4863482
     ],
     [
      -3.6905756,
      40.4863813
     ],
     [
      -3.6906005,
      40.4864244
     ],
     [
      -3.6906047,
      40.4864756
     ],
     [
      -3.6905886,
      40.4865079
     ],
     [
      -3.6905065,
      40.4866001
     ],
     [
      -3.6904892,
      40.4866539
     ],
     [
      -3.690492,
      40.4866899
     ],
     [
      -3.6905119,
      40.48672
     ],
     [
      -3.6905676,
      40.4867489
     ],
     [
      -3.6905954,
      40.4867842
     ],
     [
      -3.6906228,
      40.4868335
     ],
     [
      -3.6906104,
      40.4868654
     ],
     [
      -3.6905657,
      40.4868828
     ],
     [
      -3.690526,
      40.4868776
     ]
    ]
   }
  },
  {
   "type": "Feature",
   "properties": {
    "osm": "way/1230331696",
    "highway": "footway",
    "lit": "yes",
    "smoothness": "good",
    "surface": "paving_stones",
    "xy": [
     [
      317.91,
      65.6
     ],
     [
      312.6,
      74.67
     ],
     [
      305.71,
      87.3
     ],
     [
      322.42,
      97.59
     ],
     [
      328.19,
      87.29
     ]
    ]
   },
   "geometry": {
    "type": "LineString",
    "coordinates": [
     [
      -3.690245,
      40.4868107
     ],
     [
      -3.6903078,
      40.4867292
     ],
     [
      -3.6903891,
      40.4866158
     ],
     [
      -3.6901918,
      40.4865233
     ],
     [
      -3.6901236,
      40.4866159
     ]
    ]
   }
  },
  {
   "type": "Feature",
   "properties": {
    "osm": "way/1230331697",
    "highway": "footway",
    "lit": "yes",
    "smoothness": "good",
    "surface": "paving_stones",
    "xy": [
     [
      284.35,
      43.19
     ],
     [
      299.53,
      52.68
     ],
     [
      293.24,
      62.88
     ],
     [
      312.6,
      74.67
     ]
    ]
   },
   "geometry": {
    "type": "LineString",
    "coordinates": [
     [
      -3.6906415,
      40.487012
     ],
     [
      -3.6904622,
      40.4869268
     ],
     [
      -3.6905364,
      40.4868351
     ],
     [
      -3.6903078,
      40.4867292
     ]
    ]
   }
  },
  {
   "type": "Feature",
   "properties": {
    "osm": "way/1230740645",
    "highway": "footway",
    "surface": "paving_stones",
    "xy": [
     [
      151.29,
      100.63
     ],
     [
      150.38,
      98.64
     ]
    ]
   },
   "geometry": {
    "type": "LineString",
    "coordinates": [
     [
      -3.6922131,
      40.486496
     ],
     [
      -3.6922238,
      40.4865139
     ]
    ]
   }
  },
  {
   "type": "Feature",
   "properties": {
    "osm": "way/1230740646",
    "highway": "footway",
    "surface": "paving_stones",
    "xy": [
     [
      154.9,
      111.38
     ],
     [
      155.88,
      115.28
     ]
    ]
   },
   "geometry": {
    "type": "LineString",
    "coordinates": [
     [
      -3.6921704,
      40.4863995
     ],
     [
      -3.6921588,
      40.4863644
     ]
    ]
   }
  },
  {
   "type": "Feature",
   "properties": {
    "osm": "way/1230740648",
    "highway": "footway",
    "surface": "paving_stones",
    "xy": [
     [
      145.11,
      72.47
     ],
     [
      144.67,
      67.76
     ]
    ]
   },
   "geometry": {
    "type": "LineString",
    "coordinates": [
     [
      -3.6922861,
      40.486749
     ],
     [
      -3.6922912,
      40.4867913
     ]
    ]
   }
  },
  {
   "type": "Feature",
   "properties": {
    "osm": "way/1230740649",
    "highway": "footway",
    "surface": "paving_stones",
    "xy": [
     [
      149.96,
      90.8
     ],
     [
      149.42,
      88.79
     ],
     [
      148.94,
      87.02
     ]
    ]
   },
   "geometry": {
    "type": "LineString",
    "coordinates": [
     [
      -3.6922288,
      40.4865843
     ],
     [
      -3.6922352,
      40.4866024
     ],
     [
      -3.6922408,
      40.4866183
     ]
    ]
   }
  },
  {
   "type": "Feature",
   "properties": {
    "osm": "way/1231651574",
    "footway": "sidewalk",
    "highway": "footway",
    "xy": [
     [
      16.32,
      143.2
     ],
     [
      17.17,
      141.16
     ]
    ]
   },
   "geometry": {
    "type": "LineString",
    "coordinates": [
     [
      -3.6938072,
      40.4861136
     ],
     [
      -3.6937972,
      40.4861319
     ]
    ]
   }
  },
  {
   "type": "Feature",
   "properties": {
    "osm": "way/1231651575",
    "footway": "sidewalk",
    "highway": "footway",
    "lit": "yes",
    "smoothness": "intermediate",
    "surface": "paving_stones",
    "xy": [
     [
      -4.78,
      130.75
     ],
     [
      -9.95,
      127.74
     ],
     [
      -43.1,
      112.52
     ],
     [
      -44.74,
      111.97
     ]
    ]
   },
   "geometry": {
    "type": "LineString",
    "coordinates": [
     [
      -3.6940564,
      40.4862255
     ],
     [
      -3.6941175,
      40.4862525
     ],
     [
      -3.6945091,
      40.4863892
     ],
     [
      -3.6945284,
      40.4863942
     ]
    ]
   }
  },
  {
   "type": "Feature",
   "properties": {
    "osm": "way/1231651576",
    "crossing": "uncontrolled",
    "crossing:island": "no",
    "crossing:markings": "zebra",
    "footway": "crossing",
    "highway": "footway",
    "surface": "asphalt",
    "tactile_paving": "yes",
    "xy": [
     [
      4.5,
      135.62
     ],
     [
      0.2,
      133.06
     ],
     [
      -4.78,
      130.75
     ]
    ]
   },
   "geometry": {
    "type": "LineString",
    "coordinates": [
     [
      -3.6939468,
      40.4861817
     ],
     [
      -3.6939976,
      40.4862047
     ],
     [
      -3.6940564,
      40.4862255
     ]
    ]
   }
  },
  {
   "type": "Feature",
   "properties": {
    "osm": "way/1231651577",
    "footway": "sidewalk",
    "highway": "footway",
    "surface": "paving_stones",
    "xy": [
     [
      -59.94,
      116.02
     ],
     [
      -59.96,
      122.55
     ]
    ]
   },
   "geometry": {
    "type": "LineString",
    "coordinates": [
     [
      -3.694708,
      40.4863578
     ],
     [
      -3.6947082,
      40.4862991
     ]
    ]
   }
  },
  {
   "type": "Feature",
   "properties": {
    "osm": "way/1231651578",
    "crossing": "uncontrolled",
    "crossing:island": "no",
    "crossing:markings": "zebra",
    "footway": "crossing",
    "highway": "footway",
    "surface": "asphalt",
    "tactile_paving": "yes",
    "xy": [
     [
      -56.56,
      109.37
     ],
     [
      -58.01,
      112.95
     ],
     [
      -59.94,
      116.02
     ]
    ]
   },
   "geometry": {
    "type": "LineString",
    "coordinates": [
     [
      -3.694668,
      40.4864175
     ],
     [
      -3.6946852,
      40.4863854
     ],
     [
      -3.694708,
      40.4863578
     ]
    ]
   }
  },
  {
   "type": "Feature",
   "properties": {
    "osm": "way/1231651579",
    "footway": "sidewalk",
    "highway": "footway",
    "lit": "yes",
    "smoothness": "intermediate",
    "surface": "paving_stones",
    "xy": [
     [
      -56.56,
      109.37
     ],
     [
      -55.09,
      106.9
     ]
    ]
   },
   "geometry": {
    "type": "LineString",
    "coordinates": [
     [
      -3.694668,
      40.4864175
     ],
     [
      -3.6946507,
      40.4864397
     ]
    ]
   }
  },
  {
   "type": "Feature",
   "properties": {
    "osm": "way/1231651580",
    "footway": "sidewalk",
    "highway": "footway",
    "lit": "yes",
    "smoothness": "intermediate",
    "surface": "paving_stones",
    "xy": [
     [
      -51.42,
      108.79
     ],
     [
      -55.09,
      106.9
     ]
    ]
   },
   "geometry": {
    "type": "LineString",
    "coordinates": [
     [
      -3.6946073,
      40.4864227
     ],
     [
      -3.6946507,
      40.4864397
     ]
    ]
   }
  },
  {
   "type": "Feature",
   "properties": {
    "osm": "way/1231651581",
    "crossing": "uncontrolled",
    "crossing:island": "no",
    "crossing:markings": "zebra",
    "footway": "crossing",
    "highway": "footway",
    "surface": "asphalt",
    "tactile_paving": "yes",
    "xy": [
     [
      -44.74,
      111.97
     ],
     [
      -47.78,
      110.41
     ],
     [
      -51.42,
      108.79
     ]
    ]
   },
   "geometry": {
    "type": "LineString",
    "coordinates": [
     [
      -3.6945284,
      40.4863942
     ],
     [
      -3.6945644,
      40.4864082
     ],
     [
      -3.6946073,
      40.4864227
     ]
    ]
   }
  },
  {
   "type": "Feature",
   "properties": {
    "osm": "way/1231651582",
    "footway": "sidewalk",
    "highway": "footway",
    "lit": "yes",
    "smoothness": "intermediate",
    "surface": "paving_stones",
    "xy": [
     [
      -86.68,
      89.43
     ],
     [
      -88.25,
      87.71
     ],
     [
      -93.48,
      83.98
     ],
     [
      -116.16,
      65.33
     ],
     [
      -120.96,
      61.26
     ],
     [
      -123.57,
      59.22
     ],
     [
      -124.91,
      57.07
     ],
     [
      -125.53,
      54.85
     ],
     [
      -125.61,
      50.16
     ],
     [
      -124.94,
      45.82
     ],
     [
      -120.63,
      31.18
     ],
     [
      -120.04,
      30.37
     ],
     [
      -118.85,
      30.03
     ],
     [
      -112.68,
      32.0
     ]
    ]
   },
   "geometry": {
    "type": "LineString",
    "coordinates": [
     [
      -3.6950238,
      40.4865966
     ],
     [
      -3.6950424,
      40.4866121
     ],
     [
      -3.6951041,
      40.4866456
     ],
     [
      -3.695372,
      40.4868131
     ],
     [
      -3.6954287,
      40.4868497
     ],
     [
      -3.6954595,
      40.486868
     ],
     [
      -3.6954753,
      40.4868873
     ],
     [
      -3.6954827,
      40.4869073
     ],
     [
      -3.6954836,
      40.4869494
     ],
     [
      -3.6954757,
      40.4869884
     ],
     [
      -3.6954248,
      40.4871199
     ],
     [
      -3.6954178,
      40.4871272
     ],
     [
      -3.6954038,
      40.4871302
     ],
     [
      -3.6953309,
      40.4871125
     ]
    ]
   }
  },
  {
   "type": "Feature",
   "properties": {
    "osm": "way/1231651583",
    "crossing": "uncontrolled",
    "crossing:island": "no",
    "crossing:markings": "zebra",
    "footway": "crossing",
    "highway": "footway",
    "surface": "asphalt",
    "tactile_paving": "yes",
    "xy": [
     [
      -79.68,
      93.8
     ],
     [
      -82.49,
      92.2
     ],
     [
      -86.68,
      89.43
     ]
    ]
   },
   "geometry": {
    "type": "LineString",
    "coordinates": [
     [
      -3.6949411,
      40.4865574
     ],
     [
      -3.6949743,
      40.4865718
     ],
     [
      -3.6950238,
      40.4865966
     ]
    ]
   }
  },
  {
   "type": "Feature",
   "properties": {
    "osm": "way/1231651584",
    "footway": "sidewalk",
    "highway": "footway",
    "lit": "yes",
    "smoothness": "intermediate",
    "surface": "paving_stones",
    "xy": [
     [
      -77.33,
      95.19
     ],
     [
      -55.09,
      106.9
     ]
    ]
   },
   "geometry": {
    "type": "LineString",
    "coordinates": [
     [
      -3.6949134,
      40.4865449
     ],
     [
      -3.6946507,
      40.4864397
     ]
    ]
   }
  },
  {
   "type": "Feature",
   "properties": {
    "osm": "way/1231651585",
    "footway": "sidewalk",
    "highway": "footway",
    "lit": "yes",
    "smoothness": "intermediate",
    "surface": "paving_stones",
    "xy": [
     [
      -79.68,
      93.8
     ],
     [
      -77.33,
      95.19
     ]
    ]
   },
   "geometry": {
    "type": "LineString",
    "coordinates": [
     [
      -3.6949411,
      40.4865574
     ],
     [
      -3.6949134,
      40.4865449
     ]
    ]
   }
  },
  {
   "type": "Feature",
   "properties": {
    "osm": "way/1231651586",
    "footway": "sidewalk",
    "highway": "footway",
    "lit": "yes",
    "smoothness": "intermediate",
    "surface": "paving_stones",
    "xy": [
     [
      -122.97,
      63.15
     ],
     [
      -120.96,
      61.26
     ]
    ]
   },
   "geometry": {
    "type": "LineString",
    "coordinates": [
     [
      -3.6954524,
      40.4868327
     ],
     [
      -3.6954287,
      40.4868497
     ]
    ]
   }
  },
  {
   "type": "Feature",
   "properties": {
    "osm": "way/1231651587",
    "crossing": "uncontrolled",
    "crossing:island": "no",
    "crossing:markings": "zebra",
    "footway": "crossing",
    "highway": "footway",
    "surface": "asphalt",
    "tactile_paving": "yes",
    "xy": [
     [
      -122.97,
      63.15
     ],
     [
      -125.46,
      65.72
     ]
    ]
   },
   "geometry": {
    "type": "LineString",
    "coordinates": [
     [
      -3.6954524,
      40.4868327
     ],
     [
      -3.6954818,
      40.4868096
     ]
    ]
   }
  },
  {
   "type": "Feature",
   "properties": {
    "osm": "way/1231651588",
    "footway": "sidewalk",
    "highway": "footway",
    "lit": "yes",
    "smoothness": "intermediate",
    "surface": "paving_stones",
    "xy": [
     [
      -128.18,
      67.95
     ],
     [
      -131.81,
      72.0
     ]
    ]
   },
   "geometry": {
    "type": "LineString",
    "coordinates": [
     [
      -3.695514,
      40.4867896
     ],
     [
      -3.6955569,
      40.4867532
     ]
    ]
   }
  },
  {
   "type": "Feature",
   "properties": {
    "osm": "way/1231651589",
    "footway": "sidewalk",
    "highway": "footway",
    "lit": "yes",
    "smoothness": "intermediate",
    "surface": "paving_stones",
    "xy": [
     [
      -126.79,
      54.21
     ],
     [
      -125.53,
      54.85
     ]
    ]
   },
   "geometry": {
    "type": "LineString",
    "coordinates": [
     [
      -3.6954976,
      40.486913
     ],
     [
      -3.6954827,
      40.4869073
     ]
    ]
   }
  },
  {
   "type": "Feature",
   "properties": {
    "osm": "way/1231651590",
    "crossing": "uncontrolled",
    "crossing:island": "no",
    "crossing:markings": "zebra",
    "footway": "crossing",
    "highway": "footway",
    "surface": "asphalt",
    "tactile_paving": "yes",
    "xy": [
     [
      -126.79,
      54.21
     ],
     [
      -134.21,
      46.31
     ],
     [
      -140.29,
      40.14
     ]
    ]
   },
   "geometry": {
    "type": "LineString",
    "coordinates": [
     [
      -3.6954976,
      40.486913
     ],
     [
      -3.6955852,
      40.486984
     ],
     [
      -3.695657,
      40.4870394
     ]
    ]
   }
  },
  {
   "type": "Feature",
   "properties": {
    "osm": "way/1231651591",
    "footway": "sidewalk",
    "highway": "footway",
    "lit": "yes",
    "smoothness": "intermediate",
    "surface": "paving_stones",
    "xy": [
     [
      -140.29,
      40.14
     ],
     [
      -141.58,
      38.18
     ]
    ]
   },
   "geometry": {
    "type": "LineString",
    "coordinates": [
     [
      -3.695657,
      40.4870394
     ],
     [
      -3.6956723,
      40.487057
     ]
    ]
   }
  },
  {
   "type": "Feature",
   "properties": {
    "osm": "way/1231651592",
    "covered": "no",
    "dog": "leashed",
    "foot": "yes",
    "footway": "sidewalk",
    "highway": "footway",
    "informal": "no",
    "lit": "yes",
    "oneway": "no",
    "smoothness": "excellent",
    "stroller": "yes",
    "surface": "paving_stones",
    "tactile_paving": "yes",
    "wheelchair": "yes",
    "xy": [
     [
      -240.05,
      -161.36
     ],
     [
      -238.57,
      -164.82
     ],
     [
      -237.09,
      -169.31
     ],
     [
      -236.87,
      -173.74
     ],
     [
      -237.26,
      -176.3
     ],
     [
      -237.49,
      -177.71
     ],
     [
      -239.24,
      -182.25
     ],
     [
      -241.97,
      -186.52
     ],
     [
      -246.17,
      -189.63
     ],
     [
      -250.89,
      -191.85
     ],
     [
      -255.48,
      -192.69
     ],
     [
      -259.06,
      -194.4
     ],
     [
      -263.04,
      -197.58
     ],
     [
      -265.64,
      -200.82
     ],
     [
      -296.08,
      -252.65
     ],
     [
      -316.86,
      -289.61
     ],
     [
      -317.65,
      -292.78
     ],
     [
      -317.59,
      -296.93
     ],
     [
      -316.23,
      -300.33
     ],
     [
      -313.9,
      -302.6
     ],
     [
      -311.7,
      -303.26
     ]
    ]
   },
   "geometry": {
    "type": "LineString",
    "coordinates": [
     [
      -3.6968353,
      40.4888495
     ],
     [
      -3.6968178,
      40.4888806
     ],
     [
      -3.6968004,
      40.4889209
     ],
     [
      -3.6967977,
      40.4889607
     ],
     [
      -3.6968024,
      40.4889837
     ],
     [
      -3.6968051,
      40.4889964
     ],
     [
      -3.6968258,
      40.4890372
     ],
     [
      -3.696858,
      40.4890755
     ],
     [
      -3.6969076,
      40.4891035
     ],
     [
      -3.6969633,
      40.4891234
     ],
     [
      -3.6970176,
      40.489131
     ],
     [
      -3.6970599,
      40.4891463
     ],
     [
      -3.6971068,
      40.4891749
     ],
     [
      -3.6971376,
      40.489204
     ],
     [
      -3.6974971,
      40.4896696
     ],
     [
      -3.6977425,
      40.4900016
     ],
     [
      -3.6977519,
      40.4900301
     ],
     [
      -3.6977512,
      40.4900674
     ],
     [
      -3.6977351,
      40.4900979
     ],
     [
      -3.6977076,
      40.4901183
     ],
     [
      -3.6976816,
      40.4901242
     ]
    ]
   }
  },
  {
   "type": "Feature",
   "properties": {
    "osm": "way/1231651593",
    "footway": "sidewalk",
    "highway": "footway",
    "lit": "yes",
    "name": "Calle de San Modesto",
    "smoothness": "intermediate",
    "surface": "paving_stones",
    "xy": [
     [
      -233.0,
      -121.49
     ],
     [
      -231.9,
      -121.77
     ]
    ]
   },
   "geometry": {
    "type": "LineString",
    "coordinates": [
     [
      -3.6967521,
      40.4884914
     ],
     [
      -3.6967391,
      40.4884939
     ]
    ]
   }
  },
  {
   "type": "Feature",
   "properties": {
    "osm": "way/1231651594",
    "crossing": "uncontrolled",
    "crossing:island": "no",
    "crossing:markings": "zebra",
    "footway": "crossing",
    "highway": "footway",
    "surface": "asphalt",
    "tactile_paving": "yes",
    "xy": [
     [
      -233.0,
      -121.49
     ],
     [
      -238.34,
      -119.99
     ],
     [
      -244.46,
      -118.46
     ]
    ]
   },
   "geometry": {
    "type": "LineString",
    "coordinates": [
     [
      -3.6967521,
      40.4884914
     ],
     [
      -3.6968151,
      40.4884779
     ],
     [
      -3.6968874,
      40.4884641
     ]
    ]
   }
  },
  {
   "type": "Feature",
   "properties": {
    "osm": "way/1231651595",
    "footway": "sidewalk",
    "highway": "footway",
    "lit": "yes",
    "name": "Calle de San Modesto",
    "smoothness": "intermediate",
    "surface": "paving_stones",
    "xy": [
     [
      -244.46,
      -118.46
     ],
     [
      -247.49,
      -117.53
     ]
    ]
   },
   "geometry": {
    "type": "LineString",
    "coordinates": [
     [
      -3.6968874,
      40.4884641
     ],
     [
      -3.6969232,
      40.4884558
     ]
    ]
   }
  },
  {
   "type": "Feature",
   "properties": {
    "osm": "way/1231651596",
    "highway": "service",
    "lanes": "1",
    "name": "Calle de San Modesto",
    "oneway": "yes",
    "surface": "asphalt",
    "xy": [
     [
      -174.98,
      13.16
     ],
     [
      -169.76,
      16.6
     ],
     [
      -166.85,
      18.47
     ],
     [
      -162.39,
      20.13
     ]
    ]
   },
   "geometry": {
    "type": "LineString",
    "coordinates": [
     [
      -3.6960667,
      40.4872818
     ],
     [
      -3.6960051,
      40.4872509
     ],
     [
      -3.6959707,
      40.4872341
     ],
     [
      -3.695918,
      40.4872192
     ]
    ]
   }
  },
  {
   "type": "Feature",
   "properties": {
    "osm": "way/1231651597",
    "cycleway:both": "no",
    "highway": "residential",
    "lanes": "3",
    "lanes:backward": "1",
    "lanes:forward": "2",
    "lit": "yes",
    "maxspeed": "40",
    "name": "Calle de San Modesto",
    "oneway": "no",
    "postal_code": "28034",
    "sidewalk:left": "no",
    "sidewalk:right": "separate",
    "surface": "asphalt",
    "turn:lanes:forward": "merge_to_right|through",
    "xy": [
     [
      -156.0,
      36.55
     ],
     [
      -148.01,
      45.44
     ]
    ]
   },
   "geometry": {
    "type": "LineString",
    "coordinates": [
     [
      -3.6958426,
      40.4870717
     ],
     [
      -3.6957482,
      40.4869918
     ]
    ]
   }
  },
  {
   "type": "Feature",
   "properties": {
    "osm": "way/1231651598",
    "highway": "service",
    "lanes": "2",
    "oneway": "no",
    "surface": "asphalt",
    "xy": [
     [
      -134.21,
      46.31
     ],
     [
      -136.24,
      50.42
     ]
    ]
   },
   "geometry": {
    "type": "LineString",
    "coordinates": [
     [
      -3.6955852,
      40.486984
     ],
     [
      -3.6956092,
      40.4869471
     ]
    ]
   }
  },
  {
   "type": "Feature",
   "properties": {
    "osm": "way/1231651599",
    "highway": "residential",
    "lanes": "1",
    "lit": "yes",
    "maxspeed": "40",
    "maxspeed:type": "sign",
    "name": "Calle de San Modesto",
    "oneway": "yes",
    "postal_code": "28034",
    "sidewalk:left": "no",
    "sidewalk:right": "separate",
    "surface": "asphalt",
    "turn:lanes": "through;right",
    "xy": [
     [
      -125.46,
      65.72
     ],
     [
      -127.94,
      62.21
     ]
    ]
   },
   "geometry": {
    "type": "LineString",
    "coordinates": [
     [
      -3.6954818,
      40.4868096
     ],
     [
      -3.6955111,
      40.4868412
     ]
    ]
   }
  },
  {
   "type": "Feature",
   "properties": {
    "osm": "way/1231651600",
    "highway": "residential",
    "lanes": "1",
    "lit": "yes",
    "maxspeed": "40",
    "maxspeed:type": "sign",
    "name": "Calle de San Modesto",
    "oneway": "yes",
    "postal_code": "28034",
    "sidewalk:left": "no",
    "surface": "asphalt",
    "xy": [
     [
      -155.86,
      27.59
     ],
     [
      -162.39,
      20.13
     ]
    ]
   },
   "geometry": {
    "type": "LineString",
    "coordinates": [
     [
      -3.6958409,
      40.4871522
     ],
     [
      -3.695918,
      40.4872192
     ]
    ]
   }
  },
  {
   "type": "Feature",
   "properties": {
    "osm": "way/1231651601",
    "highway": "service",
    "lanes": "1",
    "name": "Calle de San Modesto",
    "oneway": "yes",
    "surface": "asphalt",
    "xy": [
     [
      -162.39,
      20.13
     ],
     [
      -163.13,
      23.57
     ],
     [
      -162.54,
      25.7
     ],
     [
      -157.05,
      32.19
     ],
     [
      -156.0,
      36.55
     ]
    ]
   },
   "geometry": {
    "type": "LineString",
    "coordinates": [
     [
      -3.695918,
      40.4872192
     ],
     [
      -3.6959268,
      40.4871883
     ],
     [
      -3.6959198,
      40.4871691
     ],
     [
      -3.695855,
      40.4871108
     ],
     [
      -3.6958426,
      40.4870717
     ]
    ]
   }
  },
  {
   "type": "Feature",
   "properties": {
    "osm": "way/1231651602",
    "highway": "service",
    "lanes": "2",
    "name": "Calle de San Modesto",
    "oneway": "yes",
    "surface": "asphalt",
    "turn:lanes": "left|right",
    "xy": [
     [
      -147.61,
      -1.29
     ],
     [
      -156.03,
      7.89
     ]
    ]
   },
   "geometry": {
    "type": "LineString",
    "coordinates": [
     [
      -3.6957435,
      40.4874116
     ],
     [
      -3.6958429,
      40.4873291
     ]
    ]
   }
  },
  {
   "type": "Feature",
   "properties": {
    "osm": "way/1231651603",
    "highway": "service",
    "lanes": "1",
    "name": "Calle de San Modesto",
    "oneway": "yes",
    "sidewalk:left": "separate",
    "sidewalk:right": "yes",
    "surface": "asphalt",
    "turn:lanes": "through",
    "xy": [
     [
      -169.72,
      10.33
     ],
     [
      -176.3,
      6.0
     ]
    ]
   },
   "geometry": {
    "type": "LineString",
    "coordinates": [
     [
      -3.6960046,
      40.4873072
     ],
     [
      -3.6960823,
      40.4873461
     ]
    ]
   }
  },
  {
   "type": "Feature",
   "properties": {
    "osm": "way/1231651604",
    "highway": "residential",
    "lanes": "1",
    "lit": "yes",
    "maxspeed": "40",
    "name": "Calle de San Modesto",
    "oneway": "no",
    "postal_code": "28034",
    "sidewalk:left": "no",
    "sidewalk:right": "separate",
    "surface": "asphalt",
    "xy": [
     [
      -174.98,
      13.16
     ],
     [
      -171.19,
      18.67
     ],
     [
      -156.0,
      36.55
     ]
    ]
   },
   "geometry": {
    "type": "LineString",
    "coordinates": [
     [
      -3.6960667,
      40.4872818
     ],
     [
      -3.696022,
      40.4872323
     ],
     [
      -3.6958426,
      40.4870717
     ]
    ]
   }
  },
  {
   "type": "Feature",
   "properties": {
    "osm": "way/1231651605",
    "cycleway:both": "no",
    "highway": "residential",
    "lanes": "1",
    "lit": "yes",
    "maxspeed": "40",
    "name": "Calle de San Modesto",
    "oneway": "yes",
    "postal_code": "28034",
    "sidewalk:left": "no",
    "sidewalk:right": "separate",
    "surface": "asphalt",
    "xy": [
     [
      -148.01,
      45.44
     ],
     [
      -145.32,
      49.99
     ],
     [
      -141.82,
      53.88
     ],
     [
      -135.33,
      59.11
     ],
     [
      -125.46,
      65.72
     ]
    ]
   },
   "geometry": {
    "type": "LineString",
    "coordinates": [
     [
      -3.6957482,
      40.4869918
     ],
     [
      -3.6957164,
      40.4869509
     ],
     [
      -3.6956751,
      40.486916
     ],
     [
      -3.6955984,
      40.486869
     ],
     [
      -3.6954818,
      40.4868096
     ]
    ]
   }
  },
  {
   "type": "Feature",
   "properties": {
    "osm": "way/1231651606",
    "crossing": "uncontrolled",
    "crossing:island": "no",
    "crossing:markings": "zebra",
    "footway": "crossing",
    "highway": "footway",
    "surface": "asphalt",
    "tactile_paving": "yes",
    "xy": [
     [
      -125.46,
      65.72
     ],
     [
      -128.18,
      67.95
     ]
    ]
   },
   "geometry": {
    "type": "LineString",
    "coordinates": [
     [
      -3.6954818,
      40.4868096
     ],
     [
      -3.695514,
      40.4867896
     ]
    ]
   }
  },
  {
   "type": "Feature",
   "properties": {
    "osm": "way/1231651607",
    "highway": "residential",
    "lanes": "1",
    "lit": "yes",
    "maxspeed": "40",
    "name": "Calle de San Modesto",
    "oneway": "yes",
    "postal_code": "28034",
    "sidewalk:left": "no",
    "sidewalk:right": "separate",
    "surface": "asphalt",
    "xy": [
     [
      -176.3,
      6.0
     ],
     [
      -174.98,
      13.16
     ]
    ]
   },
   "geometry": {
    "type": "LineString",
    "coordinates": [
     [
      -3.6960823,
      40.4873461
     ],
     [
      -3.6960667,
      40.4872818
     ]
    ]
   }
  },
  {
   "type": "Feature",
   "properties": {
    "osm": "way/1231651608",
    "highway": "service",
    "lanes": "1",
    "name": "Calle de San Modesto",
    "oneway": "yes",
    "surface": "asphalt",
    "xy": [
     [
      -151.52,
      12.12
     ],
     [
      -149.32,
      7.78
     ],
     [
      -144.15,
      2.04
     ],
     [
      -123.31,
      -20.05
     ],
     [
      -112.76,
      -31.24
     ]
    ]
   },
   "geometry": {
    "type": "LineString",
    "coordinates": [
     [
      -3.6957896,
      40.4872911
     ],
     [
      -3.6957637,
      40.4873301
     ],
     [
      -3.6957026,
      40.4873817
     ],
     [
      -3.6954564,
      40.4875801
     ],
     [
      -3.6953318,
      40.4876806
     ]
    ]
   }
  },
  {
   "type": "Feature",
   "properties": {
    "osm": "way/1231651609",
    "highway": "service",
    "lanes": "2",
    "name": "Calle de San Modesto",
    "oneway": "yes",
    "surface": "asphalt",
    "xy": [
     [
      -157.64,
      18.09
     ],
     [
      -151.52,
      12.12
     ]
    ]
   },
   "geometry": {
    "type": "LineString",
    "coordinates": [
     [
      -3.695862,
      40.4872375
     ],
     [
      -3.6957896,
      40.4872911
     ]
    ]
   }
  },
  {
   "type": "Feature",
   "properties": {
    "osm": "way/1231651610",
    "footway": "sidewalk",
    "highway": "footway",
    "lit": "yes",
    "name": "Calle de San Modesto",
    "smoothness": "intermediate",
    "surface": "paving_stones",
    "xy": [
     [
      -230.33,
      -117.43
     ],
     [
      -231.33,
      -118.63
     ],
     [
      -231.9,
      -121.77
     ]
    ]
   },
   "geometry": {
    "type": "LineString",
    "coordinates": [
     [
      -3.6967205,
      40.4884549
     ],
     [
      -3.6967323,
      40.4884657
     ],
     [
      -3.6967391,
      40.4884939
     ]
    ]
   }
  },
  {
   "type": "Feature",
   "properties": {
    "osm": "way/1231651611",
    "crossing": "uncontrolled",
    "crossing:island": "no",
    "crossing:markings": "zebra",
    "footway": "crossing",
    "highway": "footway",
    "surface": "asphalt",
    "tactile_paving": "yes",
    "xy": [
     [
      -226.21,
      -114.95
     ],
     [
      -228.64,
      -115.8
     ],
     [
      -230.33,
      -117.43
     ]
    ]
   },
   "geometry": {
    "type": "LineString",
    "coordinates": [
     [
      -3.6966719,
      40.4884326
     ],
     [
      -3.6967005,
      40.4884402
     ],
     [
      -3.6967205,
      40.4884549
     ]
    ]
   }
  },
  {
   "type": "Feature",
   "properties": {
    "osm": "way/1231651612",
    "footway": "sidewalk",
    "highway": "footway",
    "lit": "yes",
    "smoothness": "intermediate",
    "surface": "paving_stones",
    "xy": [
     [
      -226.21,
      -114.95
     ],
     [
      -225.37,
      -114.63
     ]
    ]
   },
   "geometry": {
    "type": "LineString",
    "coordinates": [
     [
      -3.6966719,
      40.4884326
     ],
     [
      -3.6966619,
      40.4884297
     ]
    ]
   }
  },
  {
   "type": "Feature",
   "properties": {
    "osm": "way/1231651613",
    "footway": "sidewalk",
    "highway": "footway",
    "lit": "yes",
    "smoothness": "intermediate",
    "surface": "paving_stones",
    "xy": [
     [
      -209.27,
      -32.19
     ],
     [
      -211.56,
      -30.62
     ]
    ]
   },
   "geometry": {
    "type": "LineString",
    "coordinates": [
     [
      -3.6964718,
      40.4876892
     ],
     [
      -3.6964988,
      40.4876751
     ]
    ]
   }
  },
  {
   "type": "Feature",
   "properties": {
    "osm": "way/1231651614",
    "crossing": "uncontrolled",
    "crossing:island": "no",
    "crossing:markings": "zebra",
    "footway": "crossing",
    "highway": "footway",
    "surface": "asphalt",
    "tactile_paving": "yes",
    "xy": [
     [
      -200.68,
      -37.0
     ],
     [
      -204.01,
      -35.0
     ],
     [
      -209.27,
      -32.19
     ]
    ]
   },
   "geometry": {
    "type": "LineString",
    "coordinates": [
     [
      -3.6963703,
      40.4877324
     ],
     [
      -3.6964096,
      40.4877144
     ],
     [
      -3.6964718,
      40.4876892
     ]
    ]
   }
  },
  {
   "type": "Feature",
   "properties": {
    "osm": "way/1231651615",
    "footway": "sidewalk",
    "highway": "footway",
    "lit": "yes",
    "smoothness": "intermediate",
    "surface": "paving_stones",
    "xy": [
     [
      -200.68,
      -37.0
     ],
     [
      -198.83,
      -37.92
     ]
    ]
   },
   "geometry": {
    "type": "LineString",
    "coordinates": [
     [
      -3.6963703,
      40.4877324
     ],
     [
      -3.6963484,
      40.4877406
     ]
    ]
   }
  },
  {
   "type": "Feature",
   "properties": {
    "osm": "way/1231651616",
    "highway": "service",
    "lanes": "1",
    "name": "Calle de San Modesto",
    "oneway": "yes",
    "surface": "asphalt",
    "xy": [
     [
      -162.39,
      20.13
     ],
     [
      -157.64,
      18.09
     ]
    ]
   },
   "geometry": {
    "type": "LineString",
    "coordinates": [
     [
      -3.695918,
      40.4872192
     ],
     [
      -3.695862,
      40.4872375
     ]
    ]
   }
  },
  {
   "type": "Feature",
   "properties": {
    "osm": "way/1231651617",
    "highway": "service",
    "lanes": "1",
    "name": "Calle de San Modesto",
    "oneway": "yes",
    "surface": "asphalt",
    "xy": [
     [
      -156.03,
      7.89
     ],
     [
      -162.8,
      16.6
     ],
     [
      -162.39,
      20.13
     ]
    ]
   },
   "geometry": {
    "type": "LineString",
    "coordinates": [
     [
      -3.6958429,
      40.4873291
     ],
     [
      -3.6959229,
      40.4872509
     ],
     [
      -3.695918,
      40.4872192
     ]
    ]
   }
  },
  {
   "type": "Feature",
   "properties": {
    "osm": "way/1231651618",
    "cycleway:both": "no",
    "highway": "residential",
    "lanes": "2",
    "lanes:backward": "1",
    "lanes:forward": "1",
    "lit": "yes",
    "maxspeed": "40",
    "name": "Calle de San Modesto",
    "oneway": "no",
    "postal_code": "28034",
    "sidewalk": "both",
    "surface": "asphalt",
    "turn:lanes:backward": "through",
    "turn:lanes:forward": "through",
    "xy": [
     [
      -86.47,
      97.34
     ],
     [
      -113.38,
      77.24
     ],
     [
      -125.46,
      65.72
     ]
    ]
   },
   "geometry": {
    "type": "LineString",
    "coordinates": [
     [
      -3.6950213,
      40.4865256
     ],
     [
      -3.6953392,
      40.4867061
     ],
     [
      -3.6954818,
      40.4868096
     ]
    ]
   }
  },
  {
   "type": "Feature",
   "properties": {
    "osm": "way/1231651619",
    "footway": "sidewalk",
    "highway": "footway",
    "lit": "yes",
    "smoothness": "intermediate",
    "surface": "paving_stones",
    "xy": [
     [
      -136.34,
      34.71
     ],
     [
      -137.57,
      36.79
     ],
     [
      -139.54,
      38.02
     ],
     [
      -141.58,
      38.18
     ],
     [
      -143.81,
      36.76
     ],
     [
      -146.19,
      34.04
     ],
     [
      -148.93,
      29.48
     ],
     [
      -150.2,
      25.35
     ],
     [
      -149.91,
      20.93
     ],
     [
      -148.09,
      17.33
     ],
     [
      -144.51,
      12.84
     ],
     [
      -101.28,
      -32.59
     ],
     [
      -98.01,
      -35.64
     ],
     [
      -93.48,
      -39.24
     ],
     [
      -89.62,
      -41.59
     ],
     [
      -85.16,
      -43.15
     ],
     [
      -82.95,
      -44.16
     ],
     [
      -80.74,
      -43.72
     ],
     [
      -78.48,
      -42.01
     ],
     [
      -73.61,
      -38.08
     ],
     [
      -69.5,
      -35.56
     ],
     [
      -56.64,
      -29.34
     ],
     [
      -6.76,
      -28.35
     ]
    ]
   },
   "geometry": {
    "type": "LineString",
    "coordinates": [
     [
      -3.6956104,
      40.4870882
     ],
     [
      -3.6956249,
      40.4870695
     ],
     [
      -3.6956481,
      40.4870585
     ],
     [
      -3.6956723,
      40.487057
     ],
     [
      -3.6956986,
      40.4870698
     ],
     [
      -3.6957267,
      40.4870942
     ],
     [
      -3.6957591,
      40.4871352
     ],
     [
      -3.6957741,
      40.4871723
     ],
     [
      -3.6957706,
      40.487212
     ],
     [
      -3.6957491,
      40.4872443
     ],
     [
      -3.6957069,
      40.4872847
     ],
     [
      -3.6951963,
      40.4876928
     ],
     [
      -3.6951576,
      40.4877202
     ],
     [
      -3.6951041,
      40.4877525
     ],
     [
      -3.6950585,
      40.4877736
     ],
     [
      -3.6950058,
      40.4877876
     ],
     [
      -3.6949797,
      40.4877967
     ],
     [
      -3.6949536,
      40.4877927
     ],
     [
      -3.694927,
      40.4877774
     ],
     [
      -3.6948694,
      40.4877421
     ],
     [
      -3.6948209,
      40.4877194
     ],
     [
      -3.694669,
      40.4876636
     ],
     [
      -3.6940798,
      40.4876547
     ]
    ]
   }
  },
  {
   "type": "Feature",
   "properties": {
    "osm": "way/1231651620",
    "highway": "service",
    "lanes": "1",
    "oneway": "yes",
    "service": "driveway",
    "surface": "asphalt",
    "xy": [
     [
      -173.53,
      -24.42
     ],
     [
      -175.21,
      -28.29
     ],
     [
      -188.54,
      -40.45
     ],
     [
      -189.36,
      -42.77
     ],
     [
      -188.83,
      -44.58
     ]
    ]
   },
   "geometry": {
    "type": "LineString",
    "coordinates": [
     [
      -3.6960496,
      40.4876194
     ],
     [
      -3.6960695,
      40.4876541
     ],
     [
      -3.6962269,
      40.4877634
     ],
     [
      -3.6962366,
      40.4877842
     ],
     [
      -3.6962303,
      40.4878005
     ]
    ]
   }
  },
  {
   "type": "Feature",
   "properties": {
    "osm": "way/1231651621",
    "highway": "service",
    "lanes": "1",
    "oneway": "yes",
    "service": "driveway",
    "surface": "asphalt",
    "xy": [
     [
      -192.67,
      -48.25
     ],
     [
      -193.89,
      -44.58
     ],
     [
      -193.09,
      -40.15
     ],
     [
      -176.63,
      -24.6
     ],
     [
      -173.53,
      -24.42
     ]
    ]
   },
   "geometry": {
    "type": "LineString",
    "coordinates": [
     [
      -3.6962757,
      40.4878334
     ],
     [
      -3.6962901,
      40.4878005
     ],
     [
      -3.6962807,
      40.4877607
     ],
     [
      -3.6960862,
      40.487621
     ],
     [
      -3.6960496,
      40.4876194
     ]
    ]
   }
  },
  {
   "type": "Feature",
   "properties": {
    "osm": "way/1231651622",
    "highway": "service",
    "lanes": "2",
    "oneway": "no",
    "service": "driveway",
    "surface": "asphalt",
    "xy": [
     [
      -130.86,
      -26.91
     ],
     [
      -129.99,
      -26.13
     ],
     [
      -126.95,
      -23.41
     ],
     [
      -123.31,
      -20.05
     ]
    ]
   },
   "geometry": {
    "type": "LineString",
    "coordinates": [
     [
      -3.6955456,
      40.4876417
     ],
     [
      -3.6955353,
      40.4876347
     ],
     [
      -3.6954994,
      40.4876103
     ],
     [
      -3.6954564,
      40.4875801
     ]
    ]
   }
  },
  {
   "type": "Feature",
   "properties": {
    "osm": "way/1231651659",
    "crossing": "unmarked",
    "crossing:markings": "no",
    "footway": "crossing",
    "highway": "footway",
    "xy": [
     [
      -136.34,
      34.71
     ],
     [
      -133.72,
      35.73
     ]
    ]
   },
   "geometry": {
    "type": "LineString",
    "coordinates": [
     [
      -3.6956104,
      40.4870882
     ],
     [
      -3.6955794,
      40.487079
     ]
    ]
   }
  },
  {
   "type": "Feature",
   "properties": {
    "osm": "way/1231651669",
    "highway": "footway",
    "xy": [
     [
      -85.16,
      -43.15
     ],
     [
      -79.85,
      -36.56
     ],
     [
      -75.64,
      -33.04
     ],
     [
      -73.27,
      -31.05
     ],
     [
      -68.9,
      -28.89
     ]
    ]
   },
   "geometry": {
    "type": "LineString",
    "coordinates": [
     [
      -3.6950058,
      40.4877876
     ],
     [
      -3.6949431,
      40.4877284
     ],
     [
      -3.6948934,
      40.4876968
     ],
     [
      -3.6948654,
      40.4876789
     ],
     [
      -3.6948138,
      40.4876595
     ]
    ]
   }
  },
  {
   "type": "Feature",
   "properties": {
    "osm": "way/1231651670",
    "highway": "footway",
    "xy": [
     [
      -78.42,
      -30.77
     ],
     [
      -73.27,
      -31.05
     ]
    ]
   },
   "geometry": {
    "type": "LineString",
    "coordinates": [
     [
      -3.6949262,
      40.4876764
     ],
     [
      -3.6948654,
      40.4876789
     ]
    ]
   }
  },
  {
   "type": "Feature",
   "properties": {
    "osm": "way/1231651671",
    "highway": "service",
    "lanes": "2",
    "layer": "-1",
    "oneway": "no",
    "service": "driveway",
    "surface": "asphalt",
    "tunnel": "yes",
    "xy": [
     [
      -132.06,
      -28.01
     ],
     [
      -130.86,
      -26.91
     ]
    ]
   },
   "geometry": {
    "type": "LineString",
    "coordinates": [
     [
      -3.6955598,
      40.4876516
     ],
     [
      -3.6955456,
      40.4876417
     ]
    ]
   }
  },
  {
   "type": "Feature",
   "properties": {
    "osm": "way/1263321197",
    "footway": "sidewalk",
    "highway": "footway",
    "name": "Calle de San Modesto",
    "surface": "paving_stones",
    "xy": [
     [
      142.02,
      197.88
     ],
     [
      141.77,
      197.16
     ]
    ]
   },
   "geometry": {
    "type": "LineString",
    "coordinates": [
     [
      -3.6923225,
      40.4856224
     ],
     [
      -3.6923255,
      40.4856289
     ]
    ]
   }
  },
  {
   "type": "Feature",
   "properties": {
    "osm": "way/1263321198",
    "footway": "sidewalk",
    "highway": "footway",
    "name": "Calle de San Modesto",
    "surface": "paving_stones",
    "xy": [
     [
      128.38,
      132.13
     ],
     [
      129.24,
      132.74
     ]
    ]
   },
   "geometry": {
    "type": "LineString",
    "coordinates": [
     [
      -3.6924836,
      40.4862131
     ],
     [
      -3.6924735,
      40.4862076
     ]
    ]
   }
  },
  {
   "type": "Feature",
   "properties": {
    "osm": "way/1263321199",
    "highway": "footway",
    "surface": "paving_stones",
    "xy": [
     [
      128.38,
      132.13
     ],
     [
      112.79,
      116.06
     ],
     [
      101.73,
      104.69
     ]
    ]
   },
   "geometry": {
    "type": "LineString",
    "coordinates": [
     [
      -3.6924836,
      40.4862131
     ],
     [
      -3.6926678,
      40.4863574
     ],
     [
      -3.6927984,
      40.4864596
     ]
    ]
   }
  },
  {
   "type": "Feature",
   "properties": {
    "osm": "way/1271446843",
    "highway": "footway",
    "level": "0",
    "xy": [
     [
      -48.01,
      -96.28
     ],
     [
      -42.11,
      -94.91
     ]
    ]
   },
   "geometry": {
    "type": "LineString",
    "coordinates": [
     [
      -3.6945671,
      40.4882649
     ],
     [
      -3.6944974,
      40.4882526
     ]
    ]
   }
  },
  {
   "type": "Feature",
   "properties": {
    "osm": "way/1272879216",
    "footway": "sidewalk",
    "highway": "footway",
    "lit": "yes",
    "smoothness": "intermediate",
    "surface": "paving_stones",
    "xy": [
     [
      156.24,
      38.04
     ],
     [
      155.22,
      37.2
     ],
     [
      152.88,
      35.32
     ],
     [
      154.2,
      33.25
     ],
     [
      139.15,
      16.68
     ],
     [
      121.46,
      -4.04
     ],
     [
      111.34,
      -15.87
     ],
     [
      106.98,
      -16.53
     ],
     [
      102.09,
      -27.1
     ],
     [
      96.28,
      -39.63
     ],
     [
      93.27,
      -43.19
     ],
     [
      88.93,
      -46.94
     ],
     [
      82.37,
      -49.38
     ],
     [
      75.78,
      -49.78
     ],
     [
      70.42,
      -49.95
     ],
     [
      64.81,
      -50.04
     ],
     [
      50.25,
      -50.37
     ],
     [
      47.12,
      -55.9
     ],
     [
      -1.54,
      -57.3
     ],
     [
      -4.27,
      -52.78
     ],
     [
      -44.58,
      -55.85
     ],
     [
      -56.74,
      -56.74
     ]
    ]
   },
   "geometry": {
    "type": "LineString",
    "coordinates": [
     [
      -3.6921546,
      40.4870583
     ],
     [
      -3.6921666,
      40.4870658
     ],
     [
      -3.6921943,
      40.4870827
     ],
     [
      -3.6921787,
      40.4871013
     ],
     [
      -3.6923565,
      40.4872502
     ],
     [
      -3.6925654,
      40.4874363
     ],
     [
      -3.6926849,
      40.4875426
     ],
     [
      -3.6927364,
      40.4875485
     ],
     [
      -3.6927942,
      40.4876434
     ],
     [
      -3.6928628,
      40.487756
     ],
     [
      -3.6928983,
      40.487788
     ],
     [
      -3.6929496,
      40.4878217
     ],
     [
      -3.6930271,
      40.4878436
     ],
     [
      -3.6931049,
      40.4878472
     ],
     [
      -3.6931683,
      40.4878487
     ],
     [
      -3.6932345,
      40.4878495
     ],
     [
      -3.6934065,
      40.4878525
     ],
     [
      -3.6934434,
      40.4879022
     ],
     [
      -3.6940182,
      40.4879147
     ],
     [
      -3.6940504,
      40.4878741
     ],
     [
      -3.6945265,
      40.4879017
     ],
     [
      -3.6946702,
      40.4879097
     ]
    ]
   }
  },
  {
   "type": "Feature",
   "properties": {
    "osm": "way/1272879217",
    "footway": "sidewalk",
    "highway": "footway",
    "lit": "yes",
    "smoothness": "intermediate",
    "surface": "paving_stones",
    "xy": [
     [
      -255.88,
      -139.17
     ],
     [
      -260.92,
      -136.63
     ],
     [
      -265.57,
      -132.31
     ],
     [
      -268.76,
      -127.67
     ],
     [
      -272.02,
      -121.54
     ],
     [
      -272.78,
      -119.59
     ],
     [
      -274.1,
      -124.41
     ],
     [
      -274.26,
      -129.15
     ],
     [
      -273.67,
      -133.17
     ],
     [
      -271.96,
      -136.3
     ],
     [
      -268.69,
      -139.73
     ],
     [
      -264.91,
      -142.47
     ],
     [
      -261.18,
      -143.81
     ],
     [
      -257.69,
      -143.65
     ],
     [
      -255.52,
      -142.07
     ],
     [
      -254.75,
      -140.29
     ]
    ]
   },
   "geometry": {
    "type": "LineString",
    "coordinates": [
     [
      -3.6970223,
      40.4886502
     ],
     [
      -3.6970818,
      40.4886274
     ],
     [
      -3.6971367,
      40.4885886
     ],
     [
      -3.6971744,
      40.4885469
     ],
     [
      -3.6972129,
      40.4884918
     ],
     [
      -3.6972219,
      40.4884743
     ],
     [
      -3.6972375,
      40.4885176
     ],
     [
      -3.6972394,
      40.4885602
     ],
     [
      -3.6972324,
      40.4885963
     ],
     [
      -3.6972122,
      40.4886244
     ],
     [
      -3.6971736,
      40.4886552
     ],
     [
      -3.6971289,
      40.4886798
     ],
     [
      -3.6970849,
      40.4886919
     ],
     [
      -3.6970437,
      40.4886904
     ],
     [
      -3.697018,
      40.4886762
     ],
     [
      -3.697009,
      40.4886602
     ]
    ]
   }
  },
  {
   "type": "Feature",
   "properties": {
    "osm": "way/1272879218",
    "footway": "sidewalk",
    "highway": "footway",
    "layer": "-1",
    "lit": "yes",
    "smoothness": "intermediate",
    "surface": "paving_stones",
    "tunnel": "yes",
    "xy": [
     [
      -238.55,
      -146.78
     ],
     [
      -255.88,
      -139.17
     ]
    ]
   },
   "geometry": {
    "type": "LineString",
    "coordinates": [
     [
      -3.6968176,
      40.4887185
     ],
     [
      -3.6970223,
      40.4886502
     ]
    ]
   }
  },
  {
   "type": "Feature",
   "properties": {
    "osm": "way/1272879219",
    "footway": "sidewalk",
    "highway": "footway",
    "lit": "yes",
    "name": "Calle de San Modesto",
    "smoothness": "intermediate",
    "surface": "paving_stones",
    "xy": [
     [
      -254.75,
      -140.29
     ],
     [
      -247.49,
      -117.53
     ]
    ]
   },
   "geometry": {
    "type": "LineString",
    "coordinates": [
     [
      -3.697009,
      40.4886602
     ],
     [
      -3.6969232,
      40.4884558
     ]
    ]
   }
  },
  {
   "type": "Feature",
   "properties": {
    "osm": "way/1272879220",
    "footway": "sidewalk",
    "highway": "footway",
    "lit": "yes",
    "name": "Calle de San Modesto",
    "smoothness": "intermediate",
    "surface": "paving_stones",
    "xy": [
     [
      -231.9,
      -121.77
     ],
     [
      -233.72,
      -128.85
     ],
     [
      -237.22,
      -138.59
     ],
     [
      -239.55,
      -145.83
     ],
     [
      -241.39,
      -152.29
     ],
     [
      -241.43,
      -155.78
     ],
     [
      -240.05,
      -161.36
     ]
    ]
   },
   "geometry": {
    "type": "LineString",
    "coordinates": [
     [
      -3.6967391,
      40.4884939
     ],
     [
      -3.6967606,
      40.4885575
     ],
     [
      -3.6968019,
      40.488645
     ],
     [
      -3.6968294,
      40.48871
     ],
     [
      -3.6968511,
      40.488768
     ],
     [
      -3.6968516,
      40.4887994
     ],
     [
      -3.6968353,
      40.4888495
     ]
    ]
   }
  },
  {
   "type": "Feature",
   "properties": {
    "osm": "way/1272879221",
    "footway": "sidewalk",
    "highway": "footway",
    "lit": "yes",
    "smoothness": "intermediate",
    "surface": "paving_stones",
    "xy": [
     [
      -137.53,
      -92.37
     ],
     [
      -161.52,
      -109.94
     ],
     [
      -162.39,
      -109.74
     ],
     [
      -162.74,
      -109.08
     ],
     [
      -158.75,
      -95.97
     ],
     [
      -155.79,
      -93.14
     ]
    ]
   },
   "geometry": {
    "type": "LineString",
    "coordinates": [
     [
      -3.6956244,
      40.4882298
     ],
     [
      -3.6959078,
      40.4883876
     ],
     [
      -3.695918,
      40.4883858
     ],
     [
      -3.6959222,
      40.4883799
     ],
     [
      -3.6958751,
      40.4882621
     ],
     [
      -3.6958401,
      40.4882367
     ]
    ]
   }
  },
  {
   "type": "Feature",
   "properties": {
    "osm": "way/1272879222",
    "footway": "sidewalk",
    "highway": "footway",
    "lit": "yes",
    "smoothness": "intermediate",
    "surface": "paving_stones",
    "xy": [
     [
      65.11,
      -41.48
     ],
     [
      64.32,
      -41.79
     ],
     [
      2.06,
      -43.63
     ],
     [
      -2.29,
      -43.75
     ],
     [
      -12.73,
      -44.06
     ],
     [
      -60.22,
      -45.46
     ],
     [
      -69.44,
      -45.73
     ],
     [
      -65.5,
      -42.94
     ],
     [
      -57.18,
      -39.4
     ],
     [
      -49.54,
      -37.21
     ],
     [
      -41.32,
      -36.92
     ],
     [
      -36.43,
      -36.75
     ],
     [
      -34.75,
      -35.74
     ],
     [
      -32.99,
      -34.72
     ],
     [
      -2.93,
      -33.69
     ],
     [
      1.89,
      -33.52
     ],
     [
      29.64,
      -32.55
     ],
     [
      31.27,
      -33.85
     ],
     [
      33.78,
      -34.48
     ]
    ]
   },
   "geometry": {
    "type": "LineString",
    "coordinates": [
     [
      -3.693231,
      40.4877726
     ],
     [
      -3.6932403,
      40.4877754
     ],
     [
      -3.6939757,
      40.4877919
     ],
     [
      -3.694027,
      40.487793
     ],
     [
      -3.6941504,
      40.4877958
     ],
     [
      -3.6947113,
      40.4878084
     ],
     [
      -3.6948202,
      40.4878108
     ],
     [
      -3.6947736,
      40.4877857
     ],
     [
      -3.6946754,
      40.4877539
     ],
     [
      -3.6945851,
      40.4877343
     ],
     [
      -3.6944881,
      40.4877317
     ],
     [
      -3.6944303,
      40.4877301
     ],
     [
      -3.6944105,
      40.4877211
     ],
     [
      -3.6943896,
      40.4877119
     ],
     [
      -3.6940346,
      40.4877026
     ],
     [
      -3.6939777,
      40.4877011
     ],
     [
      -3.6936499,
      40.4876924
     ],
     [
      -3.6936307,
      40.4877041
     ],
     [
      -3.693601,
      40.4877097
     ]
    ]
   }
  },
  {
   "type": "Feature",
   "properties": {
    "osm": "way/1272879223",
    "footway": "sidewalk",
    "highway": "footway",
    "xy": [
     [
      145.77,
      48.01
     ],
     [
      146.82,
      47.64
     ]
    ]
   },
   "geometry": {
    "type": "LineString",
    "coordinates": [
     [
      -3.6922782,
      40.4869687
     ],
     [
      -3.6922659,
      40.486972
     ]
    ]
   }
  },
  {
   "type": "Feature",
   "properties": {
    "osm": "way/1272879224",
    "footway": "sidewalk",
    "highway": "footway",
    "lit": "yes",
    "smoothness": "intermediate",
    "surface": "paving_stones",
    "xy": [
     [
      145.77,
      48.01
     ],
     [
      145.28,
      46.2
     ],
     [
      143.42,
      44.44
     ],
     [
      140.72,
      44.06
     ],
     [
      138.67,
      45.12
     ],
     [
      121.19,
      65.29
     ],
     [
      118.91,
      67.5
     ],
     [
      114.72,
      70.23
     ],
     [
      108.84,
      72.8
     ],
     [
      63.58,
      83.32
     ],
     [
      63.18,
      84.21
     ],
     [
      62.65,
      85.95
     ],
     [
      42.53,
      90.57
     ],
     [
      33.49,
      92.3
     ],
     [
      32.15,
      89.96
     ],
     [
      23.01,
      89.51
     ],
     [
      23.08,
      80.03
     ],
     [
      33.37,
      79.81
     ],
     [
      42.98,
      78.98
     ],
     [
      43.97,
      80.57
     ],
     [
      55.55,
      78.32
     ],
     [
      55.77,
      77.65
     ],
     [
      54.68,
      72.87
     ]
    ]
   },
   "geometry": {
    "type": "LineString",
    "coordinates": [
     [
      -3.6922782,
      40.4869687
     ],
     [
      -3.692284,
      40.486985
     ],
     [
      -3.692306,
      40.4870008
     ],
     [
      -3.6923379,
      40.4870042
     ],
     [
      -3.6923621,
      40.4869947
     ],
     [
      -3.6925686,
      40.4868135
     ],
     [
      -3.6925955,
      40.4867936
     ],
     [
      -3.692645,
      40.4867691
     ],
     [
      -3.6927144,
      40.486746
     ],
     [
      -3.693249,
      40.4866515
     ],
     [
      -3.6932537,
      40.4866435
     ],
     [
      -3.69326,
      40.4866279
     ],
     [
      -3.6934977,
      40.4865864
     ],
     [
      -3.6936044,
      40.4865709
     ],
     [
      -3.6936203,
      40.4865919
     ],
     [
      -3.6937282,
      40.4865959
     ],
     [
      -3.6937274,
      40.4866811
     ],
     [
      -3.6936059,
      40.4866831
     ],
     [
      -3.6934924,
      40.4866905
     ],
     [
      -3.6934806,
      40.4866762
     ],
     [
      -3.6933439,
      40.4866964
     ],
     [
      -3.6933413,
      40.4867025
     ],
     [
      -3.6933542,
      40.4867454
     ]
    ]
   }
  },
  {
   "type": "Feature",
   "properties": {
    "osm": "way/1272879228",
    "crossing:island": "no",
    "crossing:markings": "zebra",
    "footway": "sidewalk",
    "highway": "footway",
    "surface": "asphalt",
    "tactile_paving": "yes",
    "xy": [
     [
      156.02,
      38.88
     ],
     [
      156.24,
      38.04
     ]
    ]
   },
   "geometry": {
    "type": "LineString",
    "coordinates": [
     [
      -3.6921572,
      40.4870507
     ],
     [
      -3.6921546,
      40.4870583
     ]
    ]
   }
  },
  {
   "type": "Feature",
   "properties": {
    "osm": "way/1272879229",
    "crossing:island": "no",
    "crossing:markings": "zebra",
    "footway": "sidewalk",
    "highway": "footway",
    "surface": "asphalt",
    "tactile_paving": "yes",
    "xy": [
     [
      -4.35,
      -51.7
     ],
     [
      -4.27,
      -52.78
     ]
    ]
   },
   "geometry": {
    "type": "LineString",
    "coordinates": [
     [
      -3.6940514,
      40.4878644
     ],
     [
      -3.6940504,
      40.4878741
     ]
    ]
   }
  },
  {
   "type": "Feature",
   "properties": {
    "osm": "way/1272879230",
    "crossing": "uncontrolled",
    "crossing:island": "no",
    "crossing:markings": "zebra",
    "footway": "crossing",
    "highway": "footway",
    "surface": "asphalt",
    "tactile_paving": "yes",
    "xy": [
     [
      -4.35,
      -51.7
     ],
     [
      -4.44,
      -49.49
     ],
     [
      -4.5,
      -44.94
     ]
    ]
   },
   "geometry": {
    "type": "LineString",
    "coordinates": [
     [
      -3.6940514,
      40.4878644
     ],
     [
      -3.6940524,
      40.4878446
     ],
     [
      -3.6940531,
      40.4878037
     ]
    ]
   }
  },
  {
   "type": "Feature",
   "properties": {
    "osm": "way/1272879231",
    "footway": "sidewalk",
    "highway": "footway",
    "xy": [
     [
      -4.51,
      -44.38
     ],
     [
      -4.5,
      -44.94
     ]
    ]
   },
   "geometry": {
    "type": "LineString",
    "coordinates": [
     [
      -3.6940533,
      40.4877987
     ],
     [
      -3.6940531,
      40.4878037
     ]
    ]
   }
  },
  {
   "type": "Feature",
   "properties": {
    "osm": "way/1272879233",
    "crossing:island": "no",
    "crossing:markings": "zebra",
    "footway": "sidewalk",
    "highway": "footway",
    "surface": "asphalt",
    "tactile_paving": "yes",
    "xy": [
     [
      -57.4,
      -55.05
     ],
     [
      -56.74,
      -56.74
     ]
    ]
   },
   "geometry": {
    "type": "LineString",
    "coordinates": [
     [
      -3.694678,
      40.4878945
     ],
     [
      -3.6946702,
      40.4879097
     ]
    ]
   }
  },
  {
   "type": "Feature",
   "properties": {
    "osm": "way/1272879234",
    "crossing": "uncontrolled",
    "crossing:island": "no",
    "crossing:markings": "zebra",
    "footway": "crossing",
    "highway": "footway",
    "surface": "asphalt",
    "tactile_paving": "yes",
    "xy": [
     [
      -57.4,
      -55.05
     ],
     [
      -58.44,
      -51.22
     ],
     [
      -59.83,
      -46.65
     ]
    ]
   },
   "geometry": {
    "type": "LineString",
    "coordinates": [
     [
      -3.694678,
      40.4878945
     ],
     [
      -3.6946903,
      40.4878601
     ],
     [
      -3.6947067,
      40.4878191
     ]
    ]
   }
  },
  {
   "type": "Feature",
   "properties": {
    "osm": "way/1272879235",
    "footway": "sidewalk",
    "highway": "footway",
    "xy": [
     [
      -60.22,
      -45.46
     ],
     [
      -59.83,
      -46.65
     ]
    ]
   },
   "geometry": {
    "type": "LineString",
    "coordinates": [
     [
      -3.6947113,
      40.4878084
     ],
     [
      -3.6947067,
      40.4878191
     ]
    ]
   }
  },
  {
   "type": "Feature",
   "properties": {
    "osm": "way/1272879237",
    "footway": "sidewalk",
    "highway": "footway",
    "lit": "yes",
    "smoothness": "intermediate",
    "surface": "paving_stones",
    "xy": [
     [
      -56.74,
      -56.74
     ],
     [
      -78.94,
      -62.39
     ],
     [
      -92.98,
      -70.18
     ],
     [
      -112.62,
      -83.98
     ],
     [
      -154.76,
      -113.33
     ]
    ]
   },
   "geometry": {
    "type": "LineString",
    "coordinates": [
     [
      -3.6946702,
      40.4879097
     ],
     [
      -3.6949324,
      40.4879605
     ],
     [
      -3.6950982,
      40.4880304
     ],
     [
      -3.6953302,
      40.4881544
     ],
     [
      -3.6958279,
      40.4884181
     ]
    ]
   }
  },
  {
   "type": "Feature",
   "properties": {
    "osm": "way/1272879238",
    "crossing:island": "no",
    "crossing:markings": "zebra",
    "footway": "sidewalk",
    "highway": "footway",
    "surface": "asphalt",
    "tactile_paving": "yes",
    "xy": [
     [
      -70.5,
      -45.23
     ],
     [
      -69.44,
      -45.73
     ]
    ]
   },
   "geometry": {
    "type": "LineString",
    "coordinates": [
     [
      -3.6948327,
      40.4878063
     ],
     [
      -3.6948202,
      40.4878108
     ]
    ]
   }
  },
  {
   "type": "Feature",
   "properties": {
    "osm": "way/1272879239",
    "crossing": "uncontrolled",
    "crossing:island": "no",
    "crossing:markings": "zebra",
    "footway": "crossing",
    "highway": "footway",
    "surface": "asphalt",
    "tactile_paving": "yes",
    "xy": [
     [
      -70.5,
      -45.23
     ],
     [
      -75.39,
      -45.17
     ],
     [
      -79.97,
      -44.15
     ]
    ]
   },
   "geometry": {
    "type": "LineString",
    "coordinates": [
     [
      -3.6948327,
      40.4878063
     ],
     [
      -3.6948905,
      40.4878058
     ],
     [
      -3.6949445,
      40.4877966
     ]
    ]
   }
  },
  {
   "type": "Feature",
   "properties": {
    "osm": "way/1272879242",
    "footway": "sidewalk",
    "highway": "footway",
    "lit": "yes",
    "smoothness": "intermediate",
    "surface": "paving_stones",
    "xy": [
     [
      -44.58,
      -55.85
     ],
     [
      -44.39,
      -56.76
     ],
     [
      -52.9,
      -57.74
     ],
     [
      -54.16,
      -59.12
     ],
     [
      -55.68,
      -59.65
     ]
    ]
   },
   "geometry": {
    "type": "LineString",
    "coordinates": [
     [
      -3.6945265,
      40.4879017
     ],
     [
      -3.6945243,
      40.4879099
     ],
     [
      -3.6946248,
      40.4879187
     ],
     [
      -3.6946397,
      40.4879311
     ],
     [
      -3.6946576,
      40.4879358
     ]
    ]
   }
  },
  {
   "type": "Feature",
   "properties": {
    "osm": "way/1272879243",
    "footway": "sidewalk",
    "highway": "footway",
    "xy": [
     [
      -56.74,
      -56.74
     ],
     [
      -56.36,
      -57.79
     ]
    ]
   },
   "geometry": {
    "type": "LineString",
    "coordinates": [
     [
      -3.6946702,
      40.4879097
     ],
     [
      -3.6946657,
      40.4879191
     ]
    ]
   }
  },
  {
   "type": "Feature",
   "properties": {
    "osm": "way/1272879244",
    "footway": "sidewalk",
    "highway": "footway",
    "xy": [
     [
      -55.68,
      -59.65
     ],
     [
      -55.33,
      -60.65
     ]
    ]
   },
   "geometry": {
    "type": "LineString",
    "coordinates": [
     [
      -3.6946576,
      40.4879358
     ],
     [
      -3.6946535,
      40.4879448
     ]
    ]
   }
  },
  {
   "type": "Feature",
   "properties": {
    "osm": "way/1272879245",
    "footway": "sidewalk",
    "highway": "footway",
    "lit": "yes",
    "smoothness": "intermediate",
    "surface": "paving_stones",
    "xy": [
     [
      33.78,
      -34.48
     ],
     [
      53.66,
      -33.75
     ]
    ]
   },
   "geometry": {
    "type": "LineString",
    "coordinates": [
     [
      -3.693601,
      40.4877097
     ],
     [
      -3.6933662,
      40.4877032
     ]
    ]
   }
  },
  {
   "type": "Feature",
   "properties": {
    "osm": "way/1272879246",
    "footway": "sidewalk",
    "highway": "footway",
    "incline": "up",
    "lit": "yes",
    "smoothness": "intermediate",
    "surface": "paving_stones",
    "xy": [
     [
      65.11,
      -41.48
     ],
     [
      64.84,
      -41.03
     ],
     [
      64.17,
      -40.35
     ],
     [
      63.68,
      -39.87
     ],
     [
      63.06,
      -39.37
     ],
     [
      55.66,
      -34.18
     ],
     [
      53.66,
      -33.75
     ]
    ]
   },
   "geometry": {
    "type": "LineString",
    "coordinates": [
     [
      -3.693231,
      40.4877726
     ],
     [
      -3.6932342,
      40.4877686
     ],
     [
      -3.6932421,
      40.4877625
     ],
     [
      -3.6932478,
      40.4877582
     ],
     [
      -3.6932552,
      40.4877537
     ],
     [
      -3.6933426,
      40.487707
     ],
     [
      -3.6933662,
      40.4877032
     ]
    ]
   }
  },
  {
   "type": "Feature",
   "properties": {
    "osm": "way/1272879247",
    "footway": "sidewalk",
    "highway": "footway",
    "incline": "up",
    "lit": "yes",
    "smoothness": "intermediate",
    "surface": "paving_stones",
    "xy": [
     [
      -2.29,
      -43.75
     ],
     [
      -2.32,
      -42.72
     ],
     [
      -8.37,
      -42.9
     ],
     [
      -8.42,
      -41.97
     ]
    ]
   },
   "geometry": {
    "type": "LineString",
    "coordinates": [
     [
      -3.694027,
      40.487793
     ],
     [
      -3.6940274,
      40.4877838
     ],
     [
      -3.6940989,
      40.4877854
     ],
     [
      -3.6940995,
      40.487777
     ]
    ]
   }
  },
  {
   "type": "Feature",
   "properties": {
    "osm": "way/1272879248",
    "footway": "sidewalk",
    "highway": "footway",
    "incline": "up",
    "lit": "yes",
    "smoothness": "intermediate",
    "surface": "paving_stones",
    "xy": [
     [
      -1.65,
      -36.61
     ],
     [
      -7.97,
      -36.82
     ],
     [
      -8.03,
      -35.64
     ],
     [
      -2.87,
      -35.51
     ]
    ]
   },
   "geometry": {
    "type": "LineString",
    "coordinates": [
     [
      -3.6940195,
      40.4877289
     ],
     [
      -3.6940941,
      40.4877308
     ],
     [
      -3.6940948,
      40.4877202
     ],
     [
      -3.6940339,
      40.487719
     ]
    ]
   }
  },
  {
   "type": "Feature",
   "properties": {
    "osm": "way/1272879249",
    "footway": "sidewalk",
    "highway": "footway",
    "incline": "up",
    "lit": "yes",
    "smoothness": "intermediate",
    "surface": "paving_stones",
    "xy": [
     [
      -12.73,
      -44.06
     ],
     [
      -12.89,
      -42.01
     ],
     [
      -8.42,
      -41.97
     ],
     [
      -1.5,
      -41.71
     ]
    ]
   },
   "geometry": {
    "type": "LineString",
    "coordinates": [
     [
      -3.6941504,
      40.4877958
     ],
     [
      -3.6941522,
      40.4877774
     ],
     [
      -3.6940995,
      40.487777
     ],
     [
      -3.6940177,
      40.4877747
     ]
    ]
   }
  },
  {
   "type": "Feature",
   "properties": {
    "osm": "way/1272879250",
    "footway": "sidewalk",
    "highway": "footway",
    "lit": "yes",
    "smoothness": "intermediate",
    "surface": "paving_stones",
    "xy": [
     [
      -1.5,
      -41.71
     ],
     [
      1.98,
      -41.54
     ],
     [
      1.92,
      -36.5
     ]
    ]
   },
   "geometry": {
    "type": "LineString",
    "coordinates": [
     [
      -3.6940177,
      40.4877747
     ],
     [
      -3.6939766,
      40.4877732
     ],
     [
      -3.6939773,
      40.4877279
     ]
    ]
   }
  },
  {
   "type": "Feature",
   "properties": {
    "osm": "way/1272879251",
    "footway": "sidewalk",
    "highway": "footway",
    "lit": "yes",
    "smoothness": "intermediate",
    "surface": "paving_stones",
    "xy": [
     [
      -2.87,
      -35.51
     ],
     [
      -2.93,
      -33.69
     ]
    ]
   },
   "geometry": {
    "type": "LineString",
    "coordinates": [
     [
      -3.6940339,
      40.487719
     ],
     [
      -3.6940346,
      40.4877026
     ]
    ]
   }
  },
  {
   "type": "Feature",
   "properties": {
    "osm": "way/1272879254",
    "highway": "footway",
    "lit": "yes",
    "smoothness": "good",
    "surface": "paving_stones",
    "xy": [
     [
      261.6,
      -39.98
     ],
     [
      264.74,
      -35.95
     ],
     [
      266.6,
      -34.29
     ],
     [
      269.18,
      -33.15
     ],
     [
      270.6,
      -31.93
     ]
    ]
   },
   "geometry": {
    "type": "LineString",
    "coordinates": [
     [
      -3.6909101,
      40.4877591
     ],
     [
      -3.6908731,
      40.4877229
     ],
     [
      -3.6908511,
      40.487708
     ],
     [
      -3.6908206,
      40.4876978
     ],
     [
      -3.6908038,
      40.4876868
     ]
    ]
   }
  },
  {
   "type": "Feature",
   "properties": {
    "osm": "way/1272879256",
    "highway": "footway",
    "lit": "yes",
    "smoothness": "good",
    "surface": "paving_stones",
    "xy": [
     [
      285.87,
      -20.83
     ],
     [
      288.18,
      -19.26
     ],
     [
      289.63,
      -18.29
     ]
    ]
   },
   "geometry": {
    "type": "LineString",
    "coordinates": [
     [
      -3.6906235,
      40.4875871
     ],
     [
      -3.6905962,
      40.487573
     ],
     [
      -3.6905791,
      40.4875643
     ]
    ]
   }
  },
  {
   "type": "Feature",
   "properties": {
    "osm": "way/1272879258",
    "highway": "footway",
    "lit": "yes",
    "smoothness": "good",
    "surface": "paving_stones",
    "xy": [
     [
      297.13,
      -13.59
     ],
     [
      298.23,
      -12.9
     ],
     [
      301.21,
      -10.66
     ]
    ]
   },
   "geometry": {
    "type": "LineString",
    "coordinates": [
     [
      -3.6904905,
      40.4875221
     ],
     [
      -3.6904775,
      40.4875159
     ],
     [
      -3.6904423,
      40.4874958
     ]
    ]
   }
  },
  {
   "type": "Feature",
   "properties": {
    "osm": "way/1272879259",
    "footway": "sidewalk",
    "highway": "footway",
    "lit": "yes",
    "smoothness": "intermediate",
    "surface": "paving_stones",
    "xy": [
     [
      1.92,
      -36.5
     ],
     [
      -1.65,
      -36.61
     ]
    ]
   },
   "geometry": {
    "type": "LineString",
    "coordinates": [
     [
      -3.6939773,
      40.4877279
     ],
     [
      -3.6940195,
      40.4877289
     ]
    ]
   }
  },
  {
   "type": "Feature",
   "properties": {
    "osm": "way/1272879260",
    "footway": "sidewalk",
    "highway": "footway",
    "lit": "yes",
    "smoothness": "intermediate",
    "surface": "paving_stones",
    "xy": [
     [
      1.88,
      -33.93
     ],
     [
      1.89,
      -33.52
     ],
     [
      1.87,
      -32.95
     ]
    ]
   },
   "geometry": {
    "type": "LineString",
    "coordinates": [
     [
      -3.6939778,
      40.4877048
     ],
     [
      -3.6939777,
      40.4877011
     ],
     [
      -3.6939779,
      40.487696
     ]
    ]
   }
  },
  {
   "type": "Feature",
   "properties": {
    "osm": "way/1272879262",
    "crossing": "uncontrolled",
    "crossing:markings": "zebra",
    "footway": "crossing",
    "highway": "footway",
    "surface": "asphalt",
    "tactile_paving": "no",
    "xy": [
     [
      1.87,
      -32.95
     ],
     [
      -0.47,
      -30.96
     ],
     [
      2.01,
      -28.6
     ]
    ]
   },
   "geometry": {
    "type": "LineString",
    "coordinates": [
     [
      -3.6939779,
      40.487696
     ],
     [
      -3.6940055,
      40.4876781
     ],
     [
      -3.6939763,
      40.4876569
     ]
    ]
   }
  },
  {
   "type": "Feature",
   "properties": {
    "osm": "way/1272879263",
    "footway": "sidewalk",
    "highway": "footway",
    "lit": "yes",
    "smoothness": "intermediate",
    "surface": "paving_stones",
    "xy": [
     [
      -80.74,
      -43.72
     ],
     [
      -79.97,
      -44.15
     ]
    ]
   },
   "geometry": {
    "type": "LineString",
    "coordinates": [
     [
      -3.6949536,
      40.4877927
     ],
     [
      -3.6949445,
      40.4877966
     ]
    ]
   }
  },
  {
   "type": "Feature",
   "properties": {
    "osm": "way/1272879264",
    "footway": "sidewalk",
    "highway": "footway",
    "lit": "yes",
    "smoothness": "intermediate",
    "surface": "paving_stones",
    "xy": [
     [
      10.36,
      -27.4
     ],
     [
      57.49,
      -25.46
     ],
     [
      60.07,
      -26.2
     ],
     [
      62.42,
      -27.8
     ],
     [
      76.99,
      -39.67
     ],
     [
      77.86,
      -39.89
     ],
     [
      80.15,
      -40.44
     ],
     [
      83.13,
      -39.81
     ],
     [
      86.69,
      -37.72
     ],
     [
      90.41,
      -33.43
     ],
     [
      92.99,
      -26.78
     ],
     [
      93.26,
      -25.73
     ],
     [
      89.23,
      -26.84
     ],
     [
      84.58,
      -27.45
     ],
     [
      56.58,
      -21.35
     ],
     [
      57.01,
      -19.34
     ],
     [
      57.85,
      -15.25
     ],
     [
      74.53,
      -19.3
     ],
     [
      83.53,
      -21.22
     ],
     [
      88.0,
      -20.85
     ],
     [
      92.72,
      -18.62
     ],
     [
      94.92,
      -17.27
     ],
     [
      96.81,
      -15.45
     ],
     [
      105.52,
      -4.99
     ]
    ]
   },
   "geometry": {
    "type": "LineString",
    "coordinates": [
     [
      -3.6938776,
      40.4876461
     ],
     [
      -3.693321,
      40.4876287
     ],
     [
      -3.6932905,
      40.4876354
     ],
     [
      -3.6932627,
      40.4876497
     ],
     [
      -3.6930906,
      40.4877564
     ],
     [
      -3.6930804,
      40.4877583
     ],
     [
      -3.6930533,
      40.4877633
     ],
     [
      -3.6930181,
      40.4877576
     ],
     [
      -3.6929761,
      40.4877388
     ],
     [
      -3.6929321,
      40.4877003
     ],
     [
      -3.6929017,
      40.4876406
     ],
     [
      -3.6928985,
      40.4876311
     ],
     [
      -3.6929461,
      40.4876411
     ],
     [
      -3.693001,
      40.4876466
     ],
     [
      -3.6933317,
      40.4875918
     ],
     [
      -3.6933266,
      40.4875737
     ],
     [
      -3.6933167,
      40.487537
     ],
     [
      -3.6931197,
      40.4875734
     ],
     [
      -3.6930134,
      40.4875906
     ],
     [
      -3.6929606,
      40.4875873
     ],
     [
      -3.6929048,
      40.4875673
     ],
     [
      -3.6928789,
      40.4875551
     ],
     [
      -3.6928566,
      40.4875388
     ],
     [
      -3.6927537,
      40.4874448
     ]
    ]
   }
  },
  {
   "type": "Feature",
   "properties": {
    "osm": "way/1272879265",
    "footway": "sidewalk",
    "highway": "footway",
    "lit": "yes",
    "smoothness": "intermediate",
    "surface": "paving_stones",
    "xy": [
     [
      56.5,
      -19.25
     ],
     [
      57.01,
      -19.34
     ]
    ]
   },
   "geometry": {
    "type": "LineString",
    "coordinates": [
     [
      -3.6933326,
      40.4875729
     ],
     [
      -3.6933266,
      40.4875737
     ]
    ]
   }
  },
  {
   "type": "Feature",
   "properties": {
    "osm": "way/1272879269",
    "footway": "sidewalk",
    "highway": "footway",
    "lit": "yes",
    "smoothness": "intermediate",
    "surface": "paving_stones",
    "xy": [
     [
      -2.93,
      -33.69
     ],
     [
      -2.95,
      -33.08
     ]
    ]
   },
   "geometry": {
    "type": "LineString",
    "coordinates": [
     [
      -3.6940346,
      40.4877026
     ],
     [
      -3.6940348,
      40.4876972
     ]
    ]
   }
  },
  {
   "type": "Feature",
   "properties": {
    "osm": "way/1272879270",
    "footway": "sidewalk",
    "highway": "footway",
    "layer": "-1",
    "lit": "yes",
    "smoothness": "intermediate",
    "surface": "paving_stones",
    "tunnel": "yes",
    "xy": [
     [
      2.01,
      -28.6
     ],
     [
      2.0,
      -27.17
     ],
     [
      2.01,
      -26.43
     ]
    ]
   },
   "geometry": {
    "type": "LineString",
    "coordinates": [
     [
      -3.6939763,
      40.4876569
     ],
     [
      -3.6939764,
      40.4876441
     ],
     [
      -3.6939763,
      40.4876374
     ]
    ]
   }
  },
  {
   "type": "Feature",
   "properties": {
    "osm": "way/1272879271",
    "crossing": "uncontrolled",
    "crossing:markings": "zebra",
    "footway": "crossing",
    "highway": "footway",
    "surface": "asphalt",
    "tactile_paving": "no",
    "xy": [
     [
      -2.95,
      -33.08
     ],
     [
      -0.47,
      -30.96
     ],
     [
      -2.9,
      -28.74
     ]
    ]
   },
   "geometry": {
    "type": "LineString",
    "coordinates": [
     [
      -3.6940348,
      40.4876972
     ],
     [
      -3.6940055,
      40.4876781
     ],
     [
      -3.6940343,
      40.4876582
     ]
    ]
   }
  },
  {
   "type": "Feature",
   "properties": {
    "osm": "way/1272879272",
    "footway": "sidewalk",
    "highway": "footway",
    "layer": "-1",
    "lit": "yes",
    "smoothness": "intermediate",
    "surface": "paving_stones",
    "tunnel": "yes",
    "xy": [
     [
      -2.9,
      -28.74
     ],
     [
      -2.96,
      -27.18
     ]
    ]
   },
   "geometry": {
    "type": "LineString",
    "coordinates": [
     [
      -3.6940343,
      40.4876582
     ],
     [
      -3.694035,
      40.4876442
     ]
    ]
   }
  },
  {
   "type": "Feature",
   "properties": {
    "osm": "way/1272879273",
    "footway": "sidewalk",
    "highway": "footway",
    "layer": "-1",
    "lit": "yes",
    "smoothness": "intermediate",
    "surface": "paving_stones",
    "tunnel": "yes",
    "xy": [
     [
      -6.76,
      -28.35
     ],
     [
      -6.73,
      -27.34
     ],
     [
      -2.96,
      -27.18
     ],
     [
      2.0,
      -27.17
     ],
     [
      10.35,
      -26.85
     ]
    ]
   },
   "geometry": {
    "type": "LineString",
    "coordinates": [
     [
      -3.6940798,
      40.4876547
     ],
     [
      -3.6940795,
      40.4876456
     ],
     [
      -3.694035,
      40.4876442
     ],
     [
      -3.6939764,
      40.4876441
     ],
     [
      -3.6938777,
      40.4876412
     ]
    ]
   }
  },
  {
   "type": "Feature",
   "properties": {
    "osm": "way/1272879274",
    "footway": "sidewalk",
    "highway": "footway",
    "lit": "yes",
    "smoothness": "intermediate",
    "surface": "paving_stones",
    "xy": [
     [
      76.98,
      -9.35
     ],
     [
      78.2,
      -4.54
     ]
    ]
   },
   "geometry": {
    "type": "LineString",
    "coordinates": [
     [
      -3.6930908,
      40.487484
     ],
     [
      -3.6930764,
      40.4874408
     ]
    ]
   }
  },
  {
   "type": "Feature",
   "properties": {
    "osm": "way/1272879276",
    "footway": "sidewalk",
    "highway": "footway",
    "lit": "yes",
    "smoothness": "intermediate",
    "surface": "paving_stones",
    "xy": [
     [
      75.88,
      -13.63
     ],
     [
      76.42,
      -11.45
     ]
    ]
   },
   "geometry": {
    "type": "LineString",
    "coordinates": [
     [
      -3.6931038,
      40.4875224
     ],
     [
      -3.6930974,
      40.4875029
     ]
    ]
   }
  },
  {
   "type": "Feature",
   "properties": {
    "osm": "way/1272879278",
    "building": "roof",
    "layer": "1",
    "xy": [
     [
      [
       -9.04,
       -27.83
      ],
      [
       -9.02,
       -29.91
      ],
      [
       -8.77,
       -35.1
      ],
      [
       12.56,
       -34.29
      ],
      [
       12.22,
       -27.08
      ],
      [
       10.94,
       -27.13
      ],
      [
       -7.08,
       -27.76
      ],
      [
       -9.04,
       -27.83
      ]
     ]
    ]
   },
   "geometry": {
    "type": "Polygon",
    "coordinates": [
     [
      [
       -3.6941068,
       40.48765
      ],
      [
       -3.6941065,
       40.4876687
      ],
      [
       -3.6941036,
       40.4877153
      ],
      [
       -3.6938517,
       40.487708
      ],
      [
       -3.6938557,
       40.4876433
      ],
      [
       -3.6938708,
       40.4876437
      ],
      [
       -3.6940836,
       40.4876494
      ],
      [
       -3.6941068,
       40.48765
      ]
     ]
    ]
   }
  },
  {
   "type": "Feature",
   "properties": {
    "osm": "way/1272879284",
    "footway": "sidewalk",
    "highway": "footway",
    "lit": "yes",
    "smoothness": "intermediate",
    "surface": "paving_stones",
    "xy": [
     [
      93.26,
      -25.73
     ],
     [
      94.27,
      -25.04
     ]
    ]
   },
   "geometry": {
    "type": "LineString",
    "coordinates": [
     [
      -3.6928985,
      40.4876311
     ],
     [
      -3.6928866,
      40.4876249
     ]
    ]
   }
  },
  {
   "type": "Feature",
   "properties": {
    "osm": "way/1272879285",
    "crossing": "unmarked",
    "crossing:island": "no",
    "crossing:markings": "no",
    "footway": "crossing",
    "highway": "footway",
    "surface": "asphalt",
    "xy": [
     [
      94.27,
      -25.04
     ],
     [
      94.83,
      -21.96
     ],
     [
      95.08,
      -18.03
     ]
    ]
   },
   "geometry": {
    "type": "LineString",
    "coordinates": [
     [
      -3.6928866,
      40.4876249
     ],
     [
      -3.6928799,
      40.4875973
     ],
     [
      -3.692877,
      40.487562
     ]
    ]
   }
  },
  {
   "type": "Feature",
   "properties": {
    "osm": "way/1272879286",
    "footway": "sidewalk",
    "highway": "footway",
    "lit": "yes",
    "smoothness": "intermediate",
    "surface": "paving_stones",
    "xy": [
     [
      95.08,
      -18.03
     ],
     [
      94.92,
      -17.27
     ]
    ]
   },
   "geometry": {
    "type": "LineString",
    "coordinates": [
     [
      -3.692877,
      40.487562
     ],
     [
      -3.6928789,
      40.4875551
     ]
    ]
   }
  },
  {
   "type": "Feature",
   "properties": {
    "osm": "way/1272879287",
    "crossing": "unmarked",
    "crossing:island": "no",
    "crossing:markings": "no",
    "footway": "crossing",
    "highway": "footway",
    "surface": "asphalt",
    "xy": [
     [
      94.27,
      -25.04
     ],
     [
      97.12,
      -25.78
     ],
     [
      101.27,
      -26.94
     ]
    ]
   },
   "geometry": {
    "type": "LineString",
    "coordinates": [
     [
      -3.6928866,
      40.4876249
     ],
     [
      -3.6928529,
      40.4876316
     ],
     [
      -3.6928039,
      40.487642
     ]
    ]
   }
  },
  {
   "type": "Feature",
   "properties": {
    "osm": "way/1272879288",
    "footway": "sidewalk",
    "highway": "footway",
    "lit": "yes",
    "smoothness": "intermediate",
    "surface": "paving_stones",
    "xy": [
     [
      101.27,
      -26.94
     ],
     [
      102.09,
      -27.1
     ]
    ]
   },
   "geometry": {
    "type": "LineString",
    "coordinates": [
     [
      -3.6928039,
      40.487642
     ],
     [
      -3.6927942,
      40.4876434
     ]
    ]
   }
  },
  {
   "type": "Feature",
   "properties": {
    "osm": "way/1272879290",
    "highway": "footway",
    "lit": "yes",
    "smoothness": "intermediate",
    "surface": "paving_stones",
    "xy": [
     [
      129.69,
      -10.94
     ],
     [
      131.82,
      -10.93
     ]
    ]
   },
   "geometry": {
    "type": "LineString",
    "coordinates": [
     [
      -3.6924682,
      40.4874983
     ],
     [
      -3.692443,
      40.4874982
     ]
    ]
   }
  },
  {
   "type": "Feature",
   "properties": {
    "osm": "way/1272879291",
    "highway": "footway",
    "lit": "yes",
    "smoothness": "intermediate",
    "surface": "paving_stones",
    "xy": [
     [
      121.46,
      -4.04
     ],
     [
      123.25,
      -5.51
     ]
    ]
   },
   "geometry": {
    "type": "LineString",
    "coordinates": [
     [
      -3.6925654,
      40.4874363
     ],
     [
      -3.6925442,
      40.4874495
     ]
    ]
   }
  },
  {
   "type": "Feature",
   "properties": {
    "osm": "way/1272879292",
    "footway": "sidewalk",
    "highway": "footway",
    "lit": "yes",
    "smoothness": "intermediate",
    "surface": "paving_stones",
    "xy": [
     [
      -148.06,
      -86.75
     ],
     [
      -145.88,
      -84.8
     ],
     [
      -138.72,
      -86.66
     ],
     [
      -136.44,
      -87.55
     ],
     [
      -136.03,
      -89.38
     ],
     [
      -136.25,
      -90.98
     ],
     [
      -137.53,
      -92.37
     ]
    ]
   },
   "geometry": {
    "type": "LineString",
    "coordinates": [
     [
      -3.6957488,
      40.4881793
     ],
     [
      -3.695723,
      40.4881618
     ],
     [
      -3.6956385,
      40.4881785
     ],
     [
      -3.6956116,
      40.4881865
     ],
     [
      -3.6956067,
      40.4882029
     ],
     [
      -3.6956093,
      40.4882173
     ],
     [
      -3.6956244,
      40.4882298
     ]
    ]
   }
  },
  {
   "type": "Feature",
   "properties": {
    "osm": "way/1272879293",
    "footway": "sidewalk",
    "highway": "footway",
    "layer": "-1",
    "lit": "yes",
    "smoothness": "intermediate",
    "surface": "paving_stones",
    "tunnel": "yes",
    "xy": [
     [
      -155.79,
      -93.14
     ],
     [
      -148.06,
      -86.75
     ]
    ]
   },
   "geometry": {
    "type": "LineString",
    "coordinates": [
     [
      -3.6958401,
      40.4882367
     ],
     [
      -3.6957488,
      40.4881793
     ]
    ]
   }
  },
  {
   "type": "Feature",
   "properties": {
    "osm": "way/1272879295",
    "footway": "sidewalk",
    "highway": "footway",
    "lit": "yes",
    "smoothness": "intermediate",
    "surface": "paving_stones",
    "xy": [
     [
      -129.99,
      -26.13
     ],
     [
      -119.78,
      -38.42
     ],
     [
      -117.24,
      -41.48
     ],
     [
      -114.09,
      -41.87
     ],
     [
      -112.87,
      -42.96
     ],
     [
      -108.65,
      -48.08
     ],
     [
      -105.47,
      -54.51
     ],
     [
      -105.39,
      -58.96
     ],
     [
      -107.0,
      -63.47
     ],
     [
      -109.26,
      -68.08
     ],
     [
      -118.53,
      -75.6
     ],
     [
      -125.57,
      -81.3
     ],
     [
      -128.04,
      -81.78
     ],
     [
      -129.78,
      -81.52
     ],
     [
      -130.95,
      -80.4
     ]
    ]
   },
   "geometry": {
    "type": "LineString",
    "coordinates": [
     [
      -3.6955353,
      40.4876347
     ],
     [
      -3.6954148,
      40.4877451
     ],
     [
      -3.6953848,
      40.4877726
     ],
     [
      -3.6953475,
      40.4877761
     ],
     [
      -3.6953332,
      40.4877859
     ],
     [
      -3.6952833,
      40.4878319
     ],
     [
      -3.6952458,
      40.4878897
     ],
     [
      -3.6952448,
      40.4879296
     ],
     [
      -3.6952638,
      40.4879702
     ],
     [
      -3.6952905,
      40.4880116
     ],
     [
      -3.6954,
      40.4880791
     ],
     [
      -3.6954831,
      40.4881303
     ],
     [
      -3.6955123,
      40.4881346
     ],
     [
      -3.6955329,
      40.4881323
     ],
     [
      -3.6955467,
      40.4881222
     ]
    ]
   }
  },
  {
   "type": "Feature",
   "properties": {
    "osm": "way/1272879296",
    "footway": "sidewalk",
    "highway": "footway",
    "lit": "yes",
    "smoothness": "intermediate",
    "surface": "paving_stones",
    "xy": [
     [
      -170.3,
      -93.21
     ],
     [
      -171.04,
      -96.77
     ],
     [
      -172.65,
      -101.21
     ],
     [
      -176.52,
      -105.87
     ],
     [
      -181.47,
      -109.86
     ],
     [
      -186.04,
      -111.48
     ],
     [
      -193.21,
      -111.69
     ],
     [
      -199.47,
      -110.25
     ],
     [
      -201.73,
      -114.29
     ]
    ]
   },
   "geometry": {
    "type": "LineString",
    "coordinates": [
     [
      -3.6960115,
      40.4882373
     ],
     [
      -3.6960202,
      40.4882693
     ],
     [
      -3.6960392,
      40.4883092
     ],
     [
      -3.6960849,
      40.488351
     ],
     [
      -3.6961434,
      40.4883869
     ],
     [
      -3.6961974,
      40.4884014
     ],
     [
      -3.6962821,
      40.4884033
     ],
     [
      -3.696356,
      40.4883904
     ],
     [
      -3.6963827,
      40.4884267
     ]
    ]
   }
  },
  {
   "type": "Feature",
   "properties": {
    "osm": "way/1272879297",
    "footway": "sidewalk",
    "highway": "footway",
    "layer": "-1",
    "lit": "yes",
    "smoothness": "intermediate",
    "surface": "paving_stones",
    "tunnel": "yes",
    "xy": [
     [
      -146.95,
      -74.04
     ],
     [
      -149.86,
      -76.52
     ],
     [
      -158.39,
      -83.87
     ],
     [
      -170.3,
      -93.21
     ]
    ]
   },
   "geometry": {
    "type": "LineString",
    "coordinates": [
     [
      -3.6957357,
      40.4880651
     ],
     [
      -3.6957701,
      40.4880874
     ],
     [
      -3.6958708,
      40.4881534
     ],
     [
      -3.6960115,
      40.4882373
     ]
    ]
   }
  },
  {
   "type": "Feature",
   "properties": {
    "osm": "way/1272879298",
    "footway": "sidewalk",
    "highway": "footway",
    "incline": "up",
    "layer": "-1",
    "lit": "yes",
    "smoothness": "intermediate",
    "surface": "paving_stones",
    "tunnel": "yes",
    "xy": [
     [
      -146.95,
      -74.04
     ],
     [
      -157.64,
      -76.62
     ]
    ]
   },
   "geometry": {
    "type": "LineString",
    "coordinates": [
     [
      -3.6957357,
      40.4880651
     ],
     [
      -3.695862,
      40.4880883
     ]
    ]
   }
  },
  {
   "type": "Feature",
   "properties": {
    "osm": "way/1272879299",
    "footway": "sidewalk",
    "highway": "footway",
    "layer": "-1",
    "lit": "yes",
    "smoothness": "intermediate",
    "surface": "paving_stones",
    "tunnel": "yes",
    "xy": [
     [
      -162.8,
      -78.4
     ],
     [
      -161.62,
      -79.87
     ]
    ]
   },
   "geometry": {
    "type": "LineString",
    "coordinates": [
     [
      -3.6959229,
      40.4881043
     ],
     [
      -3.6959089,
      40.4881175
     ]
    ]
   }
  },
  {
   "type": "Feature",
   "properties": {
    "osm": "way/1272879300",
    "footway": "sidewalk",
    "highway": "footway",
    "layer": "-1",
    "lit": "yes",
    "smoothness": "intermediate",
    "surface": "paving_stones",
    "tunnel": "yes",
    "xy": [
     [
      -157.64,
      -76.62
     ],
     [
      -161.62,
      -79.87
     ]
    ]
   },
   "geometry": {
    "type": "LineString",
    "coordinates": [
     [
      -3.695862,
      40.4880883
     ],
     [
      -3.6959089,
      40.4881175
     ]
    ]
   }
  },
  {
   "type": "Feature",
   "properties": {
    "osm": "way/1272879301",
    "access": "no",
    "highway": "service",
    "lanes": "1",
    "layer": "-1",
    "oneway": "no",
    "postal_code": "28034",
    "surface": "asphalt",
    "tunnel": "yes",
    "xy": [
     [
      -163.42,
      -94.53
     ],
     [
      -146.71,
      -81.06
     ]
    ]
   },
   "geometry": {
    "type": "LineString",
    "coordinates": [
     [
      -3.6959302,
      40.4882492
     ],
     [
      -3.6957329,
      40.4881282
     ]
    ]
   }
  },
  {
   "type": "Feature",
   "properties": {
    "osm": "way/1272879302",
    "access": "no",
    "highway": "service",
    "lanes": "1",
    "oneway": "no",
    "postal_code": "28034",
    "surface": "asphalt",
    "xy": [
     [
      -138.02,
      -79.77
     ],
     [
      -132.81,
      -85.5
     ],
     [
      -132.26,
      -86.22
     ],
     [
      -129.74,
      -89.47
     ]
    ]
   },
   "geometry": {
    "type": "LineString",
    "coordinates": [
     [
      -3.6956302,
      40.4881166
     ],
     [
      -3.6955687,
      40.4881681
     ],
     [
      -3.6955622,
      40.4881745
     ],
     [
      -3.6955324,
      40.4882037
     ]
    ]
   }
  },
  {
   "type": "Feature",
   "properties": {
    "osm": "way/1272879303",
    "access": "no",
    "highway": "service",
    "lanes": "1",
    "oneway": "no",
    "postal_code": "28034",
    "surface": "asphalt",
    "xy": [
     [
      -169.19,
      -109.0
     ],
     [
      -174.96,
      -111.9
     ],
     [
      -181.58,
      -113.55
     ],
     [
      -190.8,
      -114.76
     ],
     [
      -197.99,
      -113.78
     ]
    ]
   },
   "geometry": {
    "type": "LineString",
    "coordinates": [
     [
      -3.6959984,
      40.4883792
     ],
     [
      -3.6960665,
      40.4884052
     ],
     [
      -3.6961447,
      40.48842
     ],
     [
      -3.6962536,
      40.4884309
     ],
     [
      -3.6963385,
      40.4884221
     ]
    ]
   }
  },
  {
   "type": "Feature",
   "properties": {
    "osm": "way/1272879304",
    "access": "no",
    "highway": "service",
    "lanes": "1",
    "oneway": "no",
    "postal_code": "28034",
    "surface": "asphalt",
    "xy": [
     [
      -138.02,
      -79.77
     ],
     [
      -133.1,
      -76.52
     ],
     [
      -125.53,
      -69.53
     ],
     [
      -120.36,
      -61.29
     ],
     [
      -114.99,
      -55.23
     ]
    ]
   },
   "geometry": {
    "type": "LineString",
    "coordinates": [
     [
      -3.6956302,
      40.4881166
     ],
     [
      -3.6955721,
      40.4880874
     ],
     [
      -3.6954827,
      40.4880246
     ],
     [
      -3.6954216,
      40.4879506
     ],
     [
      -3.6953582,
      40.4878961
     ]
    ]
   }
  },
  {
   "type": "Feature",
   "properties": {
    "osm": "way/1272879305",
    "footway": "sidewalk",
    "highway": "footway",
    "lit": "yes",
    "smoothness": "intermediate",
    "surface": "paving_stones",
    "xy": [
     [
      -135.08,
      -71.77
     ],
     [
      -135.47,
      -71.28
     ],
     [
      -141.69,
      -73.74
     ],
     [
      -146.95,
      -74.04
     ]
    ]
   },
   "geometry": {
    "type": "LineString",
    "coordinates": [
     [
      -3.6955955,
      40.4880447
     ],
     [
      -3.6956001,
      40.4880403
     ],
     [
      -3.6956736,
      40.4880624
     ],
     [
      -3.6957357,
      40.4880651
     ]
    ]
   }
  },
  {
   "type": "Feature",
   "properties": {
    "osm": "way/1272879306",
    "crossing": "unmarked",
    "crossing:markings": "no",
    "footway": "crossing",
    "highway": "footway",
    "lit": "yes",
    "smoothness": "intermediate",
    "surface": "paving_stones",
    "tactile_paving": "no",
    "xy": [
     [
      -130.95,
      -80.4
     ],
     [
      -133.1,
      -76.52
     ],
     [
      -135.08,
      -71.77
     ]
    ]
   },
   "geometry": {
    "type": "LineString",
    "coordinates": [
     [
      -3.6955467,
      40.4881222
     ],
     [
      -3.6955721,
      40.4880874
     ],
     [
      -3.6955955,
      40.4880447
     ]
    ]
   }
  },
  {
   "type": "Feature",
   "properties": {
    "osm": "way/1272879307",
    "crossing": "unmarked",
    "crossing:markings": "no",
    "footway": "crossing",
    "highway": "footway",
    "lit": "yes",
    "smoothness": "intermediate",
    "surface": "paving_stones",
    "tactile_paving": "no",
    "xy": [
     [
      -135.24,
      -89.07
     ],
     [
      -132.26,
      -86.22
     ],
     [
      -128.34,
      -82.5
     ]
    ]
   },
   "geometry": {
    "type": "LineString",
    "coordinates": [
     [
      -3.6955974,
      40.4882001
     ],
     [
      -3.6955622,
      40.4881745
     ],
     [
      -3.6955159,
      40.4881411
     ]
    ]
   }
  },
  {
   "type": "Feature",
   "properties": {
    "osm": "way/1272879308",
    "footway": "sidewalk",
    "highway": "footway",
    "lit": "yes",
    "smoothness": "intermediate",
    "surface": "paving_stones",
    "xy": [
     [
      -128.04,
      -81.78
     ],
     [
      -128.34,
      -82.5
     ]
    ]
   },
   "geometry": {
    "type": "LineString",
    "coordinates": [
     [
      -3.6955123,
      40.4881346
     ],
     [
      -3.6955159,
      40.4881411
     ]
    ]
   }
  },
  {
   "type": "Feature",
   "properties": {
    "osm": "way/1272879309",
    "footway": "sidewalk",
    "highway": "footway",
    "lit": "yes",
    "smoothness": "intermediate",
    "surface": "paving_stones",
    "xy": [
     [
      -136.03,
      -89.38
     ],
     [
      -135.24,
      -89.07
     ]
    ]
   },
   "geometry": {
    "type": "LineString",
    "coordinates": [
     [
      -3.6956067,
      40.4882029
     ],
     [
      -3.6955974,
      40.4882001
     ]
    ]
   }
  },
  {
   "type": "Feature",
   "properties": {
    "osm": "way/1272879310",
    "footway": "sidewalk",
    "highway": "footway",
    "lit": "yes",
    "smoothness": "intermediate",
    "surface": "paving_stones",
    "xy": [
     [
      -159.27,
      -116.4
     ],
     [
      -169.29,
      -123.06
     ],
     [
      -190.48,
      -138.21
     ],
     [
      -199.9,
      -143.22
     ],
     [
      -206.45,
      -145.76
     ],
     [
      -214.5,
      -147.73
     ],
     [
      -220.65,
      -148.52
     ],
     [
      -226.69,
      -148.99
     ],
     [
      -233.61,
      -148.32
     ],
     [
      -238.55,
      -146.78
     ]
    ]
   },
   "geometry": {
    "type": "LineString",
    "coordinates": [
     [
      -3.6958812,
      40.4884456
     ],
     [
      -3.6959995,
      40.4885055
     ],
     [
      -3.6962498,
      40.4886416
     ],
     [
      -3.6963611,
      40.4886866
     ],
     [
      -3.6964385,
      40.4887094
     ],
     [
      -3.6965335,
      40.4887271
     ],
     [
      -3.6966062,
      40.4887342
     ],
     [
      -3.6966775,
      40.4887384
     ],
     [
      -3.6967592,
      40.4887324
     ],
     [
      -3.6968176,
      40.4887185
     ]
    ]
   }
  },
  {
   "type": "Feature",
   "properties": {
    "osm": "way/1272879311",
    "crossing": "unmarked",
    "crossing:island": "no",
    "crossing:markings": "no",
    "footway": "crossing",
    "highway": "footway",
    "surface": "asphalt",
    "tactile_paving": "yes",
    "xy": [
     [
      -154.76,
      -113.33
     ],
     [
      -157.23,
      -115.02
     ],
     [
      -159.27,
      -116.4
     ]
    ]
   },
   "geometry": {
    "type": "LineString",
    "coordinates": [
     [
      -3.6958279,
      40.4884181
     ],
     [
      -3.6958571,
      40.4884332
     ],
     [
      -3.6958812,
      40.4884456
     ]
    ]
   }
  },
  {
   "type": "Feature",
   "properties": {
    "osm": "way/1272879312",
    "highway": "service",
    "incline": "up",
    "lanes": "1",
    "name": "Calle de San Modesto",
    "oneway": "yes",
    "postal_code": "28034",
    "surface": "asphalt",
    "xy": [
     [
      -128.16,
      -104.16
     ],
     [
      -150.41,
      -115.88
     ],
     [
      -154.22,
      -116.43
     ]
    ]
   },
   "geometry": {
    "type": "LineString",
    "coordinates": [
     [
      -3.6955138,
      40.4883357
     ],
     [
      -3.6957766,
      40.488441
     ],
     [
      -3.6958215,
      40.4884459
     ]
    ]
   }
  },
  {
   "type": "Feature",
   "properties": {
    "osm": "way/1272879313",
    "access": "no",
    "highway": "service",
    "lanes": "1",
    "oneway": "no",
    "postal_code": "28034",
    "surface": "asphalt",
    "xy": [
     [
      -166.47,
      -117.45
     ],
     [
      -167.84,
      -113.21
     ],
     [
      -169.19,
      -109.0
     ],
     [
      -163.42,
      -94.53
     ]
    ]
   },
   "geometry": {
    "type": "LineString",
    "coordinates": [
     [
      -3.6959662,
      40.4884551
     ],
     [
      -3.6959824,
      40.488417
     ],
     [
      -3.6959984,
      40.4883792
     ],
     [
      -3.6959302,
      40.4882492
     ]
    ]
   }
  },
  {
   "type": "Feature",
   "properties": {
    "osm": "way/1272879314",
    "access": "no",
    "highway": "service",
    "lanes": "1",
    "oneway": "no",
    "postal_code": "28034",
    "surface": "asphalt",
    "xy": [
     [
      -146.71,
      -81.06
     ],
     [
      -138.02,
      -79.77
     ]
    ]
   },
   "geometry": {
    "type": "LineString",
    "coordinates": [
     [
      -3.6957329,
      40.4881282
     ],
     [
      -3.6956302,
      40.4881166
     ]
    ]
   }
  },
  {
   "type": "Feature",
   "properties": {
    "osm": "way/1272879315",
    "highway": "service",
    "lanes": "1",
    "name": "Calle de San Modesto",
    "oneway": "yes",
    "postal_code": "28034",
    "surface": "asphalt",
    "xy": [
     [
      -154.22,
      -116.43
     ],
     [
      -157.23,
      -115.02
     ],
     [
      -159.56,
      -112.24
     ]
    ]
   },
   "geometry": {
    "type": "LineString",
    "coordinates": [
     [
      -3.6958215,
      40.4884459
     ],
     [
      -3.6958571,
      40.4884332
     ],
     [
      -3.6958846,
      40.4884083
     ]
    ]
   }
  },
  {
   "type": "Feature",
   "properties": {
    "osm": "way/1272879316",
    "footway": "sidewalk",
    "highway": "footway",
    "layer": "-1",
    "lit": "yes",
    "smoothness": "intermediate",
    "surface": "paving_stones",
    "tunnel": "yes",
    "xy": [
     [
      10.28,
      -24.03
     ],
     [
      10.35,
      -26.85
     ],
     [
      10.36,
      -27.4
     ]
    ]
   },
   "geometry": {
    "type": "LineString",
    "coordinates": [
     [
      -3.6938786,
      40.4876159
     ],
     [
      -3.6938777,
      40.4876412
     ],
     [
      -3.6938776,
      40.4876461
     ]
    ]
   }
  },
  {
   "type": "Feature",
   "properties": {
    "osm": "way/1272879318",
    "footway": "sidewalk",
    "highway": "footway",
    "xy": [
     [
      -118.53,
      -75.6
     ],
     [
      -118.06,
      -76.12
     ]
    ]
   },
   "geometry": {
    "type": "LineString",
    "coordinates": [
     [
      -3.6954,
      40.4880791
     ],
     [
      -3.6953944,
      40.4880838
     ]
    ]
   }
  },
  {
   "type": "Feature",
   "properties": {
    "osm": "way/1272879320",
    "crossing": "uncontrolled",
    "crossing:island": "no",
    "crossing:markings": "zebra",
    "footway": "crossing",
    "highway": "footway",
    "surface": "asphalt",
    "tactile_paving": "yes",
    "xy": [
     [
      -113.27,
      -82.92
     ],
     [
      -115.86,
      -79.35
     ],
     [
      -118.06,
      -76.12
     ]
    ]
   },
   "geometry": {
    "type": "LineString",
    "coordinates": [
     [
      -3.6953379,
      40.4881449
     ],
     [
      -3.6953685,
      40.4881128
     ],
     [
      -3.6953944,
      40.4880838
     ]
    ]
   }
  },
  {
   "type": "Feature",
   "properties": {
    "osm": "way/1272879321",
    "crossing:island": "no",
    "crossing:markings": "zebra",
    "footway": "sidewalk",
    "highway": "footway",
    "surface": "asphalt",
    "tactile_paving": "yes",
    "xy": [
     [
      -113.27,
      -82.92
     ],
     [
      -112.62,
      -83.98
     ]
    ]
   },
   "geometry": {
    "type": "LineString",
    "coordinates": [
     [
      -3.6953379,
      40.4881449
     ],
     [
      -3.6953302,
      40.4881544
     ]
    ]
   }
  },
  {
   "type": "Feature",
   "properties": {
    "osm": "way/1272879322",
    "footway": "sidewalk",
    "highway": "footway",
    "lit": "yes",
    "smoothness": "intermediate",
    "surface": "paving_stones",
    "xy": [
     [
      77.35,
      -40.53
     ],
     [
      77.86,
      -39.89
     ]
    ]
   },
   "geometry": {
    "type": "LineString",
    "coordinates": [
     [
      -3.6930864,
      40.4877641
     ],
     [
      -3.6930804,
      40.4877583
     ]
    ]
   }
  },
  {
   "type": "Feature",
   "properties": {
    "osm": "way/1272879323",
    "crossing": "unmarked",
    "crossing:island": "no",
    "crossing:markings": "no",
    "footway": "crossing",
    "highway": "footway",
    "surface": "asphalt",
    "xy": [
     [
      66.78,
      -41.83
     ],
     [
      73.12,
      -41.59
     ],
     [
      77.35,
      -40.53
     ]
    ]
   },
   "geometry": {
    "type": "LineString",
    "coordinates": [
     [
      -3.6932112,
      40.4877758
     ],
     [
      -3.6931364,
      40.4877736
     ],
     [
      -3.6930864,
      40.4877641
     ]
    ]
   }
  },
  {
   "type": "Feature",
   "properties": {
    "osm": "way/1272879324",
    "footway": "sidewalk",
    "highway": "footway",
    "lit": "yes",
    "smoothness": "intermediate",
    "surface": "paving_stones",
    "xy": [
     [
      65.11,
      -41.48
     ],
     [
      66.78,
      -41.83
     ]
    ]
   },
   "geometry": {
    "type": "LineString",
    "coordinates": [
     [
      -3.693231,
      40.4877726
     ],
     [
      -3.6932112,
      40.4877758
     ]
    ]
   }
  },
  {
   "type": "Feature",
   "properties": {
    "osm": "way/1287033378",
    "access": "yes",
    "amenity": "parking",
    "capacity": "21",
    "fee": "no",
    "orientation": "diagonal",
    "parking": "street_side",
    "surface": "asphalt",
    "xy": [
     [
      [
       389.85,
       -55.59
      ],
      [
       389.96,
       -60.47
      ],
      [
       337.66,
       -88.76
      ],
      [
       337.57,
       -83.88
      ],
      [
       389.85,
       -55.59
      ]
     ]
    ]
   },
   "geometry": {
    "type": "Polygon",
    "coordinates": [
     [
      [
       -3.6893953,
       40.4878994
      ],
      [
       -3.689394,
       40.4879432
      ],
      [
       -3.6900118,
       40.4881973
      ],
      [
       -3.6900128,
       40.4881535
      ],
      [
       -3.6893953,
       40.4878994
      ]
     ]
    ]
   }
  },
  {
   "type": "Feature",
   "properties": {
    "osm": "way/1287033383",
    "access": "yes",
    "amenity": "parking",
    "capacity": "10",
    "fee": "no",
    "orientation": "diagonal",
    "parking": "street_side",
    "surface": "asphalt",
    "xy": [
     [
      [
       324.97,
       -90.56
      ],
      [
       323.63,
       -96.44
      ],
      [
       318.13,
       -98.83
      ],
      [
       315.07,
       -99.8
      ],
      [
       312.28,
       -100.24
      ],
      [
       309.21,
       -100.47
      ],
      [
       293.82,
       -100.31
      ],
      [
       296.63,
       -95.8
      ],
      [
       309.52,
       -95.75
      ],
      [
       313.97,
       -95.22
      ],
      [
       317.83,
       -94.05
      ],
      [
       324.97,
       -90.56
      ]
     ]
    ]
   },
   "geometry": {
    "type": "Polygon",
    "coordinates": [
     [
      [
       -3.6901617,
       40.4882135
      ],
      [
       -3.6901775,
       40.4882663
      ],
      [
       -3.6902424,
       40.4882878
      ],
      [
       -3.6902786,
       40.4882965
      ],
      [
       -3.6903116,
       40.4883005
      ],
      [
       -3.6903478,
       40.4883025
      ],
      [
       -3.6905296,
       40.4883011
      ],
      [
       -3.6904964,
       40.4882606
      ],
      [
       -3.6903442,
       40.4882601
      ],
      [
       -3.6902916,
       40.4882554
      ],
      [
       -3.690246,
       40.4882449
      ],
      [
       -3.6901617,
       40.4882135
      ]
     ]
    ]
   }
  },
  {
   "type": "Feature",
   "properties": {
    "osm": "way/1288255022",
    "highway": "footway",
    "lit": "yes",
    "surface": "paving_stones",
    "xy": [
     [
      339.98,
      121.21
     ],
     [
      333.75,
      117.44
     ],
     [
      319.92,
      109.1
     ],
     [
      317.9,
      112.54
     ],
     [
      310.78,
      124.66
     ],
     [
      337.97,
      140.75
     ]
    ]
   },
   "geometry": {
    "type": "LineString",
    "coordinates": [
     [
      -3.6899844,
      40.4863112
     ],
     [
      -3.690058,
      40.486345
     ],
     [
      -3.6902213,
      40.4864199
     ],
     [
      -3.6902452,
      40.486389
     ],
     [
      -3.6903293,
      40.4862802
     ],
     [
      -3.6900081,
      40.4861356
     ]
    ]
   }
  },
  {
   "type": "Feature",
   "properties": {
    "osm": "way/1288255023",
    "highway": "footway",
    "lit": "yes",
    "surface": "paving_stones",
    "xy": [
     [
      317.9,
      112.54
     ],
     [
      326.13,
      120.14
     ],
     [
      332.42,
      121.26
     ],
     [
      338.64,
      124.67
     ]
    ]
   },
   "geometry": {
    "type": "LineString",
    "coordinates": [
     [
      -3.6902452,
      40.486389
     ],
     [
      -3.690148,
      40.4863208
     ],
     [
      -3.6900737,
      40.4863107
     ],
     [
      -3.6900002,
      40.4862801
     ]
    ]
   }
  },
  {
   "type": "Feature",
   "properties": {
    "osm": "way/1288255024",
    "highway": "footway",
    "lit": "yes",
    "surface": "paving_stones",
    "xy": [
     [
      333.75,
      117.44
     ],
     [
      332.42,
      121.26
     ]
    ]
   },
   "geometry": {
    "type": "LineString",
    "coordinates": [
     [
      -3.690058,
      40.486345
     ],
     [
      -3.6900737,
      40.4863107
     ]
    ]
   }
  },
  {
   "type": "Feature",
   "properties": {
    "osm": "way/1288255025",
    "footway": "sidewalk",
    "highway": "footway",
    "lit": "yes",
    "smoothness": "good",
    "surface": "paving_stones",
    "xy": [
     [
      262.97,
      161.41
     ],
     [
      261.5,
      160.89
     ]
    ]
   },
   "geometry": {
    "type": "LineString",
    "coordinates": [
     [
      -3.690894,
      40.48595
     ],
     [
      -3.6909113,
      40.4859547
     ]
    ]
   }
  },
  {
   "type": "Feature",
   "properties": {
    "osm": "way/1288255026",
    "footway": "sidewalk",
    "highway": "footway",
    "lit": "yes",
    "smoothness": "good",
    "surface": "paving_stones",
    "xy": [
     [
      267.87,
      163.81
     ],
     [
      266.95,
      163.24
     ]
    ]
   },
   "geometry": {
    "type": "LineString",
    "coordinates": [
     [
      -3.6908361,
      40.4859285
     ],
     [
      -3.6908469,
      40.4859336
     ]
    ]
   }
  },
  {
   "type": "Feature",
   "properties": {
    "osm": "way/1288255032",
    "access": "yes",
    "amenity": "parking",
    "capacity": "7",
    "fee": "no",
    "orientation": "diagonal",
    "parking": "street_side",
    "surface": "asphalt",
    "xy": [
     [
      [
       279.3,
       134.44
      ],
      [
       275.05,
       130.47
      ],
      [
       276.56,
       111.12
      ],
      [
       278.65,
       111.23
      ],
      [
       281.22,
       113.46
      ],
      [
       279.3,
       134.44
      ]
     ]
    ]
   },
   "geometry": {
    "type": "Polygon",
    "coordinates": [
     [
      [
       -3.6907011,
       40.4861923
      ],
      [
       -3.6907513,
       40.486228
      ],
      [
       -3.6907334,
       40.4864018
      ],
      [
       -3.6907088,
       40.4864008
      ],
      [
       -3.6906784,
       40.4863808
      ],
      [
       -3.6907011,
       40.4861923
      ]
     ]
    ]
   }
  },
  {
   "type": "Feature",
   "properties": {
    "osm": "way/1288255033",
    "access": "yes",
    "amenity": "parking",
    "capacity": "4",
    "fee": "no",
    "orientation": "parallel",
    "parking": "street_side",
    "surface": "asphalt",
    "xy": [
     [
      [
       276.56,
       111.12
      ],
      [
       278.65,
       111.23
      ],
      [
       279.19,
       90.95
      ],
      [
       277.27,
       90.76
      ],
      [
       276.56,
       111.12
      ]
     ]
    ]
   },
   "geometry": {
    "type": "Polygon",
    "coordinates": [
     [
      [
       -3.6907334,
       40.4864018
      ],
      [
       -3.6907088,
       40.4864008
      ],
      [
       -3.6907024,
       40.486583
      ],
      [
       -3.6907251,
       40.4865847
      ],
      [
       -3.6907334,
       40.4864018
      ]
     ]
    ]
   }
  },
  {
   "type": "Feature",
   "properties": {
    "osm": "way/1288255034",
    "access": "yes",
    "amenity": "parking",
    "capacity": "7",
    "fee": "no",
    "orientation": "diagonal",
    "parking": "street_side",
    "surface": "asphalt",
    "xy": [
     [
      [
       277.27,
       90.76
      ],
      [
       279.19,
       90.95
      ],
      [
       281.1,
       92.45
      ],
      [
       282.29,
       75.34
      ],
      [
       277.81,
       72.66
      ],
      [
       277.27,
       90.76
      ]
     ]
    ]
   },
   "geometry": {
    "type": "Polygon",
    "coordinates": [
     [
      [
       -3.6907251,
       40.4865847
      ],
      [
       -3.6907024,
       40.486583
      ],
      [
       -3.6906798,
       40.4865695
      ],
      [
       -3.6906658,
       40.4867232
      ],
      [
       -3.6907187,
       40.4867473
      ],
      [
       -3.6907251,
       40.4865847
      ]
     ]
    ]
   }
  },
  {
   "type": "Feature",
   "properties": {
    "osm": "way/1288255037",
    "footway": "sidewalk",
    "highway": "footway",
    "lit": "yes",
    "smoothness": "good",
    "surface": "paving_stones",
    "xy": [
     [
      290.78,
      117.69
     ],
     [
      290.99,
      117.31
     ],
     [
      336.05,
      144.07
     ]
    ]
   },
   "geometry": {
    "type": "LineString",
    "coordinates": [
     [
      -3.6905655,
      40.4863428
     ],
     [
      -3.690563,
      40.4863462
     ],
     [
      -3.6900308,
      40.4861058
     ]
    ]
   }
  },
  {
   "type": "Feature",
   "properties": {
    "osm": "way/1299262855",
    "bicycle": "dismount",
    "footway": "sidewalk",
    "highway": "footway",
    "lit": "yes",
    "motor_vehicle": "no",
    "smoothness": "good",
    "surface": "paving_stones",
    "xy": [
     [
      -458.92,
      348.77
     ],
     [
      -319.1,
      276.67
     ],
     [
      -244.71,
      238.07
     ],
     [
      -238.13,
      234.66
     ],
     [
      -223.86,
      225.47
     ],
     [
      -213.51,
      216.15
     ],
     [
      -202.09,
      201.88
     ],
     [
      -197.51,
      194.7
     ],
     [
      -191.71,
      181.27
     ],
     [
      -188.27,
      169.56
     ],
     [
      -186.3,
      157.86
     ],
     [
      -186.77,
      149.98
     ],
     [
      -188.59,
      143.08
     ],
     [
      -192.23,
      136.56
     ],
     [
      -201.46,
      122.56
     ],
     [
      -215.83,
      102.11
     ],
     [
      -232.4,
      78.04
     ],
     [
      -273.88,
      14.25
     ]
    ]
   },
   "geometry": {
    "type": "LineString",
    "coordinates": [
     [
      -3.6994205,
      40.484267
     ],
     [
      -3.697769,
      40.4849146
     ],
     [
      -3.6968903,
      40.4852614
     ],
     [
      -3.6968126,
      40.485292
     ],
     [
      -3.6966441,
      40.4853746
     ],
     [
      -3.6965218,
      40.4854583
     ],
     [
      -3.6963869,
      40.4855865
     ],
     [
      -3.6963329,
      40.485651
     ],
     [
      -3.6962644,
      40.4857716
     ],
     [
      -3.6962237,
      40.4858768
     ],
     [
      -3.6962005,
      40.4859819
     ],
     [
      -3.696206,
      40.4860527
     ],
     [
      -3.6962275,
      40.4861147
     ],
     [
      -3.6962705,
      40.4861733
     ],
     [
      -3.6963795,
      40.486299
     ],
     [
      -3.6965492,
      40.4864827
     ],
     [
      -3.6967449,
      40.486699
     ],
     [
      -3.6972349,
      40.487272
     ]
    ]
   }
  },
  {
   "type": "Feature",
   "properties": {
    "osm": "way/1299262857",
    "bicycle": "dismount",
    "footway": "sidewalk",
    "highway": "footway",
    "lit": "yes",
    "motor_vehicle": "no",
    "smoothness": "good",
    "surface": "paving_stones",
    "xy": [
     [
      -229.97,
      76.47
     ],
     [
      -232.4,
      78.04
     ]
    ]
   },
   "geometry": {
    "type": "LineString",
    "coordinates": [
     [
      -3.6967163,
      40.4867131
     ],
     [
      -3.6967449,
      40.486699
     ]
    ]
   }
  },
  {
   "type": "Feature",
   "properties": {
    "osm": "way/1299262858",
    "highway": "footway",
    "xy": [
     [
      -253.43,
      34.23
     ],
     [
      -251.87,
      33.0
     ]
    ]
   },
   "geometry": {
    "type": "LineString",
    "coordinates": [
     [
      -3.6969934,
      40.4870925
     ],
     [
      -3.6969749,
      40.4871036
     ]
    ]
   }
  },
  {
   "type": "Feature",
   "properties": {
    "osm": "way/1299262869",
    "footway": "sidewalk",
    "highway": "footway",
    "lit": "yes",
    "motor_vehicle": "no",
    "smoothness": "good",
    "surface": "paving_stones",
    "xy": [
     [
      -369.75,
      -177.97
     ],
     [
      -372.5,
      -177.41
     ],
     [
      -377.2,
      -175.12
     ],
     [
      -381.63,
      -171.77
     ],
     [
      -385.41,
      -166.87
     ],
     [
      -388.16,
      -161.14
     ],
     [
      -389.33,
      -156.28
     ],
     [
      -391.15,
      -145.14
     ],
     [
      -391.16,
      -137.52
     ],
     [
      -391.22,
      -99.24
     ],
     [
      -389.18,
      -93.52
     ],
     [
      -386.41,
      -90.8
     ],
     [
      -380.7,
      -92.17
     ],
     [
      -356.55,
      -101.12
     ],
     [
      -349.88,
      -101.91
     ],
     [
      -343.82,
      -100.71
     ],
     [
      -338.23,
      -98.99
     ],
     [
      -333.09,
      -95.95
     ],
     [
      -329.69,
      -92.64
     ],
     [
      -326.99,
      -89.23
     ],
     [
      -273.88,
      14.25
     ]
    ]
   },
   "geometry": {
    "type": "LineString",
    "coordinates": [
     [
      -3.6983672,
      40.4889987
     ],
     [
      -3.6983997,
      40.4889937
     ],
     [
      -3.6984553,
      40.4889731
     ],
     [
      -3.6985076,
      40.488943
     ],
     [
      -3.6985522,
      40.488899
     ],
     [
      -3.6985847,
      40.4888475
     ],
     [
      -3.6985985,
      40.4888039
     ],
     [
      -3.69862,
      40.4887038
     ],
     [
      -3.6986201,
      40.4886354
     ],
     [
      -3.6986208,
      40.4882915
     ],
     [
      -3.6985968,
      40.4882401
     ],
     [
      -3.698564,
      40.4882157
     ],
     [
      -3.6984966,
      40.488228
     ],
     [
      -3.6982113,
      40.4883084
     ],
     [
      -3.6981326,
      40.4883155
     ],
     [
      -3.698061,
      40.4883047
     ],
     [
      -3.6979949,
      40.4882892
     ],
     [
      -3.6979343,
      40.4882619
     ],
     [
      -3.6978941,
      40.4882322
     ],
     [
      -3.6978622,
      40.4882016
     ],
     [
      -3.6972349,
      40.487272
     ]
    ]
   }
  },
  {
   "type": "Feature",
   "properties": {
    "osm": "way/1299262882",
    "crossing": "uncontrolled",
    "crossing:island": "no",
    "crossing:markings": "yes",
    "footway": "crossing",
    "highway": "footway",
    "lit": "yes",
    "surface": "asphalt",
    "tactile_paving": "yes",
    "xy": [
     [
      -295.77,
      6.87
     ],
     [
      -295.73,
      5.23
     ],
     [
      -295.83,
      3.21
     ]
    ]
   },
   "geometry": {
    "type": "LineString",
    "coordinates": [
     [
      -3.6974935,
      40.4873383
     ],
     [
      -3.697493,
      40.487353
     ],
     [
      -3.6974941,
      40.4873712
     ]
    ]
   }
  },
  {
   "type": "Feature",
   "properties": {
    "osm": "way/1299262883",
    "crossing": "uncontrolled",
    "crossing:island": "no",
    "crossing:markings": "yes",
    "footway": "crossing",
    "highway": "footway",
    "lit": "yes",
    "surface": "asphalt",
    "tactile_paving": "yes",
    "xy": [
     [
      -301.45,
      -1.86
     ],
     [
      -303.0,
      -3.25
     ],
     [
      -304.25,
      -4.1
     ]
    ]
   },
   "geometry": {
    "type": "LineString",
    "coordinates": [
     [
      -3.6975605,
      40.4874167
     ],
     [
      -3.6975788,
      40.4874292
     ],
     [
      -3.6975936,
      40.4874368
     ]
    ]
   }
  },
  {
   "type": "Feature",
   "properties": {
    "osm": "way/1299262884",
    "highway": "residential",
    "lanes": "1",
    "lit": "yes",
    "maxspeed": "50",
    "name": "Calle de Fermín Caballero",
    "oneway": "yes",
    "postal_code": "28034",
    "sidewalk:left": "no",
    "sidewalk:right": "separate",
    "surface": "asphalt",
    "xy": [
     [
      -307.75,
      9.82
     ],
     [
      -309.68,
      5.54
     ],
     [
      -312.57,
      3.78
     ]
    ]
   },
   "geometry": {
    "type": "LineString",
    "coordinates": [
     [
      -3.6976349,
      40.4873118
     ],
     [
      -3.6976577,
      40.4873502
     ],
     [
      -3.6976919,
      40.487366
     ]
    ]
   }
  },
  {
   "type": "Feature",
   "properties": {
    "osm": "way/1299262885",
    "footway": "traffic_island",
    "highway": "footway",
    "surface": "paving_stones",
    "xy": [
     [
      -295.83,
      3.21
     ],
     [
      -301.45,
      -1.86
     ]
    ]
   },
   "geometry": {
    "type": "LineString",
    "coordinates": [
     [
      -3.6974941,
      40.4873712
     ],
     [
      -3.6975605,
      40.4874167
     ]
    ]
   }
  },
  {
   "type": "Feature",
   "properties": {
    "osm": "way/1299262886",
    "footway": "sidewalk",
    "highway": "footway",
    "lit": "yes",
    "motor_vehicle": "no",
    "smoothness": "good",
    "surface": "paving_stones",
    "xy": [
     [
      -295.82,
      8.94
     ],
     [
      -295.77,
      6.87
     ]
    ]
   },
   "geometry": {
    "type": "LineString",
    "coordinates": [
     [
      -3.697494,
      40.4873197
     ],
     [
      -3.6974935,
      40.4873383
     ]
    ]
   }
  },
  {
   "type": "Feature",
   "properties": {
    "osm": "way/1299262887",
    "footway": "sidewalk",
    "highway": "footway",
    "lit": "yes",
    "motor_vehicle": "no",
    "smoothness": "good",
    "surface": "paving_stones",
    "xy": [
     [
      -304.25,
      -4.1
     ],
     [
      -308.98,
      -8.2
     ]
    ]
   },
   "geometry": {
    "type": "LineString",
    "coordinates": [
     [
      -3.6975936,
      40.4874368
     ],
     [
      -3.6976495,
      40.4874737
     ]
    ]
   }
  },
  {
   "type": "Feature",
   "properties": {
    "osm": "way/1299262888",
    "footway": "sidewalk",
    "highway": "footway",
    "lit": "yes",
    "motor_vehicle": "no",
    "smoothness": "good",
    "surface": "paving_stones",
    "xy": [
     [
      -390.12,
      -33.44
     ],
     [
      -389.72,
      2.79
     ],
     [
      -388.32,
      6.8
     ],
     [
      -384.13,
      8.81
     ],
     [
      -378.67,
      8.57
     ],
     [
      -340.21,
      0.45
     ],
     [
      -313.81,
      -4.82
     ],
     [
      -311.04,
      -6.51
     ],
     [
      -308.98,
      -8.2
     ],
     [
      -307.04,
      -12.26
     ],
     [
      -306.26,
      -16.48
     ],
     [
      -307.53,
      -21.27
     ],
     [
      -320.36,
      -48.15
     ],
     [
      -338.14,
      -84.02
     ],
     [
      -341.57,
      -87.27
     ],
     [
      -346.16,
      -89.82
     ],
     [
      -352.67,
      -90.44
     ],
     [
      -357.39,
      -89.38
     ],
     [
      -383.5,
      -79.92
     ],
     [
      -387.45,
      -76.8
     ],
     [
      -390.01,
      -73.0
     ],
     [
      -390.27,
      -66.91
     ],
     [
      -390.11,
      -60.46
     ],
     [
      -390.11,
      -58.55
     ],
     [
      -390.14,
      -35.32
     ],
     [
      -390.12,
      -33.44
     ]
    ]
   },
   "geometry": {
    "type": "LineString",
    "coordinates": [
     [
      -3.6986079,
      40.4877004
     ],
     [
      -3.6986031,
      40.4873749
     ],
     [
      -3.6985866,
      40.4873389
     ],
     [
      -3.6985371,
      40.4873209
     ],
     [
      -3.6984726,
      40.487323
     ],
     [
      -3.6980184,
      40.487396
     ],
     [
      -3.6977065,
      40.4874433
     ],
     [
      -3.6976738,
      40.4874585
     ],
     [
      -3.6976495,
      40.4874737
     ],
     [
      -3.6976265,
      40.4875101
     ],
     [
      -3.6976174,
      40.487548
     ],
     [
      -3.6976324,
      40.4875911
     ],
     [
      -3.6977839,
      40.4878325
     ],
     [
      -3.6979939,
      40.4881548
     ],
     [
      -3.6980344,
      40.488184
     ],
     [
      -3.6980886,
      40.4882069
     ],
     [
      -3.6981655,
      40.4882124
     ],
     [
      -3.6982213,
      40.4882029
     ],
     [
      -3.6985296,
      40.4881179
     ],
     [
      -3.6985763,
      40.4880899
     ],
     [
      -3.6986065,
      40.4880558
     ],
     [
      -3.6986096,
      40.4880011
     ],
     [
      -3.6986077,
      40.4879431
     ],
     [
      -3.6986077,
      40.487926
     ],
     [
      -3.6986081,
      40.4877173
     ],
     [
      -3.6986079,
      40.4877004
     ]
    ]
   }
  },
  {
   "type": "Feature",
   "properties": {
    "osm": "way/1300107007",
    "access": "yes",
    "amenity": "parking",
    "capacity": "8",
    "fee": "yes",
    "parking": "street_side",
    "surface": "asphalt",
    "xy": [
     [
      [
       -347.19,
       18.7
      ],
      [
       -346.68,
       13.27
      ],
      [
       -324.63,
       8.91
      ],
      [
       -324.79,
       9.95
      ],
      [
       -325.94,
       14.37
      ],
      [
       -347.19,
       18.7
      ]
     ]
    ]
   },
   "geometry": {
    "type": "Polygon",
    "coordinates": [
     [
      [
       -3.6981008,
       40.487232
      ],
      [
       -3.6980948,
       40.4872808
      ],
      [
       -3.6978343,
       40.48732
      ],
      [
       -3.6978362,
       40.4873106
      ],
      [
       -3.6978498,
       40.4872709
      ],
      [
       -3.6981008,
       40.487232
      ]
     ]
    ]
   }
  },
  {
   "type": "Feature",
   "properties": {
    "osm": "way/1300107008",
    "access": "yes",
    "amenity": "parking",
    "capacity": "9",
    "fee": "yes",
    "parking": "street_side",
    "surface": "asphalt",
    "xy": [
     [
      [
       -340.02,
       33.55
      ],
      [
       -341.75,
       32.35
      ],
      [
       -300.12,
       7.04
      ],
      [
       -299.96,
       9.4
      ],
      [
       -340.02,
       33.55
      ]
     ]
    ]
   },
   "geometry": {
    "type": "Polygon",
    "coordinates": [
     [
      [
       -3.6980161,
       40.4870986
      ],
      [
       -3.6980365,
       40.4871094
      ],
      [
       -3.6975448,
       40.4873368
      ],
      [
       -3.6975429,
       40.4873156
      ],
      [
       -3.6980161,
       40.4870986
      ]
     ]
    ]
   }
  },
  {
   "type": "Feature",
   "properties": {
    "osm": "way/1300107010",
    "highway": "footway",
    "xy": [
     [
      -324.87,
      -47.79
     ],
     [
      -320.36,
      -48.15
     ]
    ]
   },
   "geometry": {
    "type": "LineString",
    "coordinates": [
     [
      -3.6978371,
      40.4878293
     ],
     [
      -3.6977839,
      40.4878325
     ]
    ]
   }
  },
  {
   "type": "Feature",
   "properties": {
    "osm": "way/1313473717",
    "crossing": "uncontrolled",
    "crossing:island": "no",
    "crossing:markings": "yes",
    "footway": "crossing",
    "highway": "footway",
    "lit": "yes",
    "surface": "asphalt",
    "tactile_paving": "yes",
    "xy": [
     [
      -246.15,
      235.41
     ],
     [
      -247.08,
      233.65
     ],
     [
      -247.82,
      231.95
     ]
    ]
   },
   "geometry": {
    "type": "LineString",
    "coordinates": [
     [
      -3.6969074,
      40.4852853
     ],
     [
      -3.6969184,
      40.4853011
     ],
     [
      -3.6969271,
      40.4853164
     ]
    ]
   }
  },
  {
   "type": "Feature",
   "properties": {
    "osm": "way/1313473718",
    "footway": "sidewalk",
    "highway": "footway",
    "lit": "yes",
    "motor_vehicle": "no",
    "smoothness": "good",
    "surface": "paving_stones",
    "xy": [
     [
      -250.68,
      226.83
     ],
     [
      -247.82,
      231.95
     ]
    ]
   },
   "geometry": {
    "type": "LineString",
    "coordinates": [
     [
      -3.6969609,
      40.4853624
     ],
     [
      -3.6969271,
      40.4853164
     ]
    ]
   }
  },
  {
   "type": "Feature",
   "properties": {
    "osm": "way/1314899354",
    "covered": "no",
    "dog": "leashed",
    "foot": "yes",
    "footway": "sidewalk",
    "highway": "footway",
    "informal": "no",
    "lit": "yes",
    "oneway": "no",
    "smoothness": "good",
    "stroller": "yes",
    "surface": "paving_stones",
    "tactile_paving": "yes",
    "wheelchair": "yes",
    "xy": [
     [
      152.37,
      -217.42
     ],
     [
      155.42,
      -217.46
     ]
    ]
   },
   "geometry": {
    "type": "LineString",
    "coordinates": [
     [
      -3.6922003,
      40.4893531
     ],
     [
      -3.6921643,
      40.4893535
     ]
    ]
   }
  },
  {
   "type": "Feature",
   "properties": {
    "osm": "way/1314899355",
    "covered": "no",
    "dog": "leashed",
    "foot": "yes",
    "footway": "sidewalk",
    "highway": "footway",
    "informal": "no",
    "lit": "yes",
    "oneway": "no",
    "smoothness": "good",
    "stroller": "yes",
    "surface": "paving_stones",
    "tactile_paving": "yes",
    "wheelchair": "yes",
    "xy": [
     [
      160.9,
      -223.33
     ],
     [
      160.84,
      -227.49
     ]
    ]
   },
   "geometry": {
    "type": "LineString",
    "coordinates": [
     [
      -3.6920995,
      40.4894062
     ],
     [
      -3.6921003,
      40.4894436
     ]
    ]
   }
  },
  {
   "type": "Feature",
   "properties": {
    "osm": "way/1314899356",
    "covered": "no",
    "dog": "leashed",
    "foot": "yes",
    "footway": "sidewalk",
    "highway": "footway",
    "informal": "no",
    "lit": "yes",
    "oneway": "no",
    "smoothness": "good",
    "stroller": "yes",
    "surface": "paving_stones",
    "tactile_paving": "yes",
    "wheelchair": "yes",
    "xy": [
     [
      160.72,
      -232.54
     ],
     [
      160.68,
      -235.6
     ]
    ]
   },
   "geometry": {
    "type": "LineString",
    "coordinates": [
     [
      -3.6921017,
      40.4894889
     ],
     [
      -3.6921022,
      40.4895164
     ]
    ]
   }
  },
  {
   "type": "Feature",
   "properties": {
    "osm": "way/1314899359",
    "covered": "no",
    "dog": "leashed",
    "foot": "yes",
    "footway": "sidewalk",
    "highway": "footway",
    "informal": "no",
    "lit": "yes",
    "oneway": "no",
    "smoothness": "good",
    "stroller": "yes",
    "surface": "paving_stones",
    "tactile_paving": "yes",
    "wheelchair": "yes",
    "xy": [
     [
      144.58,
      -217.35
     ],
     [
      148.85,
      -217.37
     ]
    ]
   },
   "geometry": {
    "type": "LineString",
    "coordinates": [
     [
      -3.6922923,
      40.4893525
     ],
     [
      -3.6922419,
      40.4893527
     ]
    ]
   }
  },
  {
   "type": "Feature",
   "properties": {
    "osm": "way/1314899376",
    "footway": "sidewalk",
    "highway": "footway",
    "lit": "yes",
    "smoothness": "good",
    "surface": "paving_stones",
    "xy": [
     [
      20.45,
      -110.73
     ],
     [
      19.41,
      -171.5
     ],
     [
      18.47,
      -219.51
     ],
     [
      18.12,
      -220.74
     ],
     [
      17.45,
      -221.44
     ],
     [
      16.29,
      -222.23
     ],
     [
      -26.26,
      -222.03
     ],
     [
      -26.28,
      -237.22
     ],
     [
      -25.02,
      -237.23
     ],
     [
      -21.89,
      -237.25
     ]
    ]
   },
   "geometry": {
    "type": "LineString",
    "coordinates": [
     [
      -3.6937584,
      40.4883947
     ],
     [
      -3.6937708,
      40.4889406
     ],
     [
      -3.6937819,
      40.4893719
     ],
     [
      -3.693786,
      40.4893829
     ],
     [
      -3.6937939,
      40.4893892
     ],
     [
      -3.6938076,
      40.4893963
     ],
     [
      -3.6943102,
      40.4893945
     ],
     [
      -3.6943104,
      40.489531
     ],
     [
      -3.6942955,
      40.4895311
     ],
     [
      -3.6942586,
      40.4895312
     ]
    ]
   }
  },
  {
   "type": "Feature",
   "properties": {
    "osm": "way/1314899377",
    "footway": "sidewalk",
    "highway": "footway",
    "smoothness": "good",
    "xy": [
     [
      32.94,
      -111.1
     ],
     [
      28.88,
      -110.97
     ]
    ]
   },
   "geometry": {
    "type": "LineString",
    "coordinates": [
     [
      -3.6936109,
      40.488398
     ],
     [
      -3.6936589,
      40.4883969
     ]
    ]
   }
  },
  {
   "type": "Feature",
   "properties": {
    "osm": "way/1314899378",
    "footway": "sidewalk",
    "highway": "footway",
    "smoothness": "good",
    "xy": [
     [
      23.88,
      -110.84
     ],
     [
      20.45,
      -110.73
     ]
    ]
   },
   "geometry": {
    "type": "LineString",
    "coordinates": [
     [
      -3.6937179,
      40.4883957
     ],
     [
      -3.6937584,
      40.4883947
     ]
    ]
   }
  },
  {
   "type": "Feature",
   "properties": {
    "osm": "way/1331535210",
    "highway": "service",
    "xy": [
     [
      178.23,
      28.24
     ],
     [
      174.55,
      24.13
     ]
    ]
   },
   "geometry": {
    "type": "LineString",
    "coordinates": [
     [
      -3.6918949,
      40.4871463
     ],
     [
      -3.6919383,
      40.4871832
     ]
    ]
   }
  },
  {
   "type": "Feature",
   "properties": {
    "osm": "way/1331535211",
    "highway": "service",
    "xy": [
     [
      145.45,
      -61.11
     ],
     [
      166.2,
      -35.42
     ]
    ]
   },
   "geometry": {
    "type": "LineString",
    "coordinates": [
     [
      -3.692282,
      40.487949
     ],
     [
      -3.6920369,
      40.4877182
     ]
    ]
   }
  },
  {
   "type": "Feature",
   "properties": {
    "osm": "way/1331535212",
    "highway": "service",
    "xy": [
     [
      128.31,
      -57.49
     ],
     [
      155.4,
      -26.86
     ]
    ]
   },
   "geometry": {
    "type": "LineString",
    "coordinates": [
     [
      -3.6924845,
      40.4879164
     ],
     [
      -3.6921645,
      40.4876413
     ]
    ]
   }
  },
  {
   "type": "Feature",
   "properties": {
    "osm": "way/1331535213",
    "highway": "service",
    "xy": [
     [
      174.55,
      24.13
     ],
     [
      173.28,
      22.74
     ],
     [
      143.18,
      -13.43
     ],
     [
      142.73,
      -15.24
     ],
     [
      143.18,
      -17.18
     ],
     [
      155.4,
      -26.86
     ],
     [
      166.2,
      -35.42
     ],
     [
      178.27,
      -44.76
     ]
    ]
   },
   "geometry": {
    "type": "LineString",
    "coordinates": [
     [
      -3.6919383,
      40.4871832
     ],
     [
      -3.6919533,
      40.4871957
     ],
     [
      -3.6923088,
      40.4875206
     ],
     [
      -3.6923142,
      40.4875369
     ],
     [
      -3.6923088,
      40.4875543
     ],
     [
      -3.6921645,
      40.4876413
     ],
     [
      -3.6920369,
      40.4877182
     ],
     [
      -3.6918944,
      40.4878021
     ]
    ]
   }
  },
  {
   "type": "Feature",
   "properties": {
    "osm": "way/1331948135",
    "highway": "residential",
    "lanes": "1",
    "lit": "yes",
    "maxspeed": "40",
    "maxspeed:type": "sign",
    "name": "Calle de San Modesto",
    "oneway": "yes",
    "postal_code": "28034",
    "sidewalk:left": "no",
    "surface": "asphalt",
    "xy": [
     [
      -162.39,
      20.13
     ],
     [
      -169.72,
      10.33
     ]
    ]
   },
   "geometry": {
    "type": "LineString",
    "coordinates": [
     [
      -3.695918,
      40.4872192
     ],
     [
      -3.6960046,
      40.4873072
     ]
    ]
   }
  },
  {
   "type": "Feature",
   "properties": {
    "osm": "way/1334226748",
    "highway": "residential",
    "lanes": "1",
    "lit": "yes",
    "maxspeed": "40",
    "maxspeed:type": "sign",
    "name": "Calle de San Modesto",
    "oneway": "yes",
    "postal_code": "28034",
    "sidewalk:left": "no",
    "sidewalk:right": "separate",
    "surface": "asphalt",
    "turn:lanes": "through;right",
    "xy": [
     [
      -127.94,
      62.21
     ],
     [
      -136.24,
      50.42
     ],
     [
      -155.86,
      27.59
     ]
    ]
   },
   "geometry": {
    "type": "LineString",
    "coordinates": [
     [
      -3.6955111,
      40.4868412
     ],
     [
      -3.6956092,
      40.4869471
     ],
     [
      -3.6958409,
      40.4871522
     ]
    ]
   }
  },
  {
   "type": "Feature",
   "properties": {
    "osm": "way/1347201155",
    "highway": "footway",
    "indoor": "yes",
    "xy": [
     [
      248.46,
      -154.65
     ],
     [
      249.47,
      -153.35
     ]
    ]
   },
   "geometry": {
    "type": "LineString",
    "coordinates": [
     [
      -3.6910654,
      40.4887892
     ],
     [
      -3.6910534,
      40.4887776
     ]
    ]
   }
  },
  {
   "type": "Feature",
   "properties": {
    "osm": "way/1347201156",
    "crossing": "uncontrolled",
    "crossing:island": "no",
    "crossing:markings": "zebra",
    "footway": "crossing",
    "highway": "footway",
    "surface": "asphalt",
    "tactile_paving": "yes",
    "xy": [
     [
      292.24,
      -118.73
     ],
     [
      295.99,
      -118.86
     ],
     [
      299.89,
      -119.02
     ]
    ]
   },
   "geometry": {
    "type": "LineString",
    "coordinates": [
     [
      -3.6905482,
      40.4884666
     ],
     [
      -3.6905039,
      40.4884677
     ],
     [
      -3.6904579,
      40.4884692
     ]
    ]
   }
  },
  {
   "type": "Feature",
   "properties": {
    "osm": "way/1347201160",
    "building": "roof",
    "layer": "1",
    "xy": [
     [
      [
       285.28,
       -118.12
      ],
      [
       285.39,
       -109.35
      ],
      [
       266.4,
       -109.39
      ],
      [
       266.33,
       -118.07
      ],
      [
       285.28,
       -118.12
      ]
     ]
    ]
   },
   "geometry": {
    "type": "Polygon",
    "coordinates": [
     [
      [
       -3.6906304,
       40.4884611
      ],
      [
       -3.6906291,
       40.4883823
      ],
      [
       -3.6908535,
       40.4883827
      ],
      [
       -3.6908543,
       40.4884606
      ],
      [
       -3.6906304,
       40.4884611
      ]
     ]
    ]
   }
  },
  {
   "type": "Feature",
   "properties": {
    "osm": "way/1349166100",
    "highway": "residential",
    "junction": "roundabout",
    "lanes": "2",
    "lit": "yes",
    "maxspeed:type": "ES:urban",
    "postal_code": "28034",
    "sidewalk": "no",
    "surface": "asphalt",
    "xy": [
     [
      -259.94,
      -189.43
     ],
     [
      -264.52,
      -187.95
     ],
     [
      -268.5,
      -185.27
     ],
     [
      -271.58,
      -181.6
     ],
     [
      -273.71,
      -176.45
     ]
    ]
   },
   "geometry": {
    "type": "LineString",
    "coordinates": [
     [
      -3.6970703,
      40.4891017
     ],
     [
      -3.6971243,
      40.4890884
     ],
     [
      -3.6971713,
      40.4890643
     ],
     [
      -3.6972077,
      40.4890313
     ],
     [
      -3.6972329,
      40.4889851
     ]
    ]
   }
  },
  {
   "type": "Feature",
   "properties": {
    "osm": "way/1382581710",
    "footway": "sidewalk",
    "highway": "footway",
    "xy": [
     [
      -282.47,
      -192.08
     ],
     [
      -281.88,
      -194.57
     ],
     [
      -281.64,
      -198.98
     ],
     [
      -282.32,
      -203.03
     ],
     [
      -283.73,
      -206.13
     ],
     [
      -321.3,
      -271.94
     ],
     [
      -325.19,
      -278.31
     ],
     [
      -327.03,
      -280.96
     ]
    ]
   },
   "geometry": {
    "type": "LineString",
    "coordinates": [
     [
      -3.6973363,
      40.4891255
     ],
     [
      -3.6973294,
      40.4891478
     ],
     [
      -3.6973265,
      40.4891875
     ],
     [
      -3.6973346,
      40.4892238
     ],
     [
      -3.6973512,
      40.4892517
     ],
     [
      -3.697795,
      40.4898429
     ],
     [
      -3.6978409,
      40.4899001
     ],
     [
      -3.6978627,
      40.4899239
     ]
    ]
   }
  },
  {
   "type": "Feature",
   "properties": {
    "osm": "way/1435699055",
    "covered": "no",
    "crossing:island": "no",
    "crossing:markings": "zebra",
    "dog": "leashed",
    "foot": "yes",
    "footway": "sidewalk",
    "highway": "footway",
    "informal": "no",
    "lit": "yes",
    "oneway": "no",
    "smoothness": "good",
    "stroller": "yes",
    "surface": "paving_stones",
    "tactile_paving": "yes",
    "wheelchair": "yes",
    "xy": [
     [
      139.75,
      -223.82
     ],
     [
      139.75,
      -225.26
     ]
    ]
   },
   "geometry": {
    "type": "LineString",
    "coordinates": [
     [
      -3.6923494,
      40.4894106
     ],
     [
      -3.6923494,
      40.4894235
     ]
    ]
   }
  },
  {
   "type": "Feature",
   "properties": {
    "osm": "relation/13037178",
    "addr:housenumber": "50",
    "building": "hospital",
    "designation": "Hospital Ramón y Cajal",
    "emergency": "yes",
    "type": "multipolygon",
    "id": "edificio-principal",
    "nombre": "Edificio Principal",
    "categoria": "principal",
    "plantas": 18,
    "rotular": true,
    "xy": [
     [
      [
       [
        69.41,
        6.29
       ],
       [
        82.01,
        3.66
       ],
       [
        79.99,
        -4.95
       ],
       [
        78.2,
        -4.54
       ],
       [
        77.3,
        -4.33
       ],
       [
        74.74,
        -15.26
       ],
       [
        69.17,
        -14.1
       ],
       [
        63.86,
        -13.0
       ],
       [
        57.29,
        -11.63
       ],
       [
        56.5,
        -19.25
       ],
       [
        56.12,
        -24.84
       ],
       [
        12.22,
        -27.08
       ],
       [
        10.94,
        -27.13
       ],
       [
        -7.08,
        -27.76
       ],
       [
        -9.04,
        -27.83
       ],
       [
        -54.2,
        -28.64
       ],
       [
        -54.92,
        -15.57
       ],
       [
        -72.64,
        -20.58
       ],
       [
        -75.29,
        -8.73
       ],
       [
        -78.76,
        -9.5
       ],
       [
        -80.41,
        -2.06
       ],
       [
        -66.31,
        2.34
       ],
       [
        -75.15,
        31.01
       ],
       [
        -108.62,
        21.18
       ],
       [
        -117.04,
        51.07
       ],
       [
        -83.91,
        60.91
       ],
       [
        -70.49,
        64.91
       ],
       [
        -71.94,
        70.04
       ],
       [
        -78.53,
        93.62
       ],
       [
        -58.99,
        104.22
       ],
       [
        -57.22,
        100.72
       ],
       [
        -45.13,
        101.31
       ],
       [
        -45.16,
        102.56
       ],
       [
        -44.94,
        103.75
       ],
       [
        -44.07,
        105.13
       ],
       [
        -42.5,
        105.81
       ],
       [
        -38.9,
        105.92
       ],
       [
        -38.87,
        102.71
       ],
       [
        -23.93,
        103.18
       ],
       [
        12.95,
        104.05
       ],
       [
        69.41,
        6.29
       ]
      ],
      [
       [
        -45.75,
        8.83
       ],
       [
        -54.86,
        38.03
       ],
       [
        -32.54,
        44.37
       ],
       [
        -11.4,
        44.97
       ],
       [
        -11.1,
        15.33
       ],
       [
        -18.19,
        15.18
       ],
       [
        -18.27,
        39.3
       ],
       [
        -32.23,
        39.15
       ],
       [
        -47.17,
        34.3
       ],
       [
        -39.56,
        10.62
       ],
       [
        -45.75,
        8.83
       ]
      ],
      [
       [
        10.41,
        15.55
       ],
       [
        10.1,
        45.57
       ],
       [
        33.1,
        46.32
       ],
       [
        52.36,
        42.28
       ],
       [
        46.1,
        12.27
       ],
       [
        39.83,
        13.76
       ],
       [
        44.9,
        36.61
       ],
       [
        31.01,
        40.49
       ],
       [
        16.53,
        39.6
       ],
       [
        17.12,
        15.7
       ],
       [
        10.41,
        15.55
       ]
      ]
     ],
     [
      [
       [
        12.95,
        104.05
       ],
       [
        12.84,
        106.89
       ],
       [
        12.09,
        122.23
       ],
       [
        27.63,
        122.59
       ],
       [
        28.51,
        125.7
       ],
       [
        44.37,
        121.91
       ],
       [
        39.98,
        106.46
       ],
       [
        36.91,
        107.12
       ],
       [
        32.93,
        91.65
       ],
       [
        21.94,
        91.32
       ],
       [
        21.98,
        76.18
       ],
       [
        43.37,
        75.3
       ],
       [
        60.16,
        71.22
       ],
       [
        81.85,
        65.91
       ],
       [
        108.63,
        59.47
       ],
       [
        113.6,
        58.26
       ],
       [
        118.2,
        58.63
       ],
       [
        127.61,
        47.39
       ],
       [
        118.17,
        38.81
       ],
       [
        111.88,
        45.14
       ],
       [
        108.05,
        28.34
       ],
       [
        87.98,
        33.25
       ],
       [
        85.11,
        20.78
       ],
       [
        82.78,
        10.72
       ],
       [
        71.07,
        13.29
       ],
       [
        12.95,
        104.05
       ]
      ],
      [
       [
        -45.75,
        8.83
       ],
       [
        -54.86,
        38.03
       ],
       [
        -32.54,
        44.37
       ],
       [
        -11.4,
        44.97
       ],
       [
        -11.1,
        15.33
       ],
       [
        -18.19,
        15.18
       ],
       [
        -18.27,
        39.3
       ],
       [
        -32.23,
        39.15
       ],
       [
        -47.17,
        34.3
       ],
       [
        -39.56,
        10.62
       ],
       [
        -45.75,
        8.83
       ]
      ],
      [
       [
        10.41,
        15.55
       ],
       [
        10.1,
        45.57
       ],
       [
        33.1,
        46.32
       ],
       [
        52.36,
        42.28
       ],
       [
        46.1,
        12.27
       ],
       [
        39.83,
        13.76
       ],
       [
        44.9,
        36.61
       ],
       [
        31.01,
        40.49
       ],
       [
        16.53,
        39.6
       ],
       [
        17.12,
        15.7
       ],
       [
        10.41,
        15.55
       ]
      ]
     ],
     [
      [
       [
        71.07,
        13.29
       ],
       [
        70.18,
        9.72
       ],
       [
        69.41,
        6.29
       ],
       [
        71.07,
        13.29
       ]
      ],
      [
       [
        -45.75,
        8.83
       ],
       [
        -54.86,
        38.03
       ],
       [
        -32.54,
        44.37
       ],
       [
        -11.4,
        44.97
       ],
       [
        -11.1,
        15.33
       ],
       [
        -18.19,
        15.18
       ],
       [
        -18.27,
        39.3
       ],
       [
        -32.23,
        39.15
       ],
       [
        -47.17,
        34.3
       ],
       [
        -39.56,
        10.62
       ],
       [
        -45.75,
        8.83
       ]
      ],
      [
       [
        10.41,
        15.55
       ],
       [
        10.1,
        45.57
       ],
       [
        33.1,
        46.32
       ],
       [
        52.36,
        42.28
       ],
       [
        46.1,
        12.27
       ],
       [
        39.83,
        13.76
       ],
       [
        44.9,
        36.61
       ],
       [
        31.01,
        40.49
       ],
       [
        16.53,
        39.6
       ],
       [
        17.12,
        15.7
       ],
       [
        10.41,
        15.55
       ]
      ]
     ]
    ]
   },
   "geometry": {
    "type": "MultiPolygon",
    "coordinates": [
     [
      [
       [
        -3.6931802,
        40.4873435
       ],
       [
        -3.6930314,
        40.4873671
       ],
       [
        -3.6930552,
        40.4874445
       ],
       [
        -3.6930764,
        40.4874408
       ],
       [
        -3.693087,
        40.4874389
       ],
       [
        -3.6931172,
        40.4875371
       ],
       [
        -3.693183,
        40.4875267
       ],
       [
        -3.6932457,
        40.4875168
       ],
       [
        -3.6933233,
        40.4875045
       ],
       [
        -3.6933326,
        40.4875729
       ],
       [
        -3.6933372,
        40.4876231
       ],
       [
        -3.6938557,
        40.4876433
       ],
       [
        -3.6938708,
        40.4876437
       ],
       [
        -3.6940836,
        40.4876494
       ],
       [
        -3.6941068,
        40.48765
       ],
       [
        -3.6946402,
        40.4876573
       ],
       [
        -3.6946487,
        40.4875399
       ],
       [
        -3.694858,
        40.4875849
       ],
       [
        -3.6948893,
        40.4874784
       ],
       [
        -3.6949303,
        40.4874853
       ],
       [
        -3.6949497,
        40.4874185
       ],
       [
        -3.6947832,
        40.487379
       ],
       [
        -3.6948876,
        40.4871214
       ],
       [
        -3.6952829,
        40.4872097
       ],
       [
        -3.6953824,
        40.4869412
       ],
       [
        -3.6949911,
        40.4868528
       ],
       [
        -3.6948326,
        40.4868169
       ],
       [
        -3.6948497,
        40.4867708
       ],
       [
        -3.6949276,
        40.486559
       ],
       [
        -3.6946967,
        40.4864638
       ],
       [
        -3.6946759,
        40.4864952
       ],
       [
        -3.6945331,
        40.4864899
       ],
       [
        -3.6945334,
        40.4864787
       ],
       [
        -3.6945308,
        40.486468
       ],
       [
        -3.6945205,
        40.4864556
       ],
       [
        -3.694502,
        40.4864495
       ],
       [
        -3.6944595,
        40.4864485
       ],
       [
        -3.6944591,
        40.4864773
       ],
       [
        -3.6942826,
        40.4864731
       ],
       [
        -3.693847,
        40.4864653
       ],
       [
        -3.6931802,
        40.4873435
       ]
      ],
      [
       [
        -3.6945404,
        40.4873207
       ],
       [
        -3.694648,
        40.4870584
       ],
       [
        -3.6943843,
        40.4870014
       ],
       [
        -3.6941347,
        40.486996
       ],
       [
        -3.6941311,
        40.4872623
       ],
       [
        -3.6942149,
        40.4872636
       ],
       [
        -3.6942158,
        40.487047
       ],
       [
        -3.6943807,
        40.4870483
       ],
       [
        -3.6945571,
        40.4870919
       ],
       [
        -3.6944672,
        40.4873046
       ],
       [
        -3.6945404,
        40.4873207
       ]
      ],
      [
       [
        -3.6938771,
        40.4872603
       ],
       [
        -3.6938807,
        40.4869906
       ],
       [
        -3.693609,
        40.4869839
       ],
       [
        -3.6933815,
        40.4870202
       ],
       [
        -3.6934555,
        40.4872898
       ],
       [
        -3.6935296,
        40.4872764
       ],
       [
        -3.6934697,
        40.4870711
       ],
       [
        -3.6936337,
        40.4870363
       ],
       [
        -3.6938048,
        40.4870443
       ],
       [
        -3.6937978,
        40.487259
       ],
       [
        -3.6938771,
        40.4872603
       ]
      ]
     ],
     [
      [
       [
        -3.693847,
        40.4864653
       ],
       [
        -3.6938483,
        40.4864398
       ],
       [
        -3.6938572,
        40.486302
       ],
       [
        -3.6936737,
        40.4862988
       ],
       [
        -3.6936632,
        40.4862708
       ],
       [
        -3.6934759,
        40.4863049
       ],
       [
        -3.6935278,
        40.4864437
       ],
       [
        -3.693564,
        40.4864377
       ],
       [
        -3.693611,
        40.4865767
       ],
       [
        -3.6937408,
        40.4865797
       ],
       [
        -3.6937404,
        40.4867157
       ],
       [
        -3.6934877,
        40.4867236
       ],
       [
        -3.6932894,
        40.4867602
       ],
       [
        -3.6930332,
        40.4868079
       ],
       [
        -3.6927169,
        40.4868658
       ],
       [
        -3.6926582,
        40.4868766
       ],
       [
        -3.6926039,
        40.4868733
       ],
       [
        -3.6924927,
        40.4869743
       ],
       [
        -3.6926042,
        40.4870514
       ],
       [
        -3.6926785,
        40.4869945
       ],
       [
        -3.6927238,
        40.4871454
       ],
       [
        -3.6929608,
        40.4871013
       ],
       [
        -3.6929947,
        40.4872133
       ],
       [
        -3.6930222,
        40.4873037
       ],
       [
        -3.6931606,
        40.4872806
       ],
       [
        -3.693847,
        40.4864653
       ]
      ],
      [
       [
        -3.6945404,
        40.4873207
       ],
       [
        -3.694648,
        40.4870584
       ],
       [
        -3.6943843,
        40.4870014
       ],
       [
        -3.6941347,
        40.486996
       ],
       [
        -3.6941311,
        40.4872623
       ],
       [
        -3.6942149,
        40.4872636
       ],
       [
        -3.6942158,
        40.487047
       ],
       [
        -3.6943807,
        40.4870483
       ],
       [
        -3.6945571,
        40.4870919
       ],
       [
        -3.6944672,
        40.4873046
       ],
       [
        -3.6945404,
        40.4873207
       ]
      ],
      [
       [
        -3.6938771,
        40.4872603
       ],
       [
        -3.6938807,
        40.4869906
       ],
       [
        -3.693609,
        40.4869839
       ],
       [
        -3.6933815,
        40.4870202
       ],
       [
        -3.6934555,
        40.4872898
       ],
       [
        -3.6935296,
        40.4872764
       ],
       [
        -3.6934697,
        40.4870711
       ],
       [
        -3.6936337,
        40.4870363
       ],
       [
        -3.6938048,
        40.4870443
       ],
       [
        -3.6937978,
        40.487259
       ],
       [
        -3.6938771,
        40.4872603
       ]
      ]
     ],
     [
      [
       [
        -3.6931606,
        40.4872806
       ],
       [
        -3.6931711,
        40.4873127
       ],
       [
        -3.6931802,
        40.4873435
       ],
       [
        -3.6931606,
        40.4872806
       ]
      ],
      [
       [
        -3.6945404,
        40.4873207
       ],
       [
        -3.694648,
        40.4870584
       ],
       [
        -3.6943843,
        40.4870014
       ],
       [
        -3.6941347,
        40.486996
       ],
       [
        -3.6941311,
        40.4872623
       ],
       [
        -3.6942149,
        40.4872636
       ],
       [
        -3.6942158,
        40.487047
       ],
       [
        -3.6943807,
        40.4870483
       ],
       [
        -3.6945571,
        40.4870919
       ],
       [
        -3.6944672,
        40.4873046
       ],
       [
        -3.6945404,
        40.4873207
       ]
      ],
      [
       [
        -3.6938771,
        40.4872603
       ],
       [
        -3.6938807,
        40.4869906
       ],
       [
        -3.693609,
        40.4869839
       ],
       [
        -3.6933815,
        40.4870202
       ],
       [
        -3.6934555,
        40.4872898
       ],
       [
        -3.6935296,
        40.4872764
       ],
       [
        -3.6934697,
        40.4870711
       ],
       [
        -3.6936337,
        40.4870363
       ],
       [
        -3.6938048,
        40.4870443
       ],
       [
        -3.6937978,
        40.487259
       ],
       [
        -3.6938771,
        40.4872603
       ]
      ]
     ]
    ]
   }
  }
 ]
}